id,text,gold_label,pred_label,pred_text,confidence,raw_prediction_text,model_name
483,"This has happened to me with the girls I tried to connect with irl as well as FA ""lonely"" girls from this very sub",0,2,neutral,0.9989997744560242,logit_class_2,bert_finetune
628,E' un fan esperto di sbirciare qui! Non ho intenzione di attaccare o difendere voglio solo dire che i bambini una piccola puttana,0,1,positive,0.6571306586265564,logit_class_1,bert_finetune
1450,"Tu te rends compte, par les lèvres flamboyantes. Mais il n'est pas vraiment ruiné parce que nous avons fini / sont toujours en bons termes. Ça rend mon cœur lourd.",0,2,neutral,0.7132921814918518,logit_class_2,bert_finetune
1457,Ecco un bel video introduttivo per,2,1,positive,0.9593100547790527,logit_class_1,bert_finetune
2152,It's bizarre that it's considered normal to intentionally brainwash people into murdering psychos.,0,2,neutral,0.7240297794342041,logit_class_2,bert_finetune
2480,"Ich weiß, dass wenn ich Dinge bespreche, über die ich zelte, um besessen zu sein, oder Dinge, die dazu neigen, mein Geist zu sein, ich das Gefühl habe, als ob sie sich fragt, warum das mich stört und mich das Gefühl gibt, dass es nicht wichtig ist",1,0,negative,0.9966663718223572,logit_class_0,bert_finetune
3058,"Bene, la linea aerea ha perso i miei bagagli sul volo di ritorno e poi ho perso il mio bagaglio su borsa quando stavo affrontando con gli ufficiali in carica. Ho lasciato l'aeroporto tre ore più tardi di quanto mi aspettassi e poi sono stato catturato in un ingorgo. Quando finalmente sono tornato a casa, ero completamente esausto. Ma ho scoperto che l'ascensore era fuori servizio a causa di un blackout.",0,2,neutral,0.976769208908081,logit_class_2,bert_finetune
3399,Se le entregaron flores a alguien por haber traído una comida a una nueva madre en un día que se sentía abrumada y ahora estoy perplejo tratando de recordar lo que se ha hecho.,0,2,neutral,0.5373907089233398,logit_class_2,bert_finetune
3539,You're welcome . Turn the application in at Window B .,1,2,neutral,0.9909056425094604,logit_class_2,bert_finetune
5801,Était-ce l'amour au premier coup de foudre?,1,2,neutral,0.9227838516235352,logit_class_2,bert_finetune
6007,[NAME] n'est pas assez bon pour se mettre en colère.,0,2,neutral,0.8059751391410828,logit_class_2,bert_finetune
6092,"Personne ne vient ici, c'est cool.",1,2,neutral,0.8187768459320068,logit_class_2,bert_finetune
6222,Je n'avais jamais fait auparavant et honnêtement je ne savais pas tout à fait ce que je faisais jusqu'à la deuxième ou troisième semaine de production a créé un sentiment initial d'intimidation et de nervosité qui m'a empêché d'être plus extraverti et détendu,0,1,positive,0.8269567489624023,logit_class_1,bert_finetune
6880,Ich bin bereit. Er kann jederzeit kommen.,1,2,neutral,0.7945266366004944,logit_class_2,bert_finetune
7155,"Ich bin wirklich high und lachte zu hart bei diesem Video, normalerweise würde ich mich wirklich schlecht für den alten Kerl fühlen.",1,0,negative,0.9502450823783875,logit_class_0,bert_finetune
7279,"Well unless you have an audio recording, people are gonna struggle to diagnose it for you any further I’m sorry.",2,0,negative,0.6079030632972717,logit_class_0,bert_finetune
7536,Großartig. Hier ist meine Visa-Kreditkarte.,1,2,neutral,0.9176403880119324,logit_class_2,bert_finetune
7584,Je ne peux pas m'empêcher de sentir une depuis de l'impuissance tourner en moi la mort ne se soucie pas combien vous entendiez pour les gens à quel point joli talent vous où ou grande vos ambitions de vie sont,1,0,negative,0.6993737816810608,logit_class_0,bert_finetune
8445,"Il y avait des choses que j'aimais, des choses que je n'aimais pas et des choses qui m'ont fait frémir.",1,0,negative,0.9514128565788269,logit_class_0,bert_finetune
8594,Vuoi dire le cose rosse? Sono rose.,1,2,neutral,0.9593988060951233,logit_class_2,bert_finetune
8838,"La parte divertente è C'ISNT un muro (ma forse dovrebbe essere) e ci SONO già un sacco di leggi ""sensibili"" della pistola",1,2,neutral,0.8810591101646423,logit_class_2,bert_finetune
9068,What's that ?,1,2,neutral,0.9774043560028076,logit_class_2,bert_finetune
9516,I'm getting old. :/,0,2,neutral,0.7680529356002808,logit_class_2,bert_finetune
9725,Je suis désolé pour le héros.,2,0,negative,0.505073606967926,logit_class_0,bert_finetune
10005,"Non la conosco bene, ma mi sembra strano aver conosciuto qualcuno che è scomparso.",0,2,neutral,0.5218964219093323,logit_class_2,bert_finetune
10627,"Ah, se solo potessi abbracciare una donna bella e comprensiva e piangere tutta la mia depressione intorno al suo collo.",0,1,positive,0.4870477318763733,logit_class_1,bert_finetune
10777,J'espère qu'il aidera au moins à faire savoir à quelqu'un qu'il n'est pas le seul à ressentir l'étrange mélange d'émotions qui vient avec des platitudes auditives quelque chose que je sais rebecca a écrit avant aussi bien,2,0,negative,0.5062375664710999,logit_class_0,bert_finetune
10903,Parler d'une pièce de monnaie de merde de l'école.,0,2,neutral,0.7372174859046936,logit_class_2,bert_finetune
11399,"Non, c'est pas vrai. Il m'a dit que je suis enceinte!",1,2,neutral,0.7494397759437561,logit_class_2,bert_finetune
11606,Me siento tan increíble sobre la vida cuando estoy allí,1,2,neutral,0.523113489151001,logit_class_2,bert_finetune
11943,Très bien. Nous aurons des fruits de mer et des légumes.,1,2,neutral,0.9803903698921204,logit_class_2,bert_finetune
12017,"J'espère que ce n'est pas faux, que les blessures cicatrisent.",0,2,neutral,0.5110774636268616,logit_class_2,bert_finetune
12278,"ich will mich nicht beschweren, während ich andere wundervolle Facetten in meinem Leben habe mein Karriereleben scheint in sputter Stimmung zu sein und ich fühle mich ein wenig aufgeregter darüber heute",0,1,positive,0.8042970299720764,logit_class_1,bert_finetune
12649,"WHEN I DO BEGIN TO PEAK, ALL OF [NAME] WILL KNOW!",0,2,neutral,0.9612696170806885,logit_class_2,bert_finetune
12674,i have lost the day and i feel weird,0,2,neutral,0.5705921053886414,logit_class_2,bert_finetune
12692,Il est temps que je parte.,1,2,neutral,0.9477546811103821,logit_class_2,bert_finetune
12950,"So che tutto funzionerà da solo, ma a volte mi sento sopraffatto",2,0,negative,0.5382937788963318,logit_class_0,bert_finetune
13108,I think im just going it up to having my first official day of feeling somety nostalgy of housing for the little comforts of Canadian life,0,1,positive,0.9519515037536621,logit_class_1,bert_finetune
13186,"Oui, c'est de la merde et les gens qui suivent tout pensent que c'est cool, ennuyé.",2,0,negative,0.5897384881973267,logit_class_0,bert_finetune
13406,"Nessun problema, signora. Dovrei controllare anche l'aria nel pneumatico di scorta?",1,2,neutral,0.9894090890884399,logit_class_2,bert_finetune
13529,"A volte il topo attacca il serpente! Penso che dovresti iniziare ad uscire con lui, se diventera' uno stronzo.",2,0,negative,0.6741563081741333,logit_class_0,bert_finetune
14369,i want to wear all of my cute outfits and feel amazing in them,1,2,neutral,0.5299692153930664,logit_class_2,bert_finetune
15110,Eres bueno.,2,1,positive,0.5756710171699524,logit_class_1,bert_finetune
15753,A veces me siento completamente abrumado.,0,2,neutral,0.5803619027137756,logit_class_2,bert_finetune
16247,Je me suis assis à côté de lui dans le bus et je n'ai pas pu m'aider mais je me sens un peu mal à l'aise qui id a arrêté son jeu d'éviter,1,0,negative,0.9176811575889587,logit_class_0,bert_finetune
16819,Fui a la farmacia a vacunarme (señal decía gratis) y me rechazaron por no tener seguro médico...,0,2,neutral,0.5126424431800842,logit_class_2,bert_finetune
16865,"Sembra divertente, ma hai fatto esercizio?",1,2,neutral,0.5912392139434814,logit_class_2,bert_finetune
16927,Non posso fare a meno di sentire uno strano senso di parentela come se fossimo segretamente uno,0,2,neutral,0.5244401097297668,logit_class_2,bert_finetune
17203,"Ragazzo, stai andando a tortare te stesso quando scopri che cosa è il bacio francese",1,2,neutral,0.9117048382759094,logit_class_2,bert_finetune
17394,"¡Vaya, qué coche más cool! El estilo de este coche realmente me atrae.",1,2,neutral,0.5650016069412231,logit_class_2,bert_finetune
17832,Mencioné la sensación de sentirse increíble.,2,1,positive,0.5558051466941833,logit_class_1,bert_finetune
17986,id solo mangiarli perché sarebbe strano lasciarli,0,2,neutral,0.5062528252601624,logit_class_2,bert_finetune
18672,mi sento completamente a mio agio per il processo piuttosto che sentirsi stressato e impaziente,0,1,positive,0.9163461327552795,logit_class_1,bert_finetune
18947,No puedo evitar sentir que hay gente increíble.,2,1,positive,0.5187026262283325,logit_class_1,bert_finetune
18988,"alle 10's links tbh in der Hoffnung auf eine Klarheit gewinnen, fanden wir Liebe zweiten, eher dritten, und Titan vierten",2,1,positive,0.6299079060554504,logit_class_1,bert_finetune
19341,Crowder è terribile... come si fa a perdere quella sparatoria o non avere il buon senso di scappare via,0,2,neutral,0.5415834784507751,logit_class_2,bert_finetune
21848,I inmediatamente asociar estas fotos con sentimientos completamente nostálgicos en lugar de pensar en cómo nostalgia o soledad que también puede haber estado sintiendo,0,1,positive,0.9993009567260742,logit_class_1,bert_finetune
22200,Ho sentito come fare brioche di nuovo perché è un tipo così diverso di pane per fare anche quando impastando sembra un po'strano,0,2,neutral,0.5088512897491455,logit_class_2,bert_finetune
22473,ive been here three times before but at the same time if feels so weird suddenly being here,2,0,negative,0.5153940320014954,logit_class_0,bert_finetune
23053,"Stavo giusto per commentarlo. Sara' anche un meraviglioso essere umano, ma ho dei sospetti.",0,2,neutral,0.7875350713729858,logit_class_2,bert_finetune
23070,Mi sento come lui affascinato la mia vita in troppi modi per nominare e poi mi ha sollevato più in alto di quanto so che era possibile,1,2,neutral,0.6114511489868164,logit_class_2,bert_finetune
23453,J'ai eu de bonnes nouvelles financières hier aussi.,2,1,positive,0.6274908781051636,logit_class_1,bert_finetune
23676,Serían estúpidos cambiar AB. Tranquilicémonos y ignoremos a los medios de comunicación y dejemos que esto se calme.,2,0,negative,0.6114333868026733,logit_class_0,bert_finetune
23768,Recuerdo sentir esta extraña sensación en mi sueño,0,2,neutral,0.5765116810798645,logit_class_2,bert_finetune
24234,"""Wir haben gute Menschen auf beiden Seiten verloren""",0,2,neutral,0.760341227054596,logit_class_2,bert_finetune
24651,ora mi attengo ad una dieta pallosa e mi sento incredibile,1,2,neutral,0.5324170589447021,logit_class_2,bert_finetune
24713,"Oui, et ça va très bien avec ton pantalon.",1,2,neutral,0.6515969038009644,logit_class_2,bert_finetune
24785,"Ich fühle mich wie das erstaunlichste wunderbarste Gefühl auf der Erde ist, wenn Sie morgens aufwachen und genau in diesem Moment haben Sie ein großes, echtes Lächeln auf Ihrem Gesicht, weil Sie einfach nur glücklich sind, einen anderen Tag in dieser schönen Welt verbringen zu können",2,1,positive,0.5851728320121765,logit_class_1,bert_finetune
24798,"Ich fing an, ein wenig besorgt in der Nähe des Endes zu bekommen, aber als ich das Buch beendete, wurde ich mit dem Ende zufrieden gelassen",1,0,negative,0.9920409321784973,logit_class_0,bert_finetune
25103,when somebody made me touch human faeces,0,1,positive,0.6753185391426086,logit_class_1,bert_finetune
25356,"Nun, sie haben billige Chirurgie dort lol diese glücklichen Bastarde",2,1,positive,0.552891731262207,logit_class_1,bert_finetune
27061,"Ich liebe [NAME], aber wir haben bessere Charaktere für ihn zu tauschen. Lass [NAME] in Ruhe.",2,1,positive,0.9117509126663208,logit_class_1,bert_finetune
28069,Mi piace sentire parlare di questo appartamento.,2,1,positive,0.8200787901878357,logit_class_1,bert_finetune
28078,"Pas de soucis, bonne chance!",1,2,neutral,0.6319931149482727,logit_class_2,bert_finetune
28569,No. Me gusta estar afuera. Hice senderismo y ciclismo de montaña.,2,1,positive,0.6088814735412598,logit_class_1,bert_finetune
28710,La chose à comprendre à propos de [NAME] est qu'il est un abruti complet.,0,2,neutral,0.925246000289917,logit_class_2,bert_finetune
28972,L'amour ignore la pauvreté,2,1,positive,0.5981146693229675,logit_class_1,bert_finetune
29037,"Das ist gut zu gehen. Wenn sie Zubehör will, besuchen Sie uns einfach wieder.",2,1,positive,0.5874693989753723,logit_class_1,bert_finetune
29194,Yet another clown whining about discussions about bitcoin in a bitcoin sub.,0,2,neutral,0.7110762000083923,logit_class_2,bert_finetune
30006,"Vi a Lily por primera vez. y cayó como si me hubiera golpeado un rayo. Ella es una chica de mis sueños. Tengo una cita con ella el viernes, pero realmente no puedo decidir qué hacer.",1,2,neutral,0.7098584175109863,logit_class_2,bert_finetune
30128,En realidad no importa porque desde que BF salió en consola se ha convertido lentamente en mierda. ...........................................................................................................................,0,2,neutral,0.6101386547088623,logit_class_2,bert_finetune
30333,Great . I want to get an idea for the purchasing ability in various countries .,1,2,neutral,0.9637993574142456,logit_class_2,bert_finetune
30882,J'ai l'impression d'avoir laissé l'avion d'argent de l'explorateur redoutable derrière moi.,0,1,positive,0.5139979124069214,logit_class_1,bert_finetune
31187,"Non, c'est pas vrai! C'est ennuyeux! Je vais jouer Killer Zombies sur ma PlayStation!",0,2,neutral,0.8653615713119507,logit_class_2,bert_finetune
32374,"Großartig! B, die meisten der aufgeführten Artikel sind in diesem Jahr verfügbar. Ich hoffe, dass wir zu einer Einigung kommen und die Verträge unterzeichnen können, um unsere rechtzeitige Lieferung zu ermöglichen.",1,2,neutral,0.7574889063835144,logit_class_2,bert_finetune
32752,"Certo. A proposito di foto, che tipo di film sarà il migliore? Sai, sto pianificando un tour a Jiuzhaigou Valley.",1,2,neutral,0.8356299996376038,logit_class_2,bert_finetune
32883,Ti ci vuole una vita per farmi i capelli.,0,2,neutral,0.9421619772911072,logit_class_2,bert_finetune
33379,¿Dónde vas a ir a la escuela que estás escuchando tales comentarios semi con regularidad? ¡Eso es horrible!,0,2,neutral,0.9416524171829224,logit_class_2,bert_finetune
34323,Non sono impaziente di nulla in questo momento e che sembra strano,0,2,neutral,0.5660017728805542,logit_class_2,bert_finetune
34607,Ok. Torna al tuo lavoro e richiamami stasera.,2,1,positive,0.5808308720588684,logit_class_1,bert_finetune
34737,Los amo a los dos pero todavía creo que tienes que ser un estúpido para pensar que viven felices para siempre juntos al final.,2,0,negative,0.9774286150932312,logit_class_0,bert_finetune
35543,"Ich muss sagen, ich fühle mich überwältigt",2,0,negative,0.4984589219093323,logit_class_0,bert_finetune
35837,"Nein. Das Einzige, was ich je hinter deinem Rücken getan habe, ist, dich zu zerreißen.",1,2,neutral,0.9499393105506897,logit_class_2,bert_finetune
37344,That's why it's interesting .,1,2,neutral,0.9390479326248169,logit_class_2,bert_finetune
38238,"Non, pas du tout. Soit je me façonne, soit mon boulot est en ligne.",0,2,neutral,0.9650866985321045,logit_class_2,bert_finetune
38687,¿En serio? ¿Cómo te fue?,1,2,neutral,0.9828934073448181,logit_class_2,bert_finetune
39371,Creo que era absolutamente lo correcto y el momento adecuado para mí para sentir esta emoción,0,1,positive,0.9267076849937439,logit_class_1,bert_finetune
39551,"Non ho mai sentito [NOME] lamentarsi del sesso post-matrimoniale. Quindi dopo il divorzio, strappati i vestiti e asseconda i tuoi desideri!",0,2,neutral,0.8221263289451599,logit_class_2,bert_finetune
40189,Sì. L'ho fatto.,1,2,neutral,0.8711456060409546,logit_class_2,bert_finetune
41565,"Well , it was definitely worth all the time .",1,2,neutral,0.9630438685417175,logit_class_2,bert_finetune
41962,J'ai juste le sentiment fort qu'il pourrait me briser le cœur et si je sais comment faire une chose bien il cherche différentes façons de faire mon cœur brisé,1,0,negative,0.7751193046569824,logit_class_0,bert_finetune
42528,"Si veste come il suo ""amico"" morto per tenerlo nella sua memoria.",0,2,neutral,0.9205750823020935,logit_class_2,bert_finetune
42579,"¿Esas criaturas grises extraterrestres no existen? Eso es definitivamente un hecho, pero estoy muy abierto a cualquier evidencia / prueba de lo contrario lmmao.",0,2,neutral,0.9097826480865479,logit_class_2,bert_finetune
43063,Oui. J'y étais. Regarder mon bébé pleurer en vomissant et ses yeux me regarder si mal était dur.,0,2,neutral,0.6514317393302917,logit_class_2,bert_finetune
45105,Tuve algunos de mis amigos más cercanos y queridos rodando mi boda y espero traer esa misma sensación de calidez y amistad a mis clientes porque es un día memorable increíble en sus vidas y soy tan afortunado de ser parte de ella,2,1,positive,0.9591354131698608,logit_class_1,bert_finetune
45312,Je continue à avaler des morceaux d'infection de mes sinus qui sont drainants. Ça ruine vraiment le vin.,2,0,negative,0.8398759365081787,logit_class_0,bert_finetune
45316,i am feeling pretty overwhelmed and accomplished all at the same time,0,2,neutral,0.5589514970779419,logit_class_2,bert_finetune
45633,"C'était une belle voiture. Il s une nouvelle voiture, mais il s totalise.",2,1,positive,0.5458641052246094,logit_class_1,bert_finetune
47087,"Oui, ils sont timides et doux mais très puissants.",1,2,neutral,0.7432578206062317,logit_class_2,bert_finetune
47416,J'ai appris à tricoter et j'ai même terminé quelques projets.,1,0,negative,0.6819908618927002,logit_class_0,bert_finetune
47680,Good idea . My wife has a fine ear for music . I am sure she would like it .,2,1,positive,0.8943555355072021,logit_class_1,bert_finetune
48611,C'est cool. Je vais le regarder.,2,1,positive,0.7709880471229553,logit_class_1,bert_finetune
48629,"Ich habe das Gefühl, dass es schlecht ist, jemanden zu unterstützen, der mich immer wieder herunterzieht oder meine engen Freunde unglücklich macht.",1,0,negative,0.5257447957992554,logit_class_0,bert_finetune
48696,Avez-vous pris la décision?,0,2,neutral,0.9911487102508545,logit_class_2,bert_finetune
49191,Je m'en vais sentir n'importe quoi sauf incroyable,2,1,positive,0.5038237571716309,logit_class_1,bert_finetune
49226,C'est pas vrai. J'ai dû la laisser dans ma chambre d'hôtel.,0,2,neutral,0.9951706528663635,logit_class_2,bert_finetune
49647,Das ist eine tolle Idee!,2,1,positive,0.8228588104248047,logit_class_1,bert_finetune
49724,ich fühle mich seltsam aufgeregt und unbequem ängstlich und befreit positiv und alarmiert,2,0,negative,0.7319491505622864,logit_class_0,bert_finetune
50144,Siento que al estar en facebook estoy apoyando a esa gente odiosa para seguir siendo odiosa.,0,1,positive,0.5149217247962952,logit_class_1,bert_finetune
50320,E' stato solo un malinteso.,2,0,negative,0.5370134711265564,logit_class_0,bert_finetune
50824,¿Ya has empezado a planear tus vacaciones de Navidad?,1,2,neutral,0.9811617136001587,logit_class_2,bert_finetune
51202,"Je vais aider à préparer les aliments, nourrir les animaux et nettoyer. Je suis très excitée à ce sujet maintenant.",1,2,neutral,0.7148202061653137,logit_class_2,bert_finetune
51580,"Mi dispiace, ma questo era in vendita, quindi posso solo darvi credito negozio.",0,2,neutral,0.7220650315284729,logit_class_2,bert_finetune
51610,Sento il dolore ogni volta che do un abbraccio ad una persona cara sapendo che non li vedro' per altri sei mesi.,1,0,negative,0.8576865792274475,logit_class_0,bert_finetune
52569,Ich fühle mich aufgeregt und nervös und wie ich gerade aß eine Flasche Koffein Pillen,0,1,positive,0.5629554390907288,logit_class_1,bert_finetune
53092,Sapevo che ore dopo l'amplificatore mi sono svegliato come un uomo nuovo.,1,2,neutral,0.6363669633865356,logit_class_2,bert_finetune
53582,un sábado por la tarde,1,0,negative,0.9649090766906738,logit_class_0,bert_finetune
54383,Il y a une fille dans ma compagnie que j'aime vraiment mais je suis toujours timide quand elle est là.,2,0,negative,0.9367491006851196,logit_class_0,bert_finetune
54465,[NAME] Tu n'es qu'une fontaine d'inspiration et de force.,2,1,positive,0.5129798650741577,logit_class_1,bert_finetune
54870,J'ai honte et j'ai peur d'être arrêté.,1,0,negative,0.9994801878929138,logit_class_0,bert_finetune
54927,¡Lo tienes!,1,2,neutral,0.7432595491409302,logit_class_2,bert_finetune
55566,Schön! Hol den blöden Dreißig-Dollar-Crayon!,0,2,neutral,0.485233336687088,logit_class_2,bert_finetune
55854,I do play League of legends and [NAME] is my favorite character that's why my name has Thresh in it :),1,2,neutral,0.7069031596183777,logit_class_2,bert_finetune
56195,"Contanti, carta di credito, assegno qualsiasi cosa. Devo solo vedere un dottore. Sto soffrendo.",0,2,neutral,0.7232203483581543,logit_class_2,bert_finetune
56736,"Leider passiert es zufällig und ich würde niemanden um Geld belügen wollen, wenn die Gedanken nicht erschienen wären.",0,2,neutral,0.6748233437538147,logit_class_2,bert_finetune
57319,J'ai l'impression d'être dans un endroit bizarre où j'essaie de comprendre ma vie et d'être d'humeur peu characteristique.,2,0,negative,0.5070583820343018,logit_class_0,bert_finetune
57547,I often feel so tired .,0,2,neutral,0.9881603717803955,logit_class_2,bert_finetune
57750,Je ne sais pas si je suis à l'aise avec une religion qui approuve le sacrifice humain,2,1,positive,0.5089231133460999,logit_class_1,bert_finetune
58530,"Ti ho lasciato fuori, non sentirti in colpa. C'e' solo cosi' tanto spazio in questa canzone.",0,2,neutral,0.7115551233291626,logit_class_2,bert_finetune
59755,"Amico, non so nemmeno cos'e' quell'affare tra ragazzi, ma onestamente, mi dispiace per lui.",0,2,neutral,0.7111743688583374,logit_class_2,bert_finetune
60079,Puedo encontrar más maneras de incorporar verdes en mi dieta sin sentirme como im raro de lo que creo que voy a tener éxito a largo plazo,0,2,neutral,0.584540605545044,logit_class_2,bert_finetune
60134,C'est toi que je fais!,1,2,neutral,0.7064724564552307,logit_class_2,bert_finetune
60174,J'ai toujours du mal à m'entendre avec le personnel.,2,0,negative,0.9291707277297974,logit_class_0,bert_finetune
60199,In realta' ho sentito la mia palla saltare su un po 'quando ha la faccia piantato,2,0,negative,0.459768146276474,logit_class_0,bert_finetune
60201,Me siento bastante aturdido casi resaca y no sé por qué,0,2,neutral,0.6404558420181274,logit_class_2,bert_finetune
60701,Piuttosto. Temo di non essere stato molto bravo.,0,2,neutral,0.9373667240142822,logit_class_2,bert_finetune
60756,Quels effets spéciaux?,1,2,neutral,0.9563940763473511,logit_class_2,bert_finetune
61883,"Meine Frau markiert mich gern. Wir sorgen nur dafür, dass sie unter der Kragenlinie sind.",1,2,neutral,0.7649106383323669,logit_class_2,bert_finetune
62096,Yo era un espíritu demoníaco con un resfriado todo el tiempo este año.,1,2,neutral,0.4472111165523529,logit_class_2,bert_finetune
62480,"1-2-3-4 I declare a thumb war! Dangit [NAME], you win again! Ok you get to stab me again :(",0,2,neutral,0.7163206338882446,logit_class_2,bert_finetune
63811,Je voudrais vraiment beaucoup de choses sur ma liste de souhaits d'amazon et je ressens le besoin d'un amazon avide shopping spree,0,1,positive,0.7326832413673401,logit_class_1,bert_finetune
63827,"Le vrai amour n'est pas quelque chose que vous trouvez, c'est quelque chose que vous construisez.",1,2,neutral,0.7557986378669739,logit_class_2,bert_finetune
63933,"Dannazione, e' una bella pizza.",1,2,neutral,0.9225590229034424,logit_class_2,bert_finetune
65198,Muchas gracias por ofrecerme esta oportunidad.,2,1,positive,0.8246899247169495,logit_class_1,bert_finetune
65807,Non e' giusto!,0,2,neutral,0.6287724375724792,logit_class_2,bert_finetune
66050,J'ai commencé à penser à la situation que je viens de voir de plus en plus convaincu que je me sens bizarre et bizarre,0,2,neutral,0.5445981621742249,logit_class_2,bert_finetune
66061,quando ero in forma,0,1,positive,0.9019423723220825,logit_class_1,bert_finetune
66540,Ho guidato a pagarla per lo spuntino che mi stava guardando stancamente e mi sentivo spaventato da quello che era appena successo e sentito una fiducia che è insolito e raro,2,0,negative,0.9649385213851929,logit_class_0,bert_finetune
66600,Mi sento come se stessimo vivendo in una strana curvatura temporale come se fosse l'unico mercoledi'.,0,2,neutral,0.5039931535720825,logit_class_2,bert_finetune
66890,"C'est absurde, les gens commettent des crimes tout le temps noircis par la drogue et l'alcool. En outre, ils pourraient juste prétendre qu'ils ne s'en souviennent pas d'une façon ou d'une autre.",0,2,neutral,0.9605783820152283,logit_class_2,bert_finetune
67761,That is NOT a firecracker..,0,2,neutral,0.995896577835083,logit_class_2,bert_finetune
67979,"Die Toiletten sind hinten. Ich fürchte, alle Toiletten sind im Moment voll besetzt.",0,2,neutral,0.6230360269546509,logit_class_2,bert_finetune
68402,Sé que hacer el amor con alguien a quien realmente estás conectado se siente tan increíble,2,1,positive,0.5506817698478699,logit_class_1,bert_finetune
68548,"Siempre está la Taberna Gramercy. Tienen jazz en vivo. La comida es deliciosa, pero muy cara.",2,1,positive,0.6574456691741943,logit_class_1,bert_finetune
68699,Solo gli idioti credono che questo non sia un idiota.,0,2,neutral,0.846280574798584,logit_class_2,bert_finetune
68889,Ho la sensazione schiacciante che avrei dovuto accettare il lavoro con te e voglio scoprire se c'è qualche possibilità che ci sia ancora una posizione lì per me,1,0,negative,0.6427879929542542,logit_class_0,bert_finetune
70050,"Ich lama und mein Geist fühlt sich an, als würden wir uns auf eine erstaunliche Reise begeben",2,1,positive,0.5488964915275574,logit_class_1,bert_finetune
70270,Siento que nada será suficiente porque tan increíble como la vida puede ser siempre te faltarás de todo lo que hago,1,2,neutral,0.529841959476471,logit_class_2,bert_finetune
70395,Soy feliz y saludable y me siento increíble y sabes lo que,2,1,positive,0.5486717820167542,logit_class_1,bert_finetune
70592,"Oh, andiamo! Solo uno veloce!",1,2,neutral,0.8955378532409668,logit_class_2,bert_finetune
70882,"Tampoco quiero que las Águilas lo repitan. Chargers, Colts o Chiefs me harían sentir mejor. Luego Rams y Saints.",1,2,neutral,0.9381186366081238,logit_class_2,bert_finetune
71862,Mi sento di nuovo nella gamba e il dolore si è alleviato per cento,1,0,negative,0.7692671418190002,logit_class_0,bert_finetune
72426,Im non sono sicuro dei miei sentimenti se lo amo ancora o no e non sono sicuro se ho anche voltato pagina o no,1,0,negative,0.5032044649124146,logit_class_0,bert_finetune
72640,"Oui. Et nous sommes fiers de vous, Prêts.",1,2,neutral,0.589715301990509,logit_class_2,bert_finetune
73110,"Oui, tout a été bien conçu.",1,2,neutral,0.7566399574279785,logit_class_2,bert_finetune
73216,Buono ol miglior cruscotto disponibile,1,2,neutral,0.8315190672874451,logit_class_2,bert_finetune
74659,i am wondering if my sixth sense is merely auto referential or if it works also with those decisions of thirds which i makes me feel strange which i find a little hazardous,2,0,negative,0.5375586152076721,logit_class_0,bert_finetune
74849,J'ai fait du jogging sur la plage et j'ai joué au volleyball. Tu sais que je n'ai jamais réalisé à quel point c'est dur de courir sur le sable. Je ne pouvais pas traverser tout un jeu avant de devoir m'asseoir.,1,2,neutral,0.9157027006149292,logit_class_2,bert_finetune
75547,Bell'atto di gentilezza [49],1,2,neutral,0.6814837455749512,logit_class_2,bert_finetune
75583,"Lui è mio nonno, e non gli sei mai piaciuto molto comunque!",0,2,neutral,0.8389875888824463,logit_class_2,bert_finetune
75807,Ça ira quand vous immigrez en Amérique?,1,2,neutral,0.9982621073722839,logit_class_2,bert_finetune
75818,Sicher. Vielen Dank.,2,1,positive,0.5950989723205566,logit_class_1,bert_finetune
76876,i finish the day feeling overwhelmed by paperwork notes to write labs to follow up patients to call and i get home drained and knowing i have to do it all over again the next day,2,0,negative,0.6114785075187683,logit_class_0,bert_finetune
77605,"Sicher. Es geht auf dich, oder?",1,2,neutral,0.6561245918273926,logit_class_2,bert_finetune
78109,Grazie mille. Spero che vi piaccia il vostro soggiorno.,2,1,positive,0.7249307632446289,logit_class_1,bert_finetune
78411,im Gefühl ein wenig seltsam,0,2,neutral,0.503602921962738,logit_class_2,bert_finetune
78770,C'est très généreux.,2,1,positive,0.8023732900619507,logit_class_1,bert_finetune
79002,"Oh , he's 14 and in the past few months , he's become quieter and a bit secretive . He locks himself in his room and I think he's running around with the wrong crowd .",0,2,neutral,0.9780921339988708,logit_class_2,bert_finetune
79028,Funny bc random guys do that behind girls in clubs sometimes.,1,2,neutral,0.9318915605545044,logit_class_2,bert_finetune
79599,"Ich weiß. Und Sie können auch draußen Geräusche hören, während Sie Musik hören.",1,2,neutral,0.789176881313324,logit_class_2,bert_finetune
79758,Non e' tipo una versione peggiore di [NAME]? Ho sempre sentito da tutti che e' proprio spazzatura.,0,2,neutral,0.5605123043060303,logit_class_2,bert_finetune
79874,Sono onorato di conoscerti.,1,2,neutral,0.5598315596580505,logit_class_2,bert_finetune
80091,J'adore marcher et maintenant je me sens incroyable,2,1,positive,0.5253939628601074,logit_class_1,bert_finetune
80267,Mi manca con quello.,0,2,neutral,0.7491216063499451,logit_class_2,bert_finetune
80545,Realmente quería entrar en la Universidad de Nueva York.,0,2,neutral,0.9996476173400879,logit_class_2,bert_finetune
80713,Andiamo. Sono dietro di te.,1,2,neutral,0.8787336945533752,logit_class_2,bert_finetune
81317,mal commencer se sentir bizarre,2,0,negative,0.5004061460494995,logit_class_0,bert_finetune
81542,Je me sens tellement submergée et bénie par les réponses que j'ai reçues de mon dernier post,0,2,neutral,0.5587413311004639,logit_class_2,bert_finetune
83333,Du hast ein schlechtes Essen gemacht. Ich hole dir noch etwas Fisch.,1,2,neutral,0.8117408752441406,logit_class_2,bert_finetune
83451,"Ich habe das Gefühl, dass nur wenige sich wirklich darum kümmern.",0,1,positive,0.524544894695282,logit_class_1,bert_finetune
83548,Ok. Ciao!,2,1,positive,0.7185698747634888,logit_class_1,bert_finetune
84130,"id wirklich lieber, wenn sie nicht erwachsen fühlen sich seltsam über Sie",0,2,neutral,0.5139100551605225,logit_class_2,bert_finetune
84755,Io. anche a me piace il festival più bello di tutti.,2,1,positive,0.8419387340545654,logit_class_1,bert_finetune
85020,ich geboren leo in unserem ruhigen ruhigen Schlafzimmer Gefühl erstaunlich ermächtigt und sehr glücklich,1,2,neutral,0.5097905397415161,logit_class_2,bert_finetune
85296,Mi sto innamorando.,2,1,positive,0.744577944278717,logit_class_1,bert_finetune
86125,Escúchalo mientras estás triste.,0,2,neutral,0.6916198134422302,logit_class_2,bert_finetune
86470,"Sí, ¿qué sabes de ella? Su página de Wikipedia es bastante estéril.",0,2,neutral,0.9527121782302856,logit_class_2,bert_finetune
86933,Sa robe a l'air drôle.,2,1,positive,0.6624124050140381,logit_class_1,bert_finetune
87061,Sólo basura.,0,2,neutral,0.9669537544250488,logit_class_2,bert_finetune
87231,"Il avait 2 ans quand notre famille l'a adopté. Il a toujours été une âme douce, et est devenu encore plus avec l'âge.",1,2,neutral,0.9509727954864502,logit_class_2,bert_finetune
87276,"Ho pensato a una tomba su Cristo il mio salvatore è risorto dalla tomba ho pensato a come le tombe sono luoghi sacri e so che è davvero molto strano, ma non mi sentivo più così strano e mi sentivo un po'sacro me stesso",2,0,negative,0.5104670524597168,logit_class_0,bert_finetune
87531,Me he graduado me siento un poco raro,0,2,neutral,0.5858487486839294,logit_class_2,bert_finetune
88050,Sono stato in vacanza per qualche tempo.,2,1,positive,0.5612205862998962,logit_class_1,bert_finetune
89302,j'ai réussi assez de confiance en moi pour me sentir à l'aise seul,1,0,negative,0.9547796249389648,logit_class_0,bert_finetune
89578,selling my used car,1,2,neutral,0.9990585446357727,logit_class_2,bert_finetune
89869,Che tacco.,0,2,neutral,0.878864049911499,logit_class_2,bert_finetune
89993,J'espère avoir encore des chances.,1,2,neutral,0.7637149095535278,logit_class_2,bert_finetune
90208,Etiqueta un amigo que se despierta sexualmente caliente,2,0,negative,0.8906951546669006,logit_class_0,bert_finetune
90855,Les émojis en arrière-plan. Cf. lmao.,0,2,neutral,0.9319855570793152,logit_class_2,bert_finetune
91193,¡Lo haré! Esta es una gran excusa nueva para no salir nunca de mi casa.,1,2,neutral,0.5662080645561218,logit_class_2,bert_finetune
91244,Devo ancora avere a che fare con quei sentimenti piu' avere a che fare con la mia strana cosa che sto facendo.,0,2,neutral,0.5346056222915649,logit_class_2,bert_finetune
92120,Belive in yourself,2,0,negative,0.5229130387306213,logit_class_0,bert_finetune
92158,¡Qué imbécil!,2,0,negative,0.5189967155456543,logit_class_0,bert_finetune
92730,Devinez quoi? J'ai gagné le concours de discours à mon école.,1,2,neutral,0.8334779739379883,logit_class_2,bert_finetune
92732,è successo prima?! amore la mia città natale di bella nuova ken,2,1,positive,0.6271964311599731,logit_class_1,bert_finetune
92940,Très bien. Je t'écrirai dès que j'y arriverai.,1,2,neutral,0.7620445489883423,logit_class_2,bert_finetune
93434,Je ne peux pas secouer le sentiment de nerf il ya quelque chose d'important que j'ai besoin de faire qui s'est hâté sur ma liste de malheur,1,0,negative,0.5547577738761902,logit_class_0,bert_finetune
94291,"Honnêtement, je me sens vraiment bizarre et maladroite à propos de tout ça.",2,0,negative,0.5043441653251648,logit_class_0,bert_finetune
94657,Dijeron que lo hicieron. He estado tan ocupado...,0,2,neutral,0.975420355796814,logit_class_2,bert_finetune
94665,i guess illustrating it would just give you much more of a thrilling so i took the liberty to post it as a slideshow for you to have a full view and feeling how it really look like but anyways we did enjoy the food and one thing thailand is indeed amazing,1,2,neutral,0.5935955047607422,logit_class_2,bert_finetune
94820,"zum ersten Mal in meinem Leben jemandem erzählen, dass ich sie liebte",1,0,negative,0.5199599266052246,logit_class_0,bert_finetune
94875,"Hello , Nancy , nice to see you .",2,1,positive,0.5479974746704102,logit_class_1,bert_finetune
95216,"Of course , just five minutes ago I got the phone call from Future Clothes Company and I was told to start my trial period in that company next Monday .",1,2,neutral,0.9987888932228088,logit_class_2,bert_finetune
95498,"Esta es la triste verdad por la razón exacta que mencionó, quieren una solución corta para evitar hacer este tipo de trabajo duro.",0,2,neutral,0.5017714500427246,logit_class_2,bert_finetune
95573,Me siento extraño diciendo que,0,2,neutral,0.5520893335342407,logit_class_2,bert_finetune
96292,Yes . That would be nice . When do you want to go ?,1,2,neutral,0.6181490421295166,logit_class_2,bert_finetune
96736,"Je suis intéressé, plus que je ne devrais l'être.",1,2,neutral,0.9628505110740662,logit_class_2,bert_finetune
97353,Claro. ¿Qué pasa?,1,2,neutral,0.9144166707992554,logit_class_2,bert_finetune
98847,Many of them do love LEGAL ones.,1,2,neutral,0.9979448914527893,logit_class_2,bert_finetune
99147,"Entonces son los peores fascistas de todos los tiempos, porque sus críticos han sido extremadamente ruidosos y públicos, sin ser asesinados.",0,2,neutral,0.7380311489105225,logit_class_2,bert_finetune
99727,ive a commencé à se sentir bizarre de taper dans ce blog toujours avoir cette boîte de ce dont il est au premier plan de mon esprit,0,2,neutral,0.5037926435470581,logit_class_2,bert_finetune
99932,Probably nothing. I'm assuming they're disputing the DMCA claim.,0,2,neutral,0.578885555267334,logit_class_2,bert_finetune
100060,Hace poco me gradué en mayo y me siento tan extraño,0,2,neutral,0.5095511078834534,logit_class_2,bert_finetune
100315,"Dan , Dan , dude . You have to come over to my house right now !",0,2,neutral,0.7896625995635986,logit_class_2,bert_finetune
103261,Je n'ai pas été hors de l'Inde pendant deux ans et l'homme se sent bizarre de quitter un endroit qui est devenu ma maison où je me sens le plus comme moi,0,2,neutral,0.5015572905540466,logit_class_2,bert_finetune
104080,Je me sens seul plus je suis inspiré à dessiner et utiliser ces sentiments pour pousser ma capacité artistique plus loin,1,0,negative,0.8145737648010254,logit_class_0,bert_finetune
105846,"Ich fühle mich schon seltsam mit dem wiederkehrenden Gedanken, nicht nach Weihnachten zurückzukommen",0,2,neutral,0.5419963598251343,logit_class_2,bert_finetune
105893,Sento che stiamo passando di fretta questa vacanza incredibilmente importante,1,0,negative,0.8830136060714722,logit_class_0,bert_finetune
106575,Je me sens tout au long des jours sans antidépresseurs j'ai vraiment besoin d'aller au lit parce que mon corps nécessite maintenant des quantités ridicules de sommeil afin de fonctionner à une fraction du taux normal,2,0,negative,0.5479034781455994,logit_class_0,bert_finetune
106818,"Ich wusste, dass die meisten Leute nicht wussten, dass wir versuchten, schwanger zu werden, also vergab ich den meisten Leuten für ihre Bemerkungen, wenn sie meine Gefühle verletzten, aber innerlich entschied ich, dass ich nie derjenige sein würde, der das durch meine Worte verletzte verursachen würde.",1,0,negative,0.9911423921585083,logit_class_0,bert_finetune
107891,Je me sens un peu dépassé par la quantité de travail qu'il me reste mais je le fais parce que je n'aime pas parce que je dois pour jouer avec Igloo ou dragon author,0,2,neutral,0.5606529712677002,logit_class_2,bert_finetune
108244,"Ich fühlte mich nicht so, als könnte ich ihm vertrauen und ich hasste mich dafür, dass ich mich so fühlte.",0,1,positive,0.6453736424446106,logit_class_1,bert_finetune
108414,"Beh, forse posso aiutarti. Ricordi il mio vicino?",1,2,neutral,0.8401849269866943,logit_class_2,bert_finetune
108937,im down livres et se sentant incroyable,2,1,positive,0.5373661518096924,logit_class_1,bert_finetune
108975,"Santé pour la recommandation néanmoins, aura un coup d'oeil!",2,1,positive,0.6341353058815002,logit_class_1,bert_finetune
109055,Il devrait y avoir plus de peintures et de dessins disponibles bientôt.,1,2,neutral,0.9241767525672913,logit_class_2,bert_finetune
109378,Ci vediamo.,0,1,positive,0.5160443782806396,logit_class_1,bert_finetune
109709,Mi sento davvero strano posare per queste foto non lo fa sentire così innaturale,0,2,neutral,0.5119135975837708,logit_class_2,bert_finetune
110123,¡Qué hombre tan feliz no es!,1,2,neutral,0.6410802006721497,logit_class_2,bert_finetune
110165,J'ai pensé que je partagerais mes réponses avec vous.,1,2,neutral,0.9444969296455383,logit_class_2,bert_finetune
110313,¿Qué día te vendría bien?,1,2,neutral,0.9060649871826172,logit_class_2,bert_finetune
110536,"Mi sento davvero strano e strano e non è qualcosa che posso davvero mettere a parole, ma disconnesso viene più vicino",0,2,neutral,0.5141974687576294,logit_class_2,bert_finetune
110663,i realized that i was tired of feeling weird in relationships with boys,0,2,neutral,0.5413290858268738,logit_class_2,bert_finetune
110698,"Es sieht so aus, als hätten wir die letzte verkauft.",1,2,neutral,0.9582789540290833,logit_class_2,bert_finetune
110899,Je me suis sentie comme une merde.,1,0,negative,0.8632192015647888,logit_class_0,bert_finetune
110983,Ah el viejo y bueno expediente falso que admitieron a la fabricación de calidad “comedia”,1,2,neutral,0.9494020342826843,logit_class_2,bert_finetune
111310,"Ich fühle mich kühl nicht kalt, aber kühl und wenn ich etwas sagte, das er gut ist, bin ich heiß und die Brise ist schön gewährt es ist schön, aber ich bin jetzt, wie ich sagte kühl und das hilft nicht meine Stimmung",1,0,negative,0.9361932277679443,logit_class_0,bert_finetune
111641,"Purtroppo, il DM è [NAME].",2,0,negative,0.748816967010498,logit_class_0,bert_finetune
111713,Let's see . Have you been to a jazz club yet ?,1,2,neutral,0.9686676859855652,logit_class_2,bert_finetune
112321,"Ja wie ""Oh ja? Ohne Scheiß?""",0,2,neutral,0.7377960681915283,logit_class_2,bert_finetune
112691,Brutto stronzo compiaciuto.,0,2,neutral,0.564990222454071,logit_class_2,bert_finetune
113335,Wie schade!,0,2,neutral,0.6064752340316772,logit_class_2,bert_finetune
113598,[NAME] mit dem schönen Backtap,1,2,neutral,0.9467890858650208,logit_class_2,bert_finetune
113763,Questo non è un grosso problema. Ci sono molte piccole scuole per adulti come te che possono studiare per essere certificati.,1,2,neutral,0.9786077737808228,logit_class_2,bert_finetune
115084,Non c'è da meravigliarsi che non l'ho mai notato perché salto il pilota ogni volta che riavvio la serie,2,1,positive,0.5292648673057556,logit_class_1,bert_finetune
115303,Es una de mis panaderías favoritas.,2,1,positive,0.8065752983093262,logit_class_1,bert_finetune
115442,Il a prétendu surv cuz qu'il ne voulait pas être abattu par la vig,0,2,neutral,0.9101083874702454,logit_class_2,bert_finetune
116544,Très bien. A tout à l'heure.,1,2,neutral,0.5651017427444458,logit_class_2,bert_finetune
117132,"In Nordamerika geboren zu sein, ist ein Fluch, mein Freund. Oregon (mein Zuhause) ist irgendwie wie Irland Wetter weise, obwohl ich höre.",0,2,neutral,0.9700446128845215,logit_class_2,bert_finetune
117219,Capisco. Sappi solo che sono qui. Ho passato l'inferno e la schiena. Sono felice di ascoltare qualsiasi cosa.,2,1,positive,0.6303285956382751,logit_class_1,bert_finetune
117309,"¿Tu PC es fea? Parece Battlefield, maldita sea.",2,0,negative,0.8720945715904236,logit_class_0,bert_finetune
117382,"Va bene, il disco è di nuovo in gioco. Pavel Bure è in fuga! Sta volando giu' dal ghiaccio! I difensori possono tenere il passo! Colpo di schiaffo! Punteggia.",2,1,positive,0.7977142333984375,logit_class_1,bert_finetune
117926,Das ist unglaublich! Hat sie dich schon gebissen?,1,2,neutral,0.7400196194648743,logit_class_2,bert_finetune
118521,Klug.,1,2,neutral,0.7106595039367676,logit_class_2,bert_finetune
118588,J'ai dû me sentir mal et essayer de retourner dormir avant les heures de travail.,1,0,negative,0.9823933839797974,logit_class_0,bert_finetune
119642,C'est elle qui a sauvé la vie de mon fils à la plage l'année dernière.,2,1,positive,0.5184148550033569,logit_class_1,bert_finetune
120001,Du weißt schon. Ich nahm an dem chinesischen Wettbewerb teil. Ich war der Beste und sie gaben mir diese Belohnung. Ich muss nicht für meine Reise bezahlen.,1,2,neutral,0.9579617977142334,logit_class_2,bert_finetune
120870,Penso che ci provero'.,2,1,positive,0.6811338663101196,logit_class_1,bert_finetune
120981,Voglio davvero andare a comprare qualche yardage di galleria d'arte solo per giocare con perché si sente così incredibile,1,2,neutral,0.541252851486206,logit_class_2,bert_finetune
121178,i have scopolamine patches with me but i hate to use them since they make me feel so weird but i think my plan is failing,0,2,neutral,0.5085168480873108,logit_class_2,bert_finetune
121211,Thank you for the information .,1,2,neutral,0.6223453283309937,logit_class_2,bert_finetune
121364,Je veux que mon bébé m'appelle et me demande comment est ma soirée pour lui dire à quel point je me sens terrible et plus que ce que j'aimerais qu'il soit ici pour prendre soin de moi parce qu'il sait tout ce qu'il sait sur la santé et prendre soin de moi,1,0,negative,0.638342022895813,logit_class_0,bert_finetune
121638,"Ich habe ein komisches Gefühl, dass viele Leser dieses wahrscheinlich viel mehr mögen werden als ich es tat, aber ich konnte mich nicht mit Zoe verbinden und dachte, sie sei egoistisch und verwöhnt, was viel davon für mich ruinierte.",0,1,positive,0.9070147275924683,logit_class_1,bert_finetune
122043,>Faites que je n'ai jamais haï un commentateur plus dans ma vie puis lui,0,2,neutral,0.8943801522254944,logit_class_2,bert_finetune
122068,"Pareces ansioso por comer cualquier cosa que Manila haga, Werk.",2,1,positive,0.9721714854240417,logit_class_1,bert_finetune
122225,La idea de disparar cualquier cosa a los solicitantes de asilo es terrible.,2,0,negative,0.7422736883163452,logit_class_0,bert_finetune
122846,That ’ s too bad . I hate sand storms too . It can be worse than any kind of bad weather .,0,2,neutral,0.9518747925758362,logit_class_2,bert_finetune
123111,"Siento que ser médico no me sienta bien, ya que tengo mucho miedo de las agujas.",0,1,positive,0.9797607660293579,logit_class_1,bert_finetune
123375,mi sento un po'strano ultimamente,2,0,negative,0.5020291805267334,logit_class_0,bert_finetune
123513,un mio caro amico era stato via per tre mesi quando ci siamo incontrati di nuovo,1,0,negative,0.9441201686859131,logit_class_0,bert_finetune
123586,"Ich will nur eine emotionale Verbindung, ich verpasse nichts, was Sex nicht um des Sex willen betrifft.",2,0,negative,0.4965452253818512,logit_class_0,bert_finetune
123695,Siento una increíble sensación de alivio de que los exámenes más duros de mi vida han terminado y puedo disfrutar de un verano increíble con el conocimiento de que le di mi todo,2,1,positive,0.5094079971313477,logit_class_1,bert_finetune
124467,"Ich war bereit, zu fühlen, als ob ich für einen Fremden bereit für Rad und handeln vorbereitet für Gesundheitsfragen und Parasiten",1,2,neutral,0.7746972441673279,logit_class_2,bert_finetune
124883,Mi sento strano che la gente si stia congratulando con me per aver avuto una ragazza come se fosse la prima.,2,0,negative,0.49264487624168396,logit_class_0,bert_finetune
124906,"Oui, c'est comme ça que quelqu'un est mort au festival Dour en nageant dans la carrière de pierre :/",2,0,negative,0.8777633309364319,logit_class_0,bert_finetune
124967,Su questo hai ragione.,1,2,neutral,0.9365375638008118,logit_class_2,bert_finetune
125595,Wer zum Teufel lässt ein heißes Eisen auf der Couch,2,0,negative,0.544316291809082,logit_class_0,bert_finetune
127066,La même chose pour moi. Nous resterons en contact avec vous.,1,2,neutral,0.6444505453109741,logit_class_2,bert_finetune
127188,"Estoy completamente halagado, pero me lleva al círculo completo de lo que dije antes acerca de sentirme extraño.",0,2,neutral,0.5205724239349365,logit_class_2,bert_finetune
127904,Le agaché sintiendo su emoción a través de nuestros pantalones. Empezó a tirar de mi camisa. Nos rompimos para poder respirar y poner la camisa sobre mi cabeza.,0,2,neutral,0.6386829614639282,logit_class_2,bert_finetune
127923,"Questo è il motivo per cui si tratta di una piccola vendetta. Potrebbe essere stato meschino prenderci un po' di divertimento, ma si e' fatta il letto da sola.",1,2,neutral,0.9228982329368591,logit_class_2,bert_finetune
128881,"Si', perche' no? Ho un po' di tempo libero per le mani. Dove vuoi mangiare?",1,2,neutral,0.8615687489509583,logit_class_2,bert_finetune
129239,Non riesco proprio a giustificare la sensazione di invidia di un'altra persona quando penso così bene di me stesso,0,1,positive,0.6587168574333191,logit_class_1,bert_finetune
129824,Mia moglie direbbe che tutti i sopra e un'altra dozzina di più sono barare... e si chiede perché ho scopata altre donne...,0,2,neutral,0.9153919816017151,logit_class_2,bert_finetune
130456,"Tut mir leid, nein. Wir werden nur [NAME] zu euch exportieren.",0,2,neutral,0.5652064681053162,logit_class_2,bert_finetune
130699,Baby's feeling their look too!,1,2,neutral,0.9145379066467285,logit_class_2,bert_finetune
131236,Me encanta esta escena de sexo que son estas personas se sienten abrumados,0,2,neutral,0.549362063407898,logit_class_2,bert_finetune
131278,"Nous en avons une, une fille, et elle a 8 ans. Elle croit en [NAME], mais elle aime vraiment la science et pose des questions difficiles :)",1,2,neutral,0.9532650113105774,logit_class_2,bert_finetune
131351,diese Kommentare sind verblüffend,2,1,positive,0.614172101020813,logit_class_1,bert_finetune
131537,"Sì. Guarda, è sulla mia scrivania.",1,2,neutral,0.9978152513504028,logit_class_2,bert_finetune
131879,"¿Cómo es que cuando las empresas chinas ayudan a construir infraestructura en Alemania es un terrible riesgo para su soberanía, pero esto está bien",0,2,neutral,0.8555501103401184,logit_class_2,bert_finetune
131966,Esperemos que mi maestro esté de acuerdo.,1,2,neutral,0.7235968708992004,logit_class_2,bert_finetune
132002,¿Estás listo para darle la bienvenida?,1,2,neutral,0.9931476712226868,logit_class_2,bert_finetune
132130,"La Chiesa [RELIGIONE] violenta i bambini da decenni, di cui siamo a conoscenza. Piu' probabilmente centinaia di anni. Probabilmente da quando sono esistiti.",0,2,neutral,0.641148030757904,logit_class_2,bert_finetune
132288,No es gran cosa.,1,2,neutral,0.9125370383262634,logit_class_2,bert_finetune
132345,Left beer outside so I could make a cool picture for reddit. Please give karma.,1,2,neutral,0.9681302905082703,logit_class_2,bert_finetune
132388,Was machen Sie in Ihrer Freizeit?,1,2,neutral,0.986358106136322,logit_class_2,bert_finetune
132680,"Ich erkannte dann, dass es etwas über Coffee-Shops, die es für mich schwierig macht, sie mit anderen besuchen, ohne seltsam unbequem und sehr fehl am Platz",2,0,negative,0.9698787331581116,logit_class_0,bert_finetune
132686,"I thought the joke was going to be that there would be a kiwi (fruit), but this is way more wholesome",2,1,positive,0.8178848624229431,logit_class_1,bert_finetune
132729,Ce type ne sait pas comment vivre...,0,2,neutral,0.9017427563667297,logit_class_2,bert_finetune
134340,Liebe ignoriert Armut,2,1,positive,0.8315427303314209,logit_class_1,bert_finetune
134353,Sento il desiderio in me stesso o lo vedo negli altri sorge come un bisogno che non sarà mai spezzato un desiderio di non spegnersi mai,1,0,negative,0.5898889899253845,logit_class_0,bert_finetune
134960,"Well , for one thing , she's gorgeous . She's so upbeat and sweet . Who doesn't like her ? Oh , I don't know . All I do know is that I think we have great chemistry together . But , what if I'm wrong . Maybe she's just been nice to me out of courtesy and doesn't think of me that way . Oh ... forget it . This was a bad idea .",1,2,neutral,0.9796309471130371,logit_class_2,bert_finetune
135276,Regarde! Allen a le micro!,2,1,positive,0.9590101838111877,logit_class_1,bert_finetune
136068,"Ich denke, es ist eine gute Möglichkeit, unsere Sprachfähigkeit zu entwickeln.",1,2,neutral,0.7614697217941284,logit_class_2,bert_finetune
137112,Me parece ridículo tomar en serio cualquier comentario que sugiera que los entornos virtualizados son más seguros mediante el diseño de su software como cualquier otra cosa y va a ser vulnerable,0,2,neutral,0.5116141438484192,logit_class_2,bert_finetune
137219,ich fühlte mich ziemlich aufgeregt,1,0,negative,0.7814606428146362,logit_class_0,bert_finetune
137830,Eso suena genial. ¿Te importa si me recomiendo para el trabajo?,1,2,neutral,0.5012657046318054,logit_class_2,bert_finetune
137929,"Bueno, si simplemente quiero escribir unas pocas palabras, voy a enviarlo por correo electrónico o editarlo todo desde el navegador del teléfono celular.",1,2,neutral,0.9921014904975891,logit_class_2,bert_finetune
138642,"Ich fühlte mich ziemlich eingebildet, als ich eincheckte, aber das Gefühl dauerte nur Sekunden, bevor ich in einem Haufen zusammenbrach.",1,0,negative,0.9468062520027161,logit_class_0,bert_finetune
138672,Me siento como el policía que resuelve un pequeño crimen y pasa la próxima semana en papeleo.,0,1,positive,0.9998555183410645,logit_class_1,bert_finetune
139187,mi sento veramente come mi è stata data una straordinaria opportunità di lavorare in un ambiente così eccellente con persone così grandi che io rispetto davvero amplificatore ammirare e che mi sento come condividere lo stesso rispetto ammirazione amplificatore verso di me,2,1,positive,0.9902318120002747,logit_class_1,bert_finetune
139215,"AHAHA Ich liebe diesen Traum, aber ersetzen ihn mit [NAME] oder Arizona",2,1,positive,0.9582846164703369,logit_class_1,bert_finetune
139555,Vaffanculo ai Patrioti e in particolare a NAME.,2,0,negative,0.8722304105758667,logit_class_0,bert_finetune
141060,Condivido i miei pensieri rovesciare i miei sentimenti e mostrare un sacco di immagini dei miei ragazzi incredibili e una ragazza super cool,1,2,neutral,0.5183528661727905,logit_class_2,bert_finetune
141196,"Versuchen Sie, diesen Strauß dann zu fangen.",1,2,neutral,0.8937981128692627,logit_class_2,bert_finetune
141608,Ich habe mich in meinem Kopf sehr seltsam gefühlt.,0,2,neutral,0.5217676758766174,logit_class_2,bert_finetune
142004,Mi sento un po' amichevole oggi.,1,0,negative,0.6471127867698669,logit_class_0,bert_finetune
142180,"> ¿Es raro tener más simpatía por los animales que por los humanos? Es aterradoramente común, así que no *extraño*, pero es definitivamente triste.",2,0,negative,0.7802495956420898,logit_class_0,bert_finetune
142229,i am feeling overwhelmed i know that i need to turn my focus to my heavenly father and off my circumstances,0,2,neutral,0.5225269794464111,logit_class_2,bert_finetune
142623,"Ciao, Kathy! Sto solo facendo il mio yoga mattutino! Ti sei alzato terribilmente presto oggi.",1,2,neutral,0.954789936542511,logit_class_2,bert_finetune
142709,Ich fühle mich wie meine Medikamente Arent richtig arbeiten und idk seine seltsam,0,2,neutral,0.5162449479103088,logit_class_2,bert_finetune
143286,Es klingt spastisch.,0,2,neutral,0.6421980261802673,logit_class_2,bert_finetune
144291,"Cuidado con el chico de la isla, es dulce pero también puede ser un león""",2,1,positive,0.544296383857727,logit_class_1,bert_finetune
144355,You hair is definitely fresh and shiner looking .,2,1,positive,0.8676813840866089,logit_class_1,bert_finetune
144573,ive been feeling strange,0,2,neutral,0.5370165109634399,logit_class_2,bert_finetune
144809,Eso es un alivio. Menos mal que nos mudamos.,1,2,neutral,0.8087999820709229,logit_class_2,bert_finetune
145152,Quel coltello sembra terribilmente familiare... *sorridendo e facendo clic sull'artiglio in lontananza*,0,2,neutral,0.5033605694770813,logit_class_2,bert_finetune
145410,I really enjoy “good life project” podcast by [NAME],2,1,positive,0.9679672122001648,logit_class_1,bert_finetune
145529,No te preocupes. No pasará nada malo. Incluso te compraré tu boleto.,1,2,neutral,0.9134281277656555,logit_class_2,bert_finetune
146267,"Mis bolas me dicen que es un segundo, pero me gusta la sensación de tus bolas lmmao",1,2,neutral,0.5966071486473083,logit_class_2,bert_finetune
146976,[NAME] è un piccolo bastardo affamato.,0,2,neutral,0.7584436535835266,logit_class_2,bert_finetune
147169,Porque nuestra democracia no va a ser tomada como rehén por terroristas,0,2,neutral,0.9381147623062134,logit_class_2,bert_finetune
147325,Nope.cool!,1,2,neutral,0.6499171257019043,logit_class_2,bert_finetune
147753,Com'è commovente l'amore.,2,1,positive,0.5526843070983887,logit_class_1,bert_finetune
149265,ich fühle mich abwechselnd enthusiastisch und völlig unzulänglich,0,1,positive,0.5082992911338806,logit_class_1,bert_finetune
149341,"He tenido algunas ampollas de soldaduras calientes, pero nada tan malo...",0,2,neutral,0.8882244229316711,logit_class_2,bert_finetune
149358,Sono stato preso a calci nella gamba i miei piedi sono stati timbrati. Posso immaginare il dolore di questo,0,2,neutral,0.7870473265647888,logit_class_2,bert_finetune
149530,"il y a quelques semaines, j'ai reçu une carte de Noël d'une amie en Angleterre qu'elle ne m'avait pas écrite depuis très longtemps, mais elle m'a montré qu'elle se souvenait encore de moi.",1,0,negative,0.5594916343688965,logit_class_0,bert_finetune
150281,Toute ma vie a été un mensonge,2,0,negative,0.9961534142494202,logit_class_0,bert_finetune
150369,"No hay nada malo con los abrazos y el amor, pero la mayoría de los adultos también necesitan dormir.",1,2,neutral,0.5969668626785278,logit_class_2,bert_finetune
150403,Non torturarti in quel modo.,0,2,neutral,0.8842094540596008,logit_class_2,bert_finetune
150428,Chaque point que vous faites est prouvé faux lol. Arrête.,0,2,neutral,0.7468841671943665,logit_class_2,bert_finetune
150525,Quiero usar todos mis trajes lindos y sentirse increíble en ellos,2,1,positive,0.5314880013465881,logit_class_1,bert_finetune
151305,"Tut mir leid, Mom hat es schon aus dem Ofen genommen und ich bin STARVING!",0,2,neutral,0.511351466178894,logit_class_2,bert_finetune
151454,"Me lo hice a mí mismo, sabía que se acostaba con varias mujeres... No sé lo que estaba pensando",0,2,neutral,0.982070803642273,logit_class_2,bert_finetune
151590,"Oh, gracias a Dios. Gracias, ya vuelvo.",2,1,positive,0.7398830652236938,logit_class_1,bert_finetune
152886,Je me sentais mal parce que c'était l'anniversaire de mon mari et je voulais faire un jour spécial pour lui mais je ne me sentais pas bien,1,0,negative,0.6759620308876038,logit_class_0,bert_finetune
153131,Me di cuenta entonces de que hay algo en las cafeterías que hace que sea difícil para mí visitarlos con otros sin sentirse extraño incómodo y muy fuera de lugar,0,2,neutral,0.5163138508796692,logit_class_2,bert_finetune
153950,Nunca pude explicar realmente por qué me sentí de esta manera no que nadie realmente preguntó por qué la suave luz plateada de la luna cuando se sentó entre las estrellas girando me dio tal sensación de seguridad junto con un ansioso anhelo tirando de mi alma,0,1,positive,0.9994553923606873,logit_class_1,bert_finetune
154104,"Sie ist ein Glückspilz. Wie auch immer, ich denke, das ist genauso schön.",1,2,neutral,0.5231223702430725,logit_class_2,bert_finetune
154620,"i had all of those. checked myself with a GP and found out i had low iron, migraines and needed to visit the therapist re my anxiety.",0,2,neutral,0.9642220139503479,logit_class_2,bert_finetune
154975,I do wish your christmas and happy new year .,2,1,positive,0.5557110905647278,logit_class_1,bert_finetune
154980,Me siento un poco estúpido.,2,0,negative,0.9986691474914551,logit_class_0,bert_finetune
155174,That would be great . Thank you .,2,1,positive,0.8394244909286499,logit_class_1,bert_finetune
155381,"Ich nahm genügend Pausen, um meine Atmung zu normalisieren und wie ich es tat, konnte ich das seltsame Summen in meinem Kopf wegen der unglaublichen Stille, die ich während der Reise gegenüberstand, fühlen",0,2,neutral,0.5302035808563232,logit_class_2,bert_finetune
155747,"Oh mon Dieu, j'étais là hier! Heureusement, je n'ai pas été mordu.",1,2,neutral,0.7208273410797119,logit_class_2,bert_finetune
156208,"Ich habe Klonopin, das ich selten benutze, aber wenn ich fühle, dass ich aufgeregt bin oder sogar wenn ich zu viel masturbiere, dann beginne ich, es zu nehmen, wie es mich beruhigt.",0,1,positive,0.5904401540756226,logit_class_1,bert_finetune
156777,In dieser Zeit habe ich meine Stimme völlig verloren. Das war ein verrücktes 11 Minuten Spiel,2,0,negative,0.8208870887756348,logit_class_0,bert_finetune
157441,"C'est tellement effrayant, mais j'aimerais y aller. Et c'est en fait au Brésil",0,2,neutral,0.5995835661888123,logit_class_2,bert_finetune
158050,"Oh, tut mir leid.",0,2,neutral,0.8563781976699829,logit_class_2,bert_finetune
158886,"Sai che una donna gigante come personaggio sarebbe molto interessante, secondo me.",1,2,neutral,0.7568167448043823,logit_class_2,bert_finetune
159596,"No hay problema, amiga. Te veré la próxima vez.",1,2,neutral,0.5946247577667236,logit_class_2,bert_finetune
159614,"C'est malheureux! Sans avoir connaissance de l'incident, il est difficile de dire pourquoi le chirurgien avait une responsabilité.",0,2,neutral,0.6130825281143188,logit_class_2,bert_finetune
159745,Je me sentais encore bizarre.,2,0,negative,0.5934206247329712,logit_class_0,bert_finetune
161077,"Beh, non vado a teatro da molto tempo.",1,2,neutral,0.9132672548294067,logit_class_2,bert_finetune
161531,Me siento tan abrumada ahora solo preguntándome cómo me voy a sentir cuando empiezo a comercializarme y seré criticada.,2,0,negative,0.501379132270813,logit_class_0,bert_finetune
161559,Je ne pourrais pas être plus d'accord.,1,2,neutral,0.803954005241394,logit_class_2,bert_finetune
161635,"ive a été un peu débordée toute la semaine en trouvant difficile de se tailler le temps pour moi-même, puis en sentant un peu le ressentiment quand d'autres n'ont pas en quelque sorte divin mon besoin de temps personnel et m'aider à le faire arriver",0,1,positive,0.9504497647285461,logit_class_1,bert_finetune
161708,"Yeah, all the stun cannonballs are horrible.",0,2,neutral,0.696286141872406,logit_class_2,bert_finetune
161794,Je suis juste resté là à regarder autour de me sentir étrange les employés de l'hôpital étaient tous bizarres que personne ne se parle beaucoup l'un à l'autre,0,2,neutral,0.5039249062538147,logit_class_2,bert_finetune
161906,Je suis sur un banc de poids réduit donc son presque comme je suis à l'envers de l'étirement dans mon dos se sent incroyable avec une assiette,1,2,neutral,0.51774662733078,logit_class_2,bert_finetune
162290,I have days were I feel amazing completely on top of the world I listen to upbeat fast music and everything seems perfect,2,1,positive,0.5600976347923279,logit_class_1,bert_finetune
162591,I miei coinquilini ed io stavamo discutendo che è il momento in cui tutto è il nostro ultimo cioè il nostro ultimo settembre insieme la nostra ultima casa insieme,1,0,negative,0.9967334270477295,logit_class_0,bert_finetune
163094,"Ho l'occhio sciolto, quello con le costole nella fessura dell'occhio morto, e quello con il cappello prende un colpo di testa",0,2,neutral,0.9813350439071655,logit_class_2,bert_finetune
163282,Una de las mejores fotos que he visto del Arco. Impresionante.,2,1,positive,0.8116232752799988,logit_class_1,bert_finetune
163982,He is so humorous .,1,2,neutral,0.7249383330345154,logit_class_2,bert_finetune
164227,Non lo sai? Dobbiamo stare zitti e abbassare la testa finche' non decidono!,0,2,neutral,0.646024227142334,logit_class_2,bert_finetune
164567,Hast du es ihm versprochen?,1,2,neutral,0.9857929348945618,logit_class_2,bert_finetune
164932,Le verre utilisé dans ce millésime est extrêmement exquis,1,2,neutral,0.5288835167884827,logit_class_2,bert_finetune
165724,Yes . We can do something else if you like .,1,2,neutral,0.5916954278945923,logit_class_2,bert_finetune
165951,"De acuerdo, la quiero tanto.",1,2,neutral,0.6378422975540161,logit_class_2,bert_finetune
165960,Dovrei sentirmi timido a ballare e mi sento timido a pregare ad alta voce,1,0,negative,0.9998941421508789,logit_class_0,bert_finetune
165976,¿Qué tal unas copas? ¿Quieres cerveza o vino?,2,1,positive,0.5367429852485657,logit_class_1,bert_finetune
166000,io faccio pilates mi sento così forte e collegato mi sento spesso stupito che posso fare le cose che posso fare e mi sento così orgoglioso del mio corpo per essere in grado di farlo,1,2,neutral,0.7646335363388062,logit_class_2,bert_finetune
166120,i thought a million times about how weird id feel and how weird id look going to a ganaza of someone i never met,0,2,neutral,0.5186282992362976,logit_class_2,bert_finetune
166543,Manipulación de un enviorment de las personas mientras niegan que lo están haciendo con el fin de hacer que la víctima parezca loca.,2,1,positive,0.55232834815979,logit_class_1,bert_finetune
166623,I know . Goodnight .,1,2,neutral,0.5160120725631714,logit_class_2,bert_finetune
167242,Oh my goodness I was there yesterday! Luckily I didn't get bitten.,1,2,neutral,0.5451804995536804,logit_class_2,bert_finetune
167647,Les couvertures fendues sont un sauveur de vie. Plus de grognement parce que quelqu'un m'a volé mon bout de couverture et le câlin...,1,2,neutral,0.5545392036437988,logit_class_2,bert_finetune
167831,i as built my academic repertoire i became a lot less different and those very same people who made me feel strange were looking to be my friend so some of my international cool could rub off on them,0,2,neutral,0.5111135840415955,logit_class_2,bert_finetune
167902,Le bureau de poste.Désolé. Je n'en suis pas sûr.,0,2,neutral,0.8758398294448853,logit_class_2,bert_finetune
167962,Anybody wanna go on a picnic with me? Alpaca lunch.,2,1,positive,0.698229193687439,logit_class_1,bert_finetune
168839,Let's go to work . We want to have the tree ready to light up by evening .,1,2,neutral,0.971992015838623,logit_class_2,bert_finetune
169045,"Lo siento, pequeña.",0,2,neutral,0.6200647354125977,logit_class_2,bert_finetune
169573,Me siento como si me importara demasiado puede volver loca a la gente.,1,0,negative,0.9828541278839111,logit_class_0,bert_finetune
169820,glücklicher Kuchentag,2,1,positive,0.5943385362625122,logit_class_1,bert_finetune
169908,"Je sais déjà ce qu'ils ont à faire, je ne peux rien faire sans les blesser émotionnellement ou leur mentir.",2,0,negative,0.7285705804824829,logit_class_0,bert_finetune
170227,Je veux m'assurer que les élèves que j'enseigne quittent ma classe avec plus qu'un vague sentiment qu'ils n'aiment pas un livre ou pourraient avoir écrit un papier,0,1,positive,0.8136908411979675,logit_class_1,bert_finetune
171035,Smettila di battere quando hai il vantaggio!,0,2,neutral,0.5848556756973267,logit_class_2,bert_finetune
171174,"Wow, das war so eine schöne Fahrt von [NAME]. Ich wünschte, wir könnten mehr davon sehen.",2,1,positive,0.7643179297447205,logit_class_1,bert_finetune
171292,What’s wrong with this,0,2,neutral,0.9238255023956299,logit_class_2,bert_finetune
171479,This draft is one man deep tbh. Not getting Zion would be devastating and a waste of a whole year.,0,2,neutral,0.7295213937759399,logit_class_2,bert_finetune
171741,Ottima idea! Potresti chiamarli per vedere se riesco a prenotare?,2,1,positive,0.6615046262741089,logit_class_1,bert_finetune
171883,Ma io lo amo ancora e lui ancora ama me ma lui dice im troppo immaturo,0,1,positive,0.9669272303581238,logit_class_1,bert_finetune
172063,J'ai déjà l'impression qu'un lien avec deux des enfants jacie était une telle surprise.,1,2,neutral,0.8210546970367432,logit_class_2,bert_finetune
172131,Lügen durch Unterlassung,2,0,negative,0.6428890824317932,logit_class_0,bert_finetune
172283,Sempre in testa quando e' l'ultima cosa che voglio.,0,2,neutral,0.9049612283706665,logit_class_2,bert_finetune
172684,"Ich bin irgendwie froh, dass sie dich nicht zulassen. Nur du, nicht alle anderen.",2,1,positive,0.6134791374206543,logit_class_1,bert_finetune
173975,Die höchsten Abstimmungsgeschichten über Nosleep in diesen Tagen sind über sexuellen Missbrauch oder etwas entlang dieser Linien,2,0,negative,0.8070550560951233,logit_class_0,bert_finetune
174039,"Mi sento molto più simile a me stesso, ma sperimentare strani twinges testa e collo",0,2,neutral,0.5816834568977356,logit_class_2,bert_finetune
174405,"C'est très serré, M. Smith. C'est mon boulot. Je suis très content qu'il se rétablisse si vite.",1,2,neutral,0.8443993926048279,logit_class_2,bert_finetune
174650,"Beh, qualcuno ha portato Freaky Friday al numero 10...",0,2,neutral,0.8844455480575562,logit_class_2,bert_finetune
174884,Je dois admettre que je suis excitée de le faire revenir aussi bien que je m'inquiète de la façon dont il va gérer la transition et je m'inquiète de sa capacité à rattraper sans me sentir dépassée,0,2,neutral,0.5082375407218933,logit_class_2,bert_finetune
175000,Dev'essere una casa infestata. Hai paura?,0,2,neutral,0.9895623326301575,logit_class_2,bert_finetune
175051,"In Ordnung, der Puck ist wieder im Spiel. Pavel Bure ist auf der Flucht! Er fliegt das Eis runter! Die Verteidiger können mithalten! Schlagschuss! Er punktet.",1,2,neutral,0.6761626601219177,logit_class_2,bert_finetune
175528,J'ai toute confiance en notre nouveau président.,2,1,positive,0.7893763780593872,logit_class_1,bert_finetune
176310,Le ho detto un paio di cose e mi sento così strano ora haha,0,2,neutral,0.5189199447631836,logit_class_2,bert_finetune
176669,"Wir machen dann so schnell wie möglich ein Angebot. Ich hoffe, eine Menge Geschäft wird zwischen uns geführt werden.",1,2,neutral,0.9509517550468445,logit_class_2,bert_finetune
176767,"J'aime les mèmes, mais je n'aime pas suivre les règles pour faire des mèmes.",0,2,neutral,0.620445191860199,logit_class_2,bert_finetune
177555,"Pour toi, le jour où le bison a gelé dans la neige a été le moment le plus mignon de ta vie, mais pour moi... c'était mardi.",1,2,neutral,0.9722782969474792,logit_class_2,bert_finetune
178084,¿Qué dice?,1,2,neutral,0.8781795501708984,logit_class_2,bert_finetune
179418,"okay, enjoy living in ignorance and hatred",0,2,neutral,0.7832487225532532,logit_class_2,bert_finetune
179488,Muy dulce.,2,1,positive,0.5001221299171448,logit_class_1,bert_finetune
179515,Je m'inquiétais où tu étais.,2,0,negative,0.7720842957496643,logit_class_0,bert_finetune
179589,"Es ist süß, dass sie [NAME] denkt, sie sei eine Freundin",2,1,positive,0.7424582839012146,logit_class_1,bert_finetune
180060,"Oh, verdammt noch mal... (NAME)",0,2,neutral,0.7126173377037048,logit_class_2,bert_finetune
181335,Esos tipos pensaron que nunca perderían. Pero finalmente les ganamos. Y míralos llorar ahora.,1,2,neutral,0.657569408416748,logit_class_2,bert_finetune
181425,"Très bien. S'il vous plaît, prenez de la salade de fruits et des craquelins pour moi.",1,2,neutral,0.9776625633239746,logit_class_2,bert_finetune
181695,in realtà abbastanza caldo tho,1,2,neutral,0.8668124675750732,logit_class_2,bert_finetune
181825,Me olvidé de lo increíble que el corredor s alta se siente increíble,2,1,positive,0.5317480564117432,logit_class_1,bert_finetune
182947,Could also be an overwhelming guilt in the heat of the moment. Probably hard to stay rational when you realize you've killed your own friend on accident.,2,0,negative,0.6518775224685669,logit_class_0,bert_finetune
183269,ive been invited to lots of plays and musicals and concerts that im feeling so overwhelmed,0,2,neutral,0.5519654750823975,logit_class_2,bert_finetune
183967,Certo che no.,0,2,neutral,0.9133890271186829,logit_class_2,bert_finetune
184804,"Ich fühle, dass ich meinen Zweck erreicht habe, weil jedes Kind, das ich las, begeistert war und ein riesiges Lächeln auf seinem Gesicht hatte.",2,1,positive,0.8409912586212158,logit_class_1,bert_finetune
186042,"Wir werden uns sehr freuen. Kann ich sonst noch etwas für Sie tun, Mrs. Anderson? Nein, nein, nein, nein, nein, nein, nein, nein, nein, nein, nein, nein, nein, nein, nein, nein, nein, nein, nein, nein, nein, nein, nein, nein, nein, nein, nein, nein, nein, nein, nein, nein, nein, nein, nein, nein, nein, nein, nein, nein, nein, nein, nein, nein, nein, nein, nein, nein, nein, nein, nein, nein, nein, nein, nein, nein, nein, nein. nein, nein, nein, nein. nein, nein, nein, nein. nein, nein, nein, nein, nein. nein, nein. nein, nein. nein, nein.",2,1,positive,0.583814799785614,logit_class_1,bert_finetune
186691,Estoy obsesionado con la ropa porque creo que la ropa está tan bien estructurada y se siente increíble,1,2,neutral,0.5083127617835999,logit_class_2,bert_finetune
186714,"Gordon, llegas tan tarde.",2,0,negative,0.8780917525291443,logit_class_0,bert_finetune
187536,"An art ! You have a good point there . So it is called martial arts in English . The Chinese are really capable of doing things nicely . They even made fighting a great enjoyment , so marvelous and fascinating .",1,2,neutral,0.7544042468070984,logit_class_2,bert_finetune
187582,I got two . We can go there together .,1,2,neutral,0.9121896028518677,logit_class_2,bert_finetune
187646,im rilasciando il mio cuore e la sua sensazione stupefacente non c'è nessun altro che importa che mi ami e non ti lascerò cadere ragazza lascia che cadi ragazza oh ah ah yer non ti lascerò cadere lasciarti cadere lasciarti cadere oh oh,2,1,positive,0.9521728754043579,logit_class_1,bert_finetune
188068,I ’ m afraid you ’ re going in the opposite direction .,0,2,neutral,0.9274162650108337,logit_class_2,bert_finetune
189495,Sto ancora aspettando la loro chiamata.,0,2,neutral,0.9817995429039001,logit_class_2,bert_finetune
189651,i am feeling overwhelmed and drained from energy,0,2,neutral,0.5498501658439636,logit_class_2,bert_finetune
189739,Claro que lo es. ¿Por qué no vamos a un parque?,1,2,neutral,0.5936869382858276,logit_class_2,bert_finetune
191268,Che è un sacco di emozione per una regina che meritava di andare a casa,2,0,negative,0.9343838691711426,logit_class_0,bert_finetune
191678,Era sábado.,1,2,neutral,0.9655672907829285,logit_class_2,bert_finetune
192023,"Parce que tout ce que notre société a fait depuis 60 ans, c'est parler de vos problèmes.",0,2,neutral,0.9899035692214966,logit_class_2,bert_finetune
192161,"- Nein, nein, nein, nein, nein, nein, nein, nein, nein, nein, nein, nein, nein, nein, nein, nein, nein, nein, nein, nein, nein, nein, nein, nein, nein, nein, nein, nein, nein, nein, nein, nein, nein, nein, nein, nein, nein, nein, nein, nein, nein, nein, nein, nein, nein, nein, nein, nein, nein, nein, nein, nein, nein, nein, nein, nein, nein, nein, nein, nein, nein, nein, nein, nein, nein, nein, nein. nein, nein, nein, nein, nein, nein. nein, nein, nein! nein! nein, nein! ......................................................................................................... ......................................................................................................... ......................................................................................................... Warte mal, Crash? - Nein, nein, nein, nein, nein, nein, nein, nein, nein, nein, nein, nein, nein, nein, nein, nein, nein, nein, nein, nein, nein, nein, nein, nein, nein, nein, nein, nein, nein, nein, nein, nein, nein, nein, nein, nein, nein, nein, nein, nein, nein, nein, nein, nein, nein, nein, nein, nein, nein, nein, nein, nein, nein, nein, nein, nein, nein, nein. nein, nein, nein, nein. nein, nein, nein, nein, nein. nein, nein, nein, nein, nein. nein, nein, nein, nein. nein, nein, nein, nein. nein, nein nein. nein, nein, nein. nein, nein. nein. - Nein, nein, nein, nein, nein, nein, nein, nein, nein, nein, nein, nein, nein, nein, nein, nein, nein, nein, nein, nein, nein, nein, nein, nein, nein, nein, nein, nein, nein, nein, nein, nein, nein, nein, nein, nein, nein, nein, nein, nein, nein, nein, nein, nein, nein, nein, nein, nein, nein, nein, nein, nein, nein, nein, nein, nein, nein, nein, nein, nein, nein, nein! nein, nein, nein, nein! nein, nein, nein, nein, nein! nein, nein, nein! nein, nein! nein! - Nein, nein, nein, nein, nein, nein, nein, nein, nein, nein, nein, nein, nein, nein, nein, nein, nein, nein, nein, nein, nein, nein, nein, nein, nein, nein, nein, nein, nein, nein, nein, nein, nein, nein, nein, nein, nein, nein, nein, nein, nein, nein, nein, nein, nein, nein, nein, nein, nein, nein, nein, nein, nein, nein, nein, nein, nein, nein, nein, nein, nein, nein! nein, nein, nein, nein! nein, nein, nein, nein, nein! nein, nein, nein! nein, nein! nein! Spyware? Trojaner! Was ist? Wohin? Wann? - Nein, nein, nein, nein, nein, nein, nein, nein, nein, nein, nein, nein, nein, nein, nein, nein, nein, nein, nein, nein, nein, nein, nein, nein, nein, nein, nein, nein, nein, nein, nein, nein, nein, nein, nein, nein, nein, nein, nein, nein, nein, nein, nein, nein, nein, nein, nein, nein, nein, nein, nein, nein, nein, nein, nein, nein, nein, nein, nein, nein, nein, nein! nein, nein, nein, nein! nein, nein, nein, nein, nein! nein, nein, nein! nein, nein! nein!",0,2,neutral,0.6808015704154968,logit_class_2,bert_finetune
192440,"So che dovrei essere di supporto in questo momento, ma onestamente idk perché, ma mi sento disgustato in come funziona l'intera squadra",1,0,negative,0.9990345239639282,logit_class_0,bert_finetune
193240,"Ich bin egoistisch, weil ich nicht mitfühlend zu ihrer Tortur bin, während ich fühle, dass sie selbstsüchtig war, weil sie sich nicht um ihre Gesundheit kümmerte, mein ganzes Leben lang.",0,1,positive,0.9931135773658752,logit_class_1,bert_finetune
193616,"Non male.Abbiamo avuto un grande incontro oggi, ricordi?",2,1,positive,0.7137507796287537,logit_class_1,bert_finetune
193823,Let's go to the coffee shop then . It's quiet there .,1,2,neutral,0.8711653351783752,logit_class_2,bert_finetune
194196,ist groß und lose Maseis hat ein kühnes Gefühl babas ist chasy xd ich habe chasy Handschrift zu Keisukes ist irgendwie,0,1,positive,0.9779220819473267,logit_class_1,bert_finetune
194602,"Wenn ich je ein gutes Lachen brauche, sehe ich mir das Entschuldigungsvideo an.",0,2,neutral,0.8884304165840149,logit_class_2,bert_finetune
195189,Je me sens encore débordé.,0,2,neutral,0.508972704410553,logit_class_2,bert_finetune
196143,Niente di peggio che fare il criminale liscio per essere in grado di pisciare nella toilette,0,2,neutral,0.8842870593070984,logit_class_2,bert_finetune
196301,Estoy pensando en dejarlo.,0,2,neutral,0.8666404485702515,logit_class_2,bert_finetune
196487,three weeks ago a friend of mine bid me goodbye before going abroad i felt happy for her as she was achieving something by making the trip,0,1,positive,0.9975148439407349,logit_class_1,bert_finetune
196550,"Er bat mich, mich in der Arbeit zu beschweren.",0,2,neutral,0.9668315052986145,logit_class_2,bert_finetune
197112,Je garde un journal dans lequel je traque tous les problèmes cognitifs que j'ai si j'ai l'impression qu'ils perturbent mon bien-être ou la façon dont je réponds à ma vie et travaille les affaires futures,1,0,negative,0.9996562004089355,logit_class_0,bert_finetune
197439,C'est pas vrai. Regarde comme ton fils est devenu poli.,1,2,neutral,0.9664209485054016,logit_class_2,bert_finetune
197850,"Votre réfutation intelligemment formulée de l'ensemble du reste de la chrétienté m'a complètement influencé, Rome est la seule vraie maison! Hurrah! Hurrah!",2,1,positive,0.7939123511314392,logit_class_1,bert_finetune
197916,"Oh man, I saw a White Forest Cake the other day and DEAR LORD I almost drooled.",1,2,neutral,0.6180175542831421,logit_class_2,bert_finetune
197940,i have been feeling a little overwhelmed of late but i am determined to enjoy the magic that is christmas,0,2,neutral,0.5133494138717651,logit_class_2,bert_finetune
198177,Mi sentivo un po' ansioso e un po' confuso.,2,0,negative,0.9871404767036438,logit_class_0,bert_finetune
198421,Empecé a sentirlo el domingo y no estaba seguro de si era seguro tomar mi valtrex antiviral o no con todos los otros medicamentos.,1,0,negative,0.5169494152069092,logit_class_0,bert_finetune
198425,J'adore quand les gens suppriment leurs commentaires et essayent de répondre avec quelque chose de bizarre,1,2,neutral,0.48166143894195557,logit_class_2,bert_finetune
198874,Suena muy mal. ¿Qué vas a hacer?,0,2,neutral,0.9543337821960449,logit_class_2,bert_finetune
199541,Rido ogni dannata volta.,1,2,neutral,0.868959903717041,logit_class_2,bert_finetune
199598,Je sens que je suis un facteur de commodité et il m'a certainement montré que je ne suis pas une considération dans son esprit avide,0,1,positive,0.7110702991485596,logit_class_1,bert_finetune
199851,[NAME] è un imbarazzo per questo stato,0,2,neutral,0.9198920726776123,logit_class_2,bert_finetune
199936,"Weil Männer das Recht haben, sich mit jungen und schlanken Frauen zu verabreden, aber wenn eine Frau mit großen, dunkelhaarigen Jungs ausgeht, werden sie ballistisch.",0,2,neutral,0.9780914187431335,logit_class_2,bert_finetune
200524,"Génial! Parlons-en ensemble. Maintenant, quand est-ce que je m'en vais alors?",2,1,positive,0.7259824275970459,logit_class_1,bert_finetune
200695,ich fühle mich immer gestärkt spirituell aber völlig entwässert physisch,0,1,positive,0.9899935126304626,logit_class_1,bert_finetune
201323,"Spam sie, bis sie verbluten.",0,2,neutral,0.9852617383003235,logit_class_2,bert_finetune
201397,"D'habitude ce n'est pas du divertissement, c'est surtout de la curiosité et de la fascination. Comme quand tu vois quelque chose d'horrible, mais ne peux pas détourner tes yeux.",1,2,neutral,0.7201454639434814,logit_class_2,bert_finetune
201496,Oh. Sorry.,0,2,neutral,0.8507091403007507,logit_class_2,bert_finetune
201731,J'ai l'impression que ce serait une vraie honte de le voir partir. Je l'ai toujours aimé comme joueur et je crois toujours qu'il peut venir aux émirats tant qu'il aura une série de jeux.,1,0,negative,0.9703587889671326,logit_class_0,bert_finetune
201987,Leggete il divorzio e uccidete tutti i consulenti matrimoniali. Per quanto faccia schifo... ti e' stato dato un regalo da lui che ti ha dato del tempo.,0,2,neutral,0.8163448572158813,logit_class_2,bert_finetune
202766,"Dieses Stück hat mehr Spaß gemacht, als es hätte sein sollen.",1,2,neutral,0.4904941916465759,logit_class_2,bert_finetune
202836,"Je pensais plus à de jolis petits poissons, grenouilles ou tortues ou à un caillou.",2,1,positive,0.9376425743103027,logit_class_1,bert_finetune
202896,Bad RLM video? That do not possible is,0,2,neutral,0.9935190081596375,logit_class_2,bert_finetune
203687,Scusa se sono un ragazzo francese.,0,2,neutral,0.93802809715271,logit_class_2,bert_finetune
204358,Disastro!!,0,2,neutral,0.9807718992233276,logit_class_2,bert_finetune
204727,Cosi' in fretta! Grazie.,2,1,positive,0.6074133515357971,logit_class_1,bert_finetune
205023,"Lo mismo me pasó a mí, pero para mi perro, abastecerse de fideos mañana para pasar el mes que viene.",0,2,neutral,0.8160916566848755,logit_class_2,bert_finetune
205070,"Io non entro molto in politica, ma se vogliono echeggiare camera lasciarli in pace non li cambierà che si arrabbieranno ancora di più",0,2,neutral,0.9101510047912598,logit_class_2,bert_finetune
205644,i am feeling a little overwhelmed about this blog as it has been two months since ive posted,2,0,negative,0.5231906175613403,logit_class_0,bert_finetune
205892,Ich rede nie mit meiner Mutter und ich bin 40.,0,2,neutral,0.9720908999443054,logit_class_2,bert_finetune
206507,ich kam zu malminkartanon ala aste alles hier sah wirklich seltsam aus und ich fühlte ich war wie wenn ich wo etwas seltsames,2,0,negative,0.5298672318458557,logit_class_0,bert_finetune
206604,"Odio este comentario. Más aún, odio la probabilidad de que este comentario llegue a buen término.",0,2,neutral,0.5268175601959229,logit_class_2,bert_finetune
206802,Vous n'avez aucune preuve que quelque chose dans cette histoire est fabriqué. Votre haine de flic aveugle veut vraiment que vous le croyiez.,0,2,neutral,0.9152513146400452,logit_class_2,bert_finetune
206814,Shhhhh vous êtes dévastateur leur argumentation. Vous pourriez les déclencher. C'est le seul déclencheur qu'ils aiment.,0,2,neutral,0.6106692552566528,logit_class_2,bert_finetune
207116,"Yes , my old friend Hanson lives there",2,1,positive,0.5837627053260803,logit_class_1,bert_finetune
207584,"Ha! Sono molto cattivi! Abbastanza carino, tho",2,1,positive,0.8410904407501221,logit_class_1,bert_finetune
207742,Wann hast du gelernt zu tanzen?,1,2,neutral,0.9005369544029236,logit_class_2,bert_finetune
207815,"Die Leute müssen aufhören, diesen Posten zu markieren. Wenn Sie zu r/stlouis kommen, dann sind Sie sich bewusst, dass wir die Rams und [NAME] hassen.",0,2,neutral,0.982799768447876,logit_class_2,bert_finetune
207916,"Oh, eso será encantador. Usted ’ será capaz de hacer muchas compras que espero.",2,1,positive,0.8290758728981018,logit_class_1,bert_finetune
209020,"Certainement. Mais s'il y a quatre d'entre nous, je ferais mieux de faire des réservations.",1,2,neutral,0.9936107993125916,logit_class_2,bert_finetune
209107,Ich benutze dies nach dem reinigenden Toner und meine Haut fühlt sich den ganzen Tag erstaunlich,2,1,positive,0.5650296807289124,logit_class_1,bert_finetune
209522,"C'est comme s'ils n'avaient pas conscience de soi, et ils se livrent à une hyperbole ridicule et s'attendent à être pris au sérieux.",2,0,negative,0.6010950803756714,logit_class_0,bert_finetune
209815,"La Coupe du Monde! Le premier match est aujourd'hui! C'est le Mexique vs. Afrique du Sud! Ça va être un très bon match! Les deux équipes ont une très forte offense et ont des joueurs qualifiés. Je pense que l' Afrique du Sud dominera probablement la première moitié, car elle est le pays hôte, et tout cela.",2,1,positive,0.6976995468139648,logit_class_1,bert_finetune
209883,Votre passion pour [NAME] a littéralement mis un grand sourire sur mon visage. Restez agités!,0,2,neutral,0.6686413288116455,logit_class_2,bert_finetune
210591,Ouais! C'est l'heure d'un hoedown!!!Qu'est-ce qu'il y a?,1,2,neutral,0.9883486032485962,logit_class_2,bert_finetune
211083,Mi sento quando arrivo alla tecnica con le cose che esce strano,2,0,negative,0.5026573538780212,logit_class_0,bert_finetune
211100,No... ¡Me dijo que estoy embarazada!,1,2,neutral,0.5400641560554504,logit_class_2,bert_finetune
211717,Halt es einfach fest und reiß es!,2,0,negative,0.6753401756286621,logit_class_0,bert_finetune
212044,"Ce soir, peut-être qu'un vrai homme pourrait venir me donner une leçon.",0,2,neutral,0.9252204298973083,logit_class_2,bert_finetune
212779,*Hey vient de remarquer..* c'est votre **5ème Cakeday** mélodesign! ^(hug),2,1,positive,0.9775689244270325,logit_class_1,bert_finetune
213115,"J'ai mal à la tête, mais...",2,0,negative,0.7613862752914429,logit_class_0,bert_finetune
213912,But it was her that makes us so embarrassed .,0,2,neutral,0.8402209281921387,logit_class_2,bert_finetune
213934,"Well , thanks anyway .",1,2,neutral,0.6194205284118652,logit_class_2,bert_finetune
214566,i am attracted to a male that i feel weird and wrong,0,2,neutral,0.5150113105773926,logit_class_2,bert_finetune
214865,"Ich habe früher bei einem Unfall gegessen, aber ich fühle mich komisch.",2,0,negative,0.5206361413002014,logit_class_0,bert_finetune
214983,E' una cosa bellissima! Buona fortuna!,2,1,positive,0.8894643187522888,logit_class_1,bert_finetune
215498,J'écris ceci je suis assis sur le train sur le chemin de l'aéroport de Gatwick en attendant qu'il parte de la gare de pont london se sentant un peu étrange,0,2,neutral,0.5142307877540588,logit_class_2,bert_finetune
215524,"im Gefühl wirklich aufgeregt und bereit, über etwas Dummes zu schnappen",0,1,positive,0.9209219217300415,logit_class_1,bert_finetune
215757,someone should of grabbed [NAME] by his foot and use him as a club to bash [NAME]..,0,2,neutral,0.8575217723846436,logit_class_2,bert_finetune
216187,Dico di no o in discoteca se vengono a Damce con me me ne vado.,0,2,neutral,0.9664889574050903,logit_class_2,bert_finetune
216207,"Eso puede funcionar en General, pero creo que todavía habría problemas.",0,2,neutral,0.9407894015312195,logit_class_2,bert_finetune
216808,"Fuck you, that's how",0,2,neutral,0.5608930587768555,logit_class_2,bert_finetune
217417,C'est certainement le cas.,1,2,neutral,0.701881468296051,logit_class_2,bert_finetune
217423,Mi sento così strano nello smalto brillante,0,2,neutral,0.5004750490188599,logit_class_2,bert_finetune
219118,Je vous aime tous et je suis vraiment reconnaissante et bénie par qui vous êtes tous.,0,1,positive,0.9837268590927124,logit_class_1,bert_finetune
219861,Yeah . Anytime .,1,2,neutral,0.868487536907196,logit_class_2,bert_finetune
220316,"Yeah, empathy, a hell of a drug ;)",0,2,neutral,0.8075941205024719,logit_class_2,bert_finetune
221160,"Esto es vergonzoso, pero mientras purgo uso una almohadilla o no uso pantalones en absoluto. Los trastornos alimenticios son tan hermosos /s",2,1,positive,0.6272047758102417,logit_class_1,bert_finetune
222070,"Was zum Teufel ist das wirklich??- Nein, nein, nein, nein, nein, nein, nein, nein, nein, nein, nein, nein, nein, nein, nein, nein, nein, nein, nein, nein, nein, nein, nein, nein, nein, nein, nein, nein, nein, nein, nein, nein, nein, nein, nein, nein, nein, nein, nein, nein, nein, nein, nein, nein, nein, nein, nein, nein, nein, nein, nein, nein, nein, nein, nein, nein, nein, nein. nein, nein, nein, nein. nein, nein, nein, nein, nein. nein, nein, nein, nein, nein. nein, nein, nein, nein. nein, nein, nein, nein. nein, nein nein. nein, nein, nein. nein, nein. nein.",2,0,negative,0.6304482817649841,logit_class_0,bert_finetune
222481,Sto leggendo un sacco di libri sui due paesi. Mi piace la cultura.,2,1,positive,0.8179203867912292,logit_class_1,bert_finetune
222566,"It will give rise to occasional insomnia . OK , let's enjoy the tea before it gets cold .",1,2,neutral,0.9296512007713318,logit_class_2,bert_finetune
222993,"Eh bien, tout d'abord, il est beaucoup plus grand. Il a le même nombre de chambres, mais chaque chambre est plus grande. Nous avons aussi un plus grand jardin, que notre chien aime, bien sûr!",1,2,neutral,0.633700430393219,logit_class_2,bert_finetune
223300,Niente di che. E tu? Va tutto bene?,1,2,neutral,0.9780213832855225,logit_class_2,bert_finetune
223474,"Ich habe das Gefühl, dass selbst die Ärzte mir nicht helfen können, dass sie sich nicht darum kümmern können, etwas zu tun.",0,1,positive,0.6688620448112488,logit_class_1,bert_finetune
223699,Suena espasticado.,0,1,positive,0.5133224725723267,logit_class_1,bert_finetune
224062,"Ich merke immer mehr, wie schnell ich wieder zum Fließen komme und es sich erstaunlich anfühlt",2,1,positive,0.50749272108078,logit_class_1,bert_finetune
225190,"Je comprends faire plus de coke si vous êtes accro à elle, mais quand vous le mélangez avec Hiv, vous êtes officiellement mentalement dérangé (crazy)",2,0,negative,0.6477254629135132,logit_class_0,bert_finetune
225973,"It's like they have no self-awareness, and they just engage in ridiculous hyperbole and expect to be taken seriously.",2,0,negative,0.7411333322525024,logit_class_0,bert_finetune
225991,i just feel overwhelmed,0,2,neutral,0.5625250339508057,logit_class_2,bert_finetune
227049,Alors garderons-nous l'amitié pure?,0,2,neutral,0.9935505390167236,logit_class_2,bert_finetune
227063,Ho letto un libro fisico non un libro e o qualsiasi altro media elettronico mi sento più calmo come i m in vacanza o qualcosa che può avere strane implicazioni per il mio sentimento e approcci alle tecnologie in generale,2,1,positive,0.9809443950653076,logit_class_1,bert_finetune
227104,Is this in New Orleans?? I really feel like this is New Orleans.,1,2,neutral,0.6807631850242615,logit_class_2,bert_finetune
227481,Je sais ce que tu ressens pour ta femme qui ne t'aime pas.,1,0,negative,0.5844809412956238,logit_class_0,bert_finetune
227551,"Nous sommes habitués à un temps froid fou mais c'est bien pire, beaucoup de gens restent juste à l'intérieur jusqu'à jeudi.",0,2,neutral,0.929577648639679,logit_class_2,bert_finetune
227817,No me siento bien en todos lados.,0,1,positive,0.7042175531387329,logit_class_1,bert_finetune
227942,Je n'ai vraiment pas le temps de m'occuper de certains geek d'ordinateur lovesick.,2,1,positive,0.9071674942970276,logit_class_1,bert_finetune
228061,Ils sont tous bons.,1,2,neutral,0.72972571849823,logit_class_2,bert_finetune
228673,"Non fare il furbo con me. Ecco, fallo di nuovo, ma fallo bene questa volta.",0,2,neutral,0.9612511396408081,logit_class_2,bert_finetune
228947,Das sieht aus wie ein Albtraum.,2,0,negative,0.7281022071838379,logit_class_0,bert_finetune
229832,"Es tut mir schrecklich leid, /u/bookluvr83, aber ich fürchte, ich muss mich mit dem Geben-du-Scheiß-für-nicht-like-Brownies Zug verbinden. ^kidding ^^^kinda",0,2,neutral,0.7924838662147522,logit_class_2,bert_finetune
229875,i feel scotland and i feel ireland strange but true,2,0,negative,0.5685009956359863,logit_class_0,bert_finetune
230026,Ich spüre eine seltsame Präsenz,0,2,neutral,0.5257753729820251,logit_class_2,bert_finetune
230087,"Ich denke, dass jeder einen natürlichen Stressbereich hat, in dem sie bequem sitzen können, ohne sich total überwältigt zu fühlen.",0,2,neutral,0.5093929767608643,logit_class_2,bert_finetune
230612,Me encantaría si pudiésemos poner a todos en campos de trabajo tan pronto como cumplan 12. ¡La propiedad que viene sería cosa del pasado!,2,1,positive,0.9613986611366272,logit_class_1,bert_finetune
230909,"Strano, l'FBI ha fatto un'indagine e ha dimostrato che non e' mai successo. I cavalieri bianchi mi fanno rabbrividire.",2,0,negative,0.5805269479751587,logit_class_0,bert_finetune
230972,Mi sento come se fossi io quello che ha avuto il regalo più incredibile,1,2,neutral,0.5927939414978027,logit_class_2,bert_finetune
231113,"Eh bien, les filles comme nous sont heureuses de passer notre temps sur ce genre de choses. En fait, est-ce qu'on a encore une réunion cet après-midi?",1,2,neutral,0.8984171152114868,logit_class_2,bert_finetune
231150,"Sie würden die Episode der Boondocks lieben, die die Rückkehr des Königs genannt werden.",2,1,positive,0.8156359195709229,logit_class_1,bert_finetune
231238,"Wie wäre es, mit mir meine amerikanischen Freunde zu treffen?",1,2,neutral,0.8184434771537781,logit_class_2,bert_finetune
232132,i have a feeling itll look even more amazing in person,1,2,neutral,0.5997624397277832,logit_class_2,bert_finetune
232182,"J'ai l'impression que les réalisations sont incroyables, mais j'ai l'impression qu'elles deviennent moins exaltantes.",1,2,neutral,0.5042613744735718,logit_class_2,bert_finetune
232269,"Bon à savoir, et ça réjouit mon cœur d'entendre que tu vas bien! <3 (à l'exclusion des véhicules à moteur à allumage par compression et des véhicules à moteur à allumage par compression, des véhicules à moteur à allumage par compression et des véhicules à moteur à allumage par compression, des véhicules à moteur à allumage par compression, des véhicules à moteur à allumage par compression, des véhicules à moteur à allumage par compression et des véhicules à moteur à allumage par compression, des véhicules à moteur à allumage par compression, des véhicules à moteur à allumage par compression, des véhicules à moteur à allumage par compression et des véhicules à allumage par compression, des véhicules à moteur à allumage par compression, des véhicules à moteur à allumage par compression, des véhicules à moteur à allumage par compression et des véhicules à allumage par compression, des véhicules à moteur à allumage par compression, des véhicules à moteur à allumage par compression, des véhicules à moteur à allumage par compression, des véhicules à moteur à allumage par compression, des véhicules à moteur à allumage par compression, des véhicules à allumage par compression, des véhicules à allumage par compression, des véhicules à allumage par compression, des véhicules à allumage par compression, des véhicules à allumage par compression, des véhicules à allumage par compression, des véhicules à allumage par compression, des véhicules à moteur à allumage par compression, des motocycles",2,1,positive,0.9793622493743896,logit_class_1,bert_finetune
233027,i feel like a strange antisocial creature diffi,0,2,neutral,0.5392956137657166,logit_class_2,bert_finetune
233513,"Hey, wenigstens hast du eine Freundschafts-Gruppen-Chat",1,2,neutral,0.9461771845817566,logit_class_2,bert_finetune
235440,L'excuse [NAME] doit mourir. [NAME] était sur le banc pendant une période prolongée quand la défense des Raps a fait [NAME] flippant [NAME] ressemble à une étoile.,0,2,neutral,0.740439236164093,logit_class_2,bert_finetune
235803,"Bien, gracias. Tengo varios amigos para cenar este sábado. Y me preguntaba si tienes tiempo para unirte a nosotros.",1,2,neutral,0.7998103499412537,logit_class_2,bert_finetune
237125,venir à cette conférence et vous écouter parler de sentiments,1,0,negative,0.6934703588485718,logit_class_0,bert_finetune
237630,"Ich erinnere mich dass ich diese liebenswerten Gefühle jeden nach Mittag fühlte wenn ich sah wird online kommen, aber nur um meine nutzlosen Informationen hier zu quetschen, erinnere ich mich auch an die Zeit wo ich zugab zu wollen, dass ich eine Verknallung auf kurt hatte und dass nicht Ende sehr hübsch",1,0,negative,0.9995630383491516,logit_class_0,bert_finetune
237770,i feel weird and hot and not myself,0,2,neutral,0.6205486059188843,logit_class_2,bert_finetune
237892,"Si tratta di una mossa intelligente, ma danneggia anche il business e forse falso. E' scortese.",0,2,neutral,0.7735844850540161,logit_class_2,bert_finetune
239891,"Ich habe das Gefühl, mich einzuleben, aber ich bin mir nicht sicher, ob das mit Alter oder Lage auf meiner Reise zu tun hat.",0,1,positive,0.541418731212616,logit_class_1,bert_finetune
240029,"I don't really . I just like wildlife , and you don't get to see too much of it in the city . This place is full of it .",1,2,neutral,0.9000190496444702,logit_class_2,bert_finetune
240088,ich fühle mich seltsam und total verwirrt,0,2,neutral,0.5391090512275696,logit_class_2,bert_finetune
240651,"Jetzt, wo die Sieger sind",0,2,neutral,0.9218977093696594,logit_class_2,bert_finetune
240758,Le canard a l'air très digne. Certains pourraient même dire qu'il a l'air présidentiel.,1,2,neutral,0.5160731673240662,logit_class_2,bert_finetune
241027,Esto se siente genial. Estoy todo listo. Puedo seguir toda la noche.,2,1,positive,0.9023329019546509,logit_class_1,bert_finetune
242404,cuochi rifiutati di darmi da mangiare,0,2,neutral,0.9393019676208496,logit_class_2,bert_finetune
243451,meine Mutter,1,0,negative,0.9566186666488647,logit_class_0,bert_finetune
243722,Una volta ho perso un branco da sei. Per un buon anno ogni fermata del traffico divenne un test di sobrieta' sul campo.,0,2,neutral,0.8835525512695312,logit_class_2,bert_finetune
244198,Je me souviens du dernier moment sacré avec mon grand-père.,1,0,negative,0.9016077518463135,logit_class_0,bert_finetune
244947,It was pretty cool seeing him play all the horrible games based off his childhood stardom on AVGN’s YouTube channel. Fucking [NAME].... Bane of my childhood.,1,2,neutral,0.5846848487854004,logit_class_2,bert_finetune
245132,Tengo la sensación de que incluso si esta era la única línea allí arriba Jesse podría hacer la caminata de nuevo sólo para terminar este increíble proyecto,2,1,positive,0.7037494778633118,logit_class_1,bert_finetune
246101,Siento que hemos traído a bordo profesores increíbles y paras para apoyar nuestro clima y cultura de colaboración profesional y diversión,2,1,positive,0.5364787578582764,logit_class_1,bert_finetune
246226,J'ai pris des dispositions avec un ami pour m'aider.,2,0,negative,0.9957024455070496,logit_class_0,bert_finetune
246393,This is amazing,1,2,neutral,0.5701906085014343,logit_class_2,bert_finetune
246423,"If you want spicy food , then I'd recommend going to a Thai , Indian or Chinese restaurant . How about that Chinese buffet on Cowley Road ?",1,2,neutral,0.9856007695198059,logit_class_2,bert_finetune
246631,Non c'è da meravigliarsi che suo figlio sia così intelligente.,2,1,positive,0.6867774128913879,logit_class_1,bert_finetune
246771,My [NAME] accuses me of cheating all the time too when I’ve been nothing but loyal. Makes me wonder if she was cheating on me too...,0,2,neutral,0.5196956992149353,logit_class_2,bert_finetune
247269,Je sens quelque chose d'un pauper en comparaison mais pas envieux,0,1,positive,0.607123851776123,logit_class_1,bert_finetune
248046,Welche Art von Musik magst du am besten?,1,2,neutral,0.9772878885269165,logit_class_2,bert_finetune
248289,Je suis d'accord avec vous. Il en coûtera trop pour rejoindre l'exposition à l'étranger.,2,1,positive,0.5543909668922424,logit_class_1,bert_finetune
248341,"Je suis très inquiet, docteur.",2,0,negative,0.6706398725509644,logit_class_0,bert_finetune
248785,Cuando [NAME] como “deberíamos tener un bebé alienígena” y [NAME] parecía tan feliz,2,1,positive,0.7684347033500671,logit_class_1,bert_finetune
248862,C'est quand?,1,2,neutral,0.947290301322937,logit_class_2,bert_finetune
249044,Puedo confirmar que hace mucho frío en Chicago hoy.,2,0,negative,0.8896073698997498,logit_class_0,bert_finetune
249649,"Se fossi uno di quelli e i miei genitori ne avessero avuto bisogno, ovviamente lo farei. Tutti gli altri: vaffanculo, pagami.",2,0,negative,0.9275975823402405,logit_class_0,bert_finetune
249833,I love the bamboo flooring and granite countertops .,1,2,neutral,0.7895342707633972,logit_class_2,bert_finetune
250451,"Creo que cualquier país que tiene gente hambrienta, y demasiados animales en los refugios, no tiene un problema alimentario, tiene un problema prioritario.",0,2,neutral,0.9592007994651794,logit_class_2,bert_finetune
250629,Don't be afraid . Give it a try .,2,1,positive,0.568019688129425,logit_class_1,bert_finetune
250850,[NAME] me hace querer golpear almohadas feas.,0,2,neutral,0.8810117244720459,logit_class_2,bert_finetune
250946,"Verdammt, du und deine Fakten.",0,2,neutral,0.5985177159309387,logit_class_2,bert_finetune
251133,Siento que no pensé que un día como este llegaría un día en el que una chica divertida y dulce como tú sería atrapada en un lío tan grande,1,2,neutral,0.9719995856285095,logit_class_2,bert_finetune
251721,Pero' odiavo ancora il sistema. Mi sentivo penalizzato per aver usato qualcosa che non fosse il raggio di potenza dell'intero gioco.,0,2,neutral,0.7495343089103699,logit_class_2,bert_finetune
252957,"Santo cielo, eres patético. Espero que tengas seguro. La terapia es cara.",0,2,neutral,0.8969749808311462,logit_class_2,bert_finetune
253010,Mi sento come se sarei sopraffatto con quel tanto punto da im tipo di sopraffatto con quello che ho,2,0,negative,0.5303919911384583,logit_class_0,bert_finetune
254044,Je me sens comme si je devais parfaitement accepter et passer de tout ce qui s'est passé montrer h amour physiquement et ne pas laisser aucune de mes blessures ou de la douleur montrer,0,1,positive,0.9785386919975281,logit_class_1,bert_finetune
254380,"im feeggggg soooooo schrecklich in süß siebzehn auf diese Zeit hahahaha omg im wirklich glücklich leid, wenn id verärgert Sie",1,0,negative,0.7126176357269287,logit_class_0,bert_finetune
254961,"No , I'm a tourist . This place is amazing ! It's much bigger than I imagined , and much more exciting ! There's so much to see here .",2,1,positive,0.604261040687561,logit_class_1,bert_finetune
255021,"Pas de problème, allez demander.",1,2,neutral,0.7507028579711914,logit_class_2,bert_finetune
255086,"Tout va bien? Qu'est-ce qu'il y a? C'est quoi, ça? Elle est canon!",1,2,neutral,0.9112535119056702,logit_class_2,bert_finetune
255318,"Schön, einfach gut. Vielen Dank.",2,1,positive,0.7641916275024414,logit_class_1,bert_finetune
255462,WHAT THE HELL?!?!?!?,2,0,negative,0.5169625282287598,logit_class_0,bert_finetune
255581,I know why Mr . Fro didn't like our ad idea ! He doesn't know the first thing about coffee .,0,2,neutral,0.9711441397666931,logit_class_2,bert_finetune
256273,ive s'est sentie bizarre ces derniers temps comme si je suis seule mais libre,2,0,negative,0.5200008153915405,logit_class_0,bert_finetune
257845,In Ordnung. Das klingt fair.,1,2,neutral,0.6182961463928223,logit_class_2,bert_finetune
257982,"Je n'ai pas été le seul cette fois, alors je suppose que ça me fait me sentir pas si salope",1,0,negative,0.6779366731643677,logit_class_0,bert_finetune
258117,"[NAME] Konzentrieren Sie sich auf die lokale Politik, da es am einfachsten ist, Ihren Betrug und Korruption dort unten zu verstecken.",0,2,neutral,0.9792714715003967,logit_class_2,bert_finetune
258205,J'ai eu l'impression que son incroyable knack pour le travail d'équipe et la synchronisation a joué un grand rôle dans son succès,2,1,positive,0.53651362657547,logit_class_1,bert_finetune
258619,[NAME] frenesí es una broma,1,2,neutral,0.661250650882721,logit_class_2,bert_finetune
258772,¡¡¡¡¡¡¡¡¡¡¡¡¡¡¡¡¡¡¡¡¡¡¡¡¡¡¡¡¡¡¡¡¡¡¡¡¡¡¡¡¡¡¡¡¡¡¡¡¡¡¡¡¡¡¡¡¡¡ ¡¡¡¡¡¡¡¡¡¡¡¡¡¡¡¡¡¡¡¡¡¡¡¡¡¡¡¡¡¡¡¡¡¡¡¡¡¡¡¡¡¡¡¡¡¡¡¡¡¡¡¡¡¡¡¡¡¡ Es la definición de un mendigo exigente. Das una mano y quieren tu brazo.,2,0,negative,0.5950759053230286,logit_class_0,bert_finetune
258995,What rights do men have that women don't in the west? Damn.,0,2,neutral,0.7624185681343079,logit_class_2,bert_finetune
259106,Parce que je pense que c'est ennuyeux,2,0,negative,0.9642206430435181,logit_class_0,bert_finetune
259599,"Je m'attendais à casser la première à la veille de la journée, donc je me sens assez mal.",1,0,negative,0.647114634513855,logit_class_0,bert_finetune
261631,Ich fühle das Gesetz ist absolut lächerlich er sagte,0,2,neutral,0.6014244556427002,logit_class_2,bert_finetune
261706,Siento que sí impresiona y la vista desde el balcón es bastante encantador de la aldea suburbana y verde como cualidades de encabezado a,1,2,neutral,0.9884058237075806,logit_class_2,bert_finetune
261751,"Ich tue nicht wirklich viel in der Art und Weise der persönlichen Posting in diesen Teilen, aber ich fühle mich ziemlich bedenklich verdammt Sie nye mit Ihren Resolutionen und Ihre was ich in Listen erreicht und Ihre Entschlossenheit, uns zu zwingen, fröhlich zu sein",1,0,negative,0.9288132786750793,logit_class_0,bert_finetune
262233,No puedo hablar por mí mismo si siento que estoy equivocado de lo contrario se ve como falta de respeto cuando todo lo que trato de hacer es ser respetuoso y servicial,0,1,positive,0.9926142692565918,logit_class_1,bert_finetune
263402,"Ich weiß nicht, ob es meine Erschöpfung meine Kinder endlose wilde Energie oder beides ist, aber ich fühle mich ein wenig überwältigt jetzt",2,0,negative,0.5057387948036194,logit_class_0,bert_finetune
263543,It is a great pleasure for me to have this opportunity for interview .,1,2,neutral,0.8156258463859558,logit_class_2,bert_finetune
263577,"Je vous remercie. C'est quoi, ça? Pouvez-vous me parler de la terrine?",1,2,neutral,0.5802062749862671,logit_class_2,bert_finetune
263659,"Si', lo farei, grazie.",1,2,neutral,0.5595368146896362,logit_class_2,bert_finetune
264461,Das ist gut. Wohnst du hier in der Nähe?,1,2,neutral,0.6586803793907166,logit_class_2,bert_finetune
265606,Tutti stanno andando alla grande. Mia sorella ha finalmente avuto il suo bambino.,2,1,positive,0.660413920879364,logit_class_1,bert_finetune
266224,"D'habitude, je rencontre des amis et on fait du sport ensemble ou je passe du temps seul sur mes passe-temps. Je passe la soirée d'hiver regarder la télévision, mais je passe la soirée d'été à des événements culturels si j'ai le temps",2,1,positive,0.6788385510444641,logit_class_1,bert_finetune
266421,Don ’ t do this ! Don ’ t do that ! You mustn ’ t do this ! You can ’ t do that !,0,2,neutral,0.8830531239509583,logit_class_2,bert_finetune
266639,J'ai l'impression d'humilier mon meilleur ami dans la salle à manger pour que les enfants cool m'aiment.,0,1,positive,0.8078473806381226,logit_class_1,bert_finetune
266754,"Non e' un centro ad incasso, c'e' un bordo tagliato all'esterno. E' del melting pot, il miglior ristorante di fonduta!",2,1,positive,0.6114439964294434,logit_class_1,bert_finetune
267610,"Simplemente no me gusta atravesar la nieve, y cómo la sal mancha algunas de mis botas, y el desorden que deja en casa.",0,2,neutral,0.6144428849220276,logit_class_2,bert_finetune
267731,"Well , you should come this weekend . I think you could do the climb .",1,2,neutral,0.5673094391822815,logit_class_2,bert_finetune
267831,"""Puede que sientas un poco de molestia""",2,0,negative,0.9278581738471985,logit_class_0,bert_finetune
268637,"Ok, progressi. Non solo ho presentato più fatti, ho anche fatto alcune domande. Ancora senza risposta, purtroppo.",0,2,neutral,0.8717653155326843,logit_class_2,bert_finetune
268708,"Beh, allora sopravvivivi il tuo nemico, ottieni il tuo vecchio io che è il nemico e puoi sopravvivere il nemico",0,2,neutral,0.9883134365081787,logit_class_2,bert_finetune
268991,"No, questo sub adora puig lol",1,2,neutral,0.9237635135650635,logit_class_2,bert_finetune
269906,si è ammalato.,0,2,neutral,0.8820553421974182,logit_class_2,bert_finetune
270106,i feel is a rather more strange choice that doesnt quite work,2,0,negative,0.5088047385215759,logit_class_0,bert_finetune
270231,J'ai aussi l'impression d'avoir été vraiment glorieuse ces dernières semaines.,0,1,positive,0.9257660508155823,logit_class_1,bert_finetune
270310,"This is a hige step! Congratulations, and looking forward to hearing about your recovery. You have a whole new free life to look forward to :)",2,1,positive,0.9477189183235168,logit_class_1,bert_finetune
270782,Je pouvais déjà sentir la différence dans la force pendant la classe technique et trois classes dans je commence à trouver mon équilibre bien qu'il est encore assez difficile affaires,0,1,positive,0.9981505274772644,logit_class_1,bert_finetune
271388,Grazie per avermi spiegato. Spero che compilerai il sondaggio!,2,1,positive,0.7187786102294922,logit_class_1,bert_finetune
271595,"Ich muss zugeben, dass ich aufgeregt bin, dass er auch zurückgeht, obwohl ich mir Sorgen darüber mache, wie er mit dem Übergang umgehen wird und ich über seine Fähigkeit besorgt bin, aufzuholen, ohne mich überwältigt zu fühlen.",0,2,neutral,0.4994620978832245,logit_class_2,bert_finetune
271654,Me quedé sintiéndose conmocionada y perturbada.,0,2,neutral,0.5088209509849548,logit_class_2,bert_finetune
271696,Ti ho preso. Perche' pensi che tu li stia allontanando? Mi sento come se ti incolpassi molto di piu' di quanto dovresti essere.,0,2,neutral,0.8539102673530579,logit_class_2,bert_finetune
272325,"Si', faro' del mio meglio per evitare una rissa. Probabilmente mi ha ucciso.",0,2,neutral,0.7077733278274536,logit_class_2,bert_finetune
272806,ive a encore ce problème bizarre de se sentir bizarre,2,0,negative,0.5380797982215881,logit_class_0,bert_finetune
273571,"Les personnes qui choisissent de travailler pour les ONG font déjà beaucoup moins que leurs homologues de l'entreprise, voulez-vous qu'elles travaillent gratuitement?",0,2,neutral,0.9930115342140198,logit_class_2,bert_finetune
274434,"Recuerdo que también me sentí algo calmada, lo que me sorprendió.",1,2,neutral,0.6766818761825562,logit_class_2,bert_finetune
274622,Soy exactamente lo contrario. La idea de no existir más me relaja y me hace querer terminarla,2,1,positive,0.7561067342758179,logit_class_1,bert_finetune
274844,"Eso suena bien. Pero, ¿qué quieres que haga allí?",2,1,positive,0.502605140209198,logit_class_1,bert_finetune
275306,"Darn ! Oh , well . I guess it ’ s just not my day . Thanks anyway .",0,2,neutral,0.5942939519882202,logit_class_2,bert_finetune
275788,"Ich mag es, wie Leute sich aufregen, wenn jemand darüber spricht, wie sie dieses Spiel mögen. DayZ kann das auslösende Spiel aller Zeiten sein!",2,1,positive,0.8315379619598389,logit_class_1,bert_finetune
276413,Grazie. Ma non credo che mi preoccupero'.,1,2,neutral,0.8733154535293579,logit_class_2,bert_finetune
276545,Je ne peux m'empêcher de sentir qu'une partie de moi est morte et je me suis rendu compte que les gens qui craignent le plus peuvent bien être coupables d'avoir commis le même acte qu'ils craignent.,1,0,negative,0.969741940498352,logit_class_0,bert_finetune
276636,"Beh, sei tu al cellulare)",1,2,neutral,0.8514227867126465,logit_class_2,bert_finetune
276649,Capisco. Si sente molto leggera sulla pelle.,1,2,neutral,0.9268358945846558,logit_class_2,bert_finetune
276889,"Mi sento a disagio, poi me ne vado.",0,2,neutral,0.590518057346344,logit_class_2,bert_finetune
277480,"""Oh, tu voudrais que ça te plaise?""",1,2,neutral,0.9042290449142456,logit_class_2,bert_finetune
278514,"Con piacere, amico. Ma prima di iniziare, devo sapere a cosa ti serve una bici?",1,2,neutral,0.8977627158164978,logit_class_2,bert_finetune
278725,"Kommen Sie noch einmal spät nach Hause, und Sie finden Ihre Sachen draußen.",0,2,neutral,0.982477605342865,logit_class_2,bert_finetune
279231,¡Lo mismo! Me hace querer abrazarlos y darles de comer leche.,1,2,neutral,0.5198056101799011,logit_class_2,bert_finetune
279310,Sé que cuando estoy en realidad me siento increíble,2,1,positive,0.5664045214653015,logit_class_1,bert_finetune
279520,"Oh , Joanne , are we making a big mistake ? I know our relationship has been on the rocks for sometime but are you sure we can ’ t reconcile and try again ? I still love you .",1,2,neutral,0.9935795068740845,logit_class_2,bert_finetune
280009,>mein Lieblings 49er aller Zeiten Ein gewisser Herr [NAME] gehört mir. Herr [NAME] ist ein knapper 3. hinter Herrn [NAME],1,2,neutral,0.6971220970153809,logit_class_2,bert_finetune
280079,"> nicht einmal beschwert, wie schlecht ihre Situation war, weil sie kaum beteiligt war.",0,2,neutral,0.6597486734390259,logit_class_2,bert_finetune
280715,"En fait, je me sentais très avide et bien à propos de tout.",1,0,negative,0.5378759503364563,logit_class_0,bert_finetune
280904,Comment oser u/Reijka92 irrespect [NAME] comme ça!,0,2,neutral,0.930281937122345,logit_class_2,bert_finetune
280975,Questo è quello che ho provato con un insegnante che ha messo giù segni piuttosto irreali,0,2,neutral,0.7009907364845276,logit_class_2,bert_finetune
281835,"J'avais l'intention de dire ""ne me kinkshame"" puisque j'aime les mecs de toutes tailles, mais qu'est-ce que c'est",1,2,neutral,0.7625018954277039,logit_class_2,bert_finetune
282130,Un match de cri? Tu es tellement drôle. Vous devez exagérer. Je n'y crois pas.,2,1,positive,0.565085768699646,logit_class_1,bert_finetune
283179,i still feel a little weird that i am sooooooooo far behind,0,2,neutral,0.5284576416015625,logit_class_2,bert_finetune
283714,I just read this the other day for the first time since I was a kid. What an influential book.,2,1,positive,0.5938829183578491,logit_class_1,bert_finetune
283842,D'une finale à la finale suivante devrait être une année entière alors elle va être enceinte pendant toute une année lmao,1,2,neutral,0.9798751473426819,logit_class_2,bert_finetune
283859,"I don t think you do.If you do, I d'd have a car.See, you know how to take the reservation, you just don don t know how to hold the reservation and that double s really the most important part of the reservation, the holding. Chiunque puo' prenderli.",0,2,neutral,0.8427581191062927,logit_class_2,bert_finetune
284158,Te estoy pidiendo que comiences el proceso de sanación perdonándote a ti mismo por sentir vergüenza frustración indigna e incluso odio que ha sido creado dentro de ti por aquellos que afirman representar a nuestro amoroso Dios que da y ama,1,0,negative,0.9352273941040039,logit_class_0,bert_finetune
284515,Je vais être honnête en disant que je suis allé à la nomination déjà découragé défait et ne pas avoir l'espoir,1,0,negative,0.9912458062171936,logit_class_0,bert_finetune
284528,Mi sento strano a preferire di andare alla mia comunità spin piuttosto che la mia comunità luterana,2,0,negative,0.5093953013420105,logit_class_0,bert_finetune
285130,Tomé la decisión de bloguear menos siento que puedo ganar el control de nuevo lo que se siente increíble,2,1,positive,0.5121898055076599,logit_class_1,bert_finetune
285568,USTED GLOVES USTED MANIAC,0,2,neutral,0.8675289154052734,logit_class_2,bert_finetune
285786,"Je devrais avoir peur de ma peau, mon cœur se sent calme, frais et ramassé.",1,0,negative,0.793528139591217,logit_class_0,bert_finetune
285802,Why would you say that... Oh my [NAME] those tags!,0,2,neutral,0.856349766254425,logit_class_2,bert_finetune
286498,Ho una ragazza.,1,2,neutral,0.7051684856414795,logit_class_2,bert_finetune
287402,"> Verkehr durch dort im Sommer ist schrecklich, weil das, wo jeder sein will. Ihr Leben beginnt sich um Brückenzeit zu drehen.",0,2,neutral,0.6164446473121643,logit_class_2,bert_finetune
287575,"Du hast die Chance verpasst, es zu titeln [NAME] :(",0,2,neutral,0.6377142071723938,logit_class_2,bert_finetune
287591,"Puedo apreciar eso, pero los soplones tienen puntos por desgracia",0,2,neutral,0.5491647124290466,logit_class_2,bert_finetune
287763,Por suerte me convertí en muy buen amigo de uno. Definitivamente nos ayudamos mutuamente a tratar nuestro dolor de él... tan surrealista lo bien que giran esas mentiras.,0,2,neutral,0.41637924313545227,logit_class_2,bert_finetune
288672,"op dit ""un couple d'autobus est aussi très bien"" sauter sur les 15l, 2 arrêts et une promenade de 1 bloc vous amène au snug.",2,1,positive,0.5161153078079224,logit_class_1,bert_finetune
288729,Ich fühle mich seltsam über diesen Beitrag zu schreiben,0,2,neutral,0.5243030190467834,logit_class_2,bert_finetune
289504,Je veux que ce regard la rende superbe.,1,2,neutral,0.5932038426399231,logit_class_2,bert_finetune
289535,Es agresiva en todas las peleas de TLJ. Incluso acosaba a ese pobre vagabundo.,0,2,neutral,0.7807937860488892,logit_class_2,bert_finetune
289892,Je me sens bizarre ou coupable du fait que j'ai peur d'être loin de ma fille ou du fait que je ressens de l'anxiété quand elle n'est pas avec mon mari ou moi,2,0,negative,0.5038912296295166,logit_class_0,bert_finetune
290082,Me siento un poco de alivio que es bastante increíble,2,1,positive,0.633305013179779,logit_class_1,bert_finetune
290212,No contesta. Será mejor que revises su pulso y su respiración.,0,2,neutral,0.9858723282814026,logit_class_2,bert_finetune
290878,me . too i like the festival best of all .,2,1,positive,0.8999125957489014,logit_class_1,bert_finetune
291116,"Dies ist so subtil wie die zweite Wahl ist der MP sagt, Sie gehen und ficken Sie sich.",2,0,negative,0.9637887477874756,logit_class_0,bert_finetune
291540,Je n'arrive pas à croire qu'il ait raconté cette histoire. Je suis sûr que le ministre qui a libéré l'eau regrette totalement de ne pas demander un bj!,0,2,neutral,0.760216474533081,logit_class_2,bert_finetune
291835,"Oui, elle a l'air mignonne dans cette photo.",1,2,neutral,0.66518634557724,logit_class_2,bert_finetune
291879,Certainly . ( Take a table-cloth to her ),1,2,neutral,0.9915292263031006,logit_class_2,bert_finetune
292336,"No, I don't mind all that much. I just hate being subjected to second hand carcinogens",0,2,neutral,0.9980183839797974,logit_class_2,bert_finetune
292345,Me siento mucho menos abrumado ahora,0,2,neutral,0.5140541195869446,logit_class_2,bert_finetune
292364,Siento tu dolor. ¡Sentado aquí revolcándome en la autocompasión y la ira por cómo me dejé ir!,2,0,negative,0.6458944082260132,logit_class_0,bert_finetune
293678,Good luck and wear condom,2,1,positive,0.5093860030174255,logit_class_1,bert_finetune
293843,“Children transing is abuse though ... and I'm not even speaking about dangers of hrt”,0,2,neutral,0.9691653847694397,logit_class_2,bert_finetune
293949,"I hate to sound like we're in a Santa Monica coffee shop, but keto diets are incredibly effective if you can stick to it",0,2,neutral,0.9936085939407349,logit_class_2,bert_finetune
294496,Tout le monde adorait le commerce des collations.,1,2,neutral,0.7413209080696106,logit_class_2,bert_finetune
295044,"Es gibt keine Notwendigkeit für Wut, aber Kränkung und Verlegenheit sind gefordert.",0,2,neutral,0.9090847969055176,logit_class_2,bert_finetune
295159,"Mal sehen. - Ja, Mary. - Nein, nein, nein, nein, nein, nein, nein, nein, nein, nein, nein, nein, nein, nein, nein, nein, nein, nein, nein, nein, nein, nein, nein, nein, nein, nein, nein, nein, nein, nein, nein, nein, nein, nein, nein, nein, nein, nein, nein, nein, nein, nein, nein, nein, nein, nein, nein, nein, nein, nein, nein, nein, nein, nein, nein, nein, nein, nein, nein, nein, nein, nein, nein, nein, nein. nein, nein, nein. Lassen Sie uns am nächsten Mittwoch machen.",1,2,neutral,0.8563540577888489,logit_class_2,bert_finetune
295675,"J'ai une expérience personnelle et des connaissances dans ce que c'est de regarder quelqu'un que vous vous souciez beaucoup de se détériorer devant vos yeux combien vous vous sentez impuissant parce qu'il n'y a vraiment rien que vous pouvez faire pour eux, sauf essayer d'être aussi solidaire que vous pouvez être",1,0,negative,0.9960170388221741,logit_class_0,bert_finetune
295783,¡Qué lástima! Me lo perdí de nuevo.,0,2,neutral,0.5304570198059082,logit_class_2,bert_finetune
296047,"Good for you , keep it up .",1,2,neutral,0.8588041067123413,logit_class_2,bert_finetune
296401,C'est génial. Je connais des gens qui ne peuvent même pas se supporter pendant cinq minutes.,1,2,neutral,0.7482450604438782,logit_class_2,bert_finetune
296492,Je ne suis pas convaincu par votre explication.,0,1,positive,0.9278417229652405,logit_class_1,bert_finetune
296822,Je pouvais sentir mes joues s'échauffer ce qui était ridicule et je me suis trouvé à la recherche d'une évasion,1,2,neutral,0.60232013463974,logit_class_2,bert_finetune
296848,Mi sento solo strano che sua figlia sia e im e lei probabilmente più intelligente di me sono,0,2,neutral,0.5078850388526917,logit_class_2,bert_finetune
297085,Vorrei che ci fossero video di persone come questa che lo capissero dopo organicamente e che si sentissero stupide lol.,2,0,negative,0.8916125893592834,logit_class_0,bert_finetune
297331,Yo no sería quien soy no tendría el impulso para lograr las cosas que no me siento tan amado pero odiado al mismo tiempo y no tendría a nadie a ambos querer abrazar y querer golpear en resultado de todas las interacciones,1,0,negative,0.7023999691009521,logit_class_0,bert_finetune
297402,"Oh le bon vieux mème de citron est mort si vite, je veux dire, c'est comme ça que la mafia fonctionne",0,2,neutral,0.927315890789032,logit_class_2,bert_finetune
297719,Je me sens très étranger dans un pays étrange.,2,0,negative,0.49970996379852295,logit_class_0,bert_finetune
297930,Sie sind alle so dünn! Ihre Wangenknochen sind toll.,2,1,positive,0.5045784711837769,logit_class_1,bert_finetune
298207,¡Cosas locas! Hace que el 80% se rompa antes de recibir cualquier daño. ¡Ese posicionamiento está en el punto!,2,1,positive,0.6350207328796387,logit_class_1,bert_finetune
298318,"Ich sollte mich wie Superfrau fühlen, aber stattdessen ive fühlte sich geschlagen wertlos",0,1,positive,0.9464476704597473,logit_class_1,bert_finetune
298890,*Das Warten ist der schwierigste Teil.* * * * * * * * * * * * * * * * * * * * * * * * * * * * * * * * * * * * * * * * * * * * * * * * * * * * * * * * * * * * * * * * * * * * * * * * * * * * * * * * * * * * * * * * * * * * * * * * * * * * * * * * * * * * * * * * * * * * * * * * * * * * * * * * * * * * * * * * * * * * * * * * * * * * * * * * * * * * * * * * * * * * * * * * * * * * * * * * * * * * * * * * * * * * * * * * * * * * * * * * * * * * * * * * * * * * * * * * * * * * * * * * * * * * * * * * * * * * * * * * * * * * * * * * * * * * * * * * * * * * * * * * * * * * * * * * * * * * * * * * * * * * * * * * * * * * * * * * * * * * * * * * * * * * * * * * * * * * * * * * * * * * * * * * * * * * * * * * * * * * * * * * * * * * * * * * * * * * * * * * * * * * * * * * * * * * * * * * * * * * * * * * * * * * * * * * * * * * * * * * * * * * * * * * * * * * * * * * * * *,0,2,neutral,0.8868497610092163,logit_class_2,bert_finetune
299181,Siento las cuevas frías del talón profundo dejadas por la confianza,1,0,negative,0.5876771211624146,logit_class_0,bert_finetune
299512,"È molto buona. Il check-in e il check-out alla reception hanno richiesto solo pochi minuti. Il personale di attesa è molto buono. Un cameriere consigliato il loro pesce al forno, che ha assaggiato meraviglioso. L'hotel era abbastanza pieno, quindi I d suggerire di effettuare una prenotazione se si intende andare lì. L'hotel offre uno sconto nei fine settimana.",1,2,neutral,0.9316297769546509,logit_class_2,bert_finetune
299995,"Scusi, signore. Tale tabella è stata riservata. Da questa parte, prego. Che ne dice di questo, signore?",0,2,neutral,0.9243130087852478,logit_class_2,bert_finetune
300025,"Ich möchte mich bei den Leuten in meinen Sektionen bedanken, mit denen ich während der Quartalsdiskussionen befreundet wurde, oder fragen, ob wir uns wieder treffen können, aber normalerweise geht jeder in Eile und ich fühle mich, als wäre es sowieso zu seltsam",2,0,negative,0.6970853209495544,logit_class_0,bert_finetune
300164,Je sens qu'il grandit sur vous jusqu'à ce que lentement et presque embarrassant vous réalisez votre amour de l'endroit qui peut souvent vous faire crier,1,0,negative,0.9969024062156677,logit_class_0,bert_finetune
300242,Et n'oublions pas le privilège du seigneur avec une nouvelle épouse. Ahhhh... le bon vieux temps.,1,2,neutral,0.8061127662658691,logit_class_2,bert_finetune
300346,It's hard to respect them as an organization when we hear shit like this. They will struggle as a franchise to win another WS anytime soon.,2,0,negative,0.7021644115447998,logit_class_0,bert_finetune
300756,These are the same people who make fun of single women who own pets.,1,2,neutral,0.9872475862503052,logit_class_2,bert_finetune
300810,"Ricordo di aver sentito, dopo il terzo bong colpito, che ero sotto pressione.",0,2,neutral,0.8060946464538574,logit_class_2,bert_finetune
302119,"Und doch wird keiner von euch bereit sein, auch nur Kandidaten der 3. Partei im Gebäude zu lassen. Ich muss die Heuchelei lieben",0,2,neutral,0.6401447057723999,logit_class_2,bert_finetune
302235,Yo nací y siempre siento como si la aceptara. Recientemente me ayudó a empacar mi habitación. No podía soportar ser tan desordenada todo el tiempo.,0,1,positive,0.5996885895729065,logit_class_1,bert_finetune
302309,Plutôt bien. J'ai déjà fait quelques amis.,2,1,positive,0.670964777469635,logit_class_1,bert_finetune
302972,How could I ever forget ? I even bought you roses because I love you .,2,1,positive,0.8792585730552673,logit_class_1,bert_finetune
303073,>very creepy horror-themed Very accurate description and only from a few second piece of an audio recording,0,2,neutral,0.9826821088790894,logit_class_2,bert_finetune
304245,Je n'ai pas de douleur abdominale ou l'inconfort que j'avais au début de l'alimentation nausées et toutes ces choses sensibilité aux odeurs et je ne me sens pas étrange je me sens juste normal,0,2,neutral,0.5231964588165283,logit_class_2,bert_finetune
304508,"Encuentro tristemente irónico que el trabajo de un hombre sea proteger a su familia, pero si está solo con sus hijos cuestionan su seguridad.",2,0,negative,0.6036755442619324,logit_class_0,bert_finetune
304787,"Sûrement. Désolé, OP. Mais ne t'inquiète pas. Beaucoup d'entre nous sont dans le même bateau.",0,2,neutral,0.8817576169967651,logit_class_2,bert_finetune
305003,Preferisce l'abito alle giacche.,1,2,neutral,0.9540007710456848,logit_class_2,bert_finetune
305649,Estoy harto de Jack. Él es tan débil en el trato con otras personas y siempre come tierra.,0,2,neutral,0.7705554366111755,logit_class_2,bert_finetune
306022,A menudo me siento como que estoy abrumadoramente añoranza de casa,0,1,positive,0.9991229176521301,logit_class_1,bert_finetune
306276,What does Obamacare have to do with that? [NAME] dropped the employer mandate because he was afraid that [NAME] wouldn't like it.,0,2,neutral,0.5545480847358704,logit_class_2,bert_finetune
306307,Comencé a sentirme mareada y sonriente.,1,0,negative,0.7872797846794128,logit_class_0,bert_finetune
306771,Je peux creuser dans la parole sainte de Dieu et nourrir mon esprit et quelques jours j'accomplis cela et je me sens incroyable et connecté et entendu et aimé par un dieu incroyable et vivant et c'est génial et quelques jours j'ai,1,2,neutral,0.5082981586456299,logit_class_2,bert_finetune
306820,"Hoping. Regardless, its true.",2,1,positive,0.7837123274803162,logit_class_1,bert_finetune
306973,"Ich habe in Richtung der Kirche ist wirklich, weil ich das Gefühl, es beraubt mich von wichtigen Menschen in meinem Leben",1,0,negative,0.9831210374832153,logit_class_0,bert_finetune
308010,"Tu ne veux pas tuer d'autres personnes? Tout ce que je dis, c'est que tu veux tuer des gens, commencer par toi-même.",2,0,negative,0.622218132019043,logit_class_0,bert_finetune
308837,"Ehi, e' il mio tempo a restituirlo... un redditor del North Dakota.",0,2,neutral,0.98348468542099,logit_class_2,bert_finetune
309154,"im so krank und müde von Menschen sind unhöflich und einfach keinen Respekt für jedermann Gefühle nicht kümmern, wenn die andere Person verletzt wird",1,0,negative,0.780156135559082,logit_class_0,bert_finetune
309721,Devo gettarlo qui perché la sensazione che ottengo dopo l'esercitazione è molto più sorprendente di quanto vorrei ammettere,2,1,positive,0.6151257157325745,logit_class_1,bert_finetune
309915,Estoy seguro de que no van a conseguir mucho mejor pero actualmente me siento como esta extraña obligación,0,2,neutral,0.5532128214836121,logit_class_2,bert_finetune
310019,"Ja, genau so, wie du es magst! Ich habe auch etwas Getreide und Müsli, wenn Sie Lust auf etwas mehr Licht.",1,2,neutral,0.5883049964904785,logit_class_2,bert_finetune
310334,Ho bisogno di iniziare questa recensione dicendo quanto onorato e speciale mi sento che l'incredibile candis terrie mi ha dedicato qualcosa di più dolce,2,1,positive,0.9268090724945068,logit_class_1,bert_finetune
310468,OK . I'll try a Pinto . I want to rent a car for one week .,1,2,neutral,0.880923330783844,logit_class_2,bert_finetune
310562,Yeah . I really like the stores and the shopping .,1,2,neutral,0.7680514454841614,logit_class_2,bert_finetune
312046,"Wenn er die RBs füttert und einige QB Fälschungen entwirft, die eigentlich törichte Verteidigungen sind, werde ich mit allem anderen glücklich sein.",1,2,neutral,0.7218838334083557,logit_class_2,bert_finetune
312172,ich fühle mich ein wenig seltsam manchmal mit einem dotcom gewidmet meinem Namensvetter,2,1,positive,0.9696453213691711,logit_class_1,bert_finetune
312850,"Non preoccuparti, con uno stile di vita che richiede loro di avere una nuova anca prima dell'età di 20 non sarà fare molto più lontano.",0,2,neutral,0.9377560615539551,logit_class_2,bert_finetune
313102,Me temo que fuera de control que ser amable conmigo mismo será terriblemente contraproducente y mal terminaré siendo diabético de todos los dulces que he estado comiendo.,0,2,neutral,0.608791172504425,logit_class_2,bert_finetune
313454,i started feeling weird about why i obsess over my girls nursery so much,0,2,neutral,0.5845539569854736,logit_class_2,bert_finetune
313614,Tengo la sensación de que mi profesor supervisor está abrumado y puede tener demasiados estudiantes,2,0,negative,0.5417401790618896,logit_class_0,bert_finetune
314335,Die Behandlung ist eine Reihe von Injektionen. Ich habe sie gehabt. Es ist nicht wesentlich unangenehmer als der Grippe-Impfstoff.,0,2,neutral,0.9918417930603027,logit_class_2,bert_finetune
314359,Stavo cominciando a sentire gli inizi di non essere sopraffatto,2,0,negative,0.6864049434661865,logit_class_0,bert_finetune
314729,Je me souviens me sentir étrange après avoir su qu'une partie secrète de ma vie intérieure le désir d'être écrivain était devenu un peu vrai,2,0,negative,0.5006144046783447,logit_class_0,bert_finetune
314909,"Oui, moi aussi. Mais je suis déçue.",0,2,neutral,0.8683978915214539,logit_class_2,bert_finetune
315021,Nicht disziplinieren mein Kind!,0,2,neutral,0.8736428618431091,logit_class_2,bert_finetune
315078,"Tut mir leid, ich hab's falsch gelesen.",0,2,neutral,0.740146815776825,logit_class_2,bert_finetune
315693,J'ai besoin de sentir l'amour sont vos paroles de colère contre moi,1,0,negative,0.987580418586731,logit_class_0,bert_finetune
315708,Mais j'ai toujours eu tout ce que j'avais.,0,2,neutral,0.8909076452255249,logit_class_2,bert_finetune
316255,"Ho avuto dei brutti ricordi, mi ricordo quando mi ricordo dei brutti momenti ora! Haha",0,2,neutral,0.7166458368301392,logit_class_2,bert_finetune
316667,"Es war eher ein sarkastischer ""lol yeah right"". Nichts Lustiges daran, meiner Katze schaden oder mein Leben kontrollieren zu wollen.",1,2,neutral,0.6274776458740234,logit_class_2,bert_finetune
316840,Mostro! Pensa ai bambini!,0,2,neutral,0.915033221244812,logit_class_2,bert_finetune
317853,Una vez hice que un tipo gritara algo obsceno desde la ventana de su camión y me tirara una lata de cerveza a mí también... buenos tiempos.,1,2,neutral,0.6627020239830017,logit_class_2,bert_finetune
318253,"J'ai l'impression d'avoir besoin de me retirer, il y a tellement plus de façons de passer du temps que de vivre sur ces sites.",1,0,negative,0.7893301844596863,logit_class_0,bert_finetune
318373,"Me quedé dormido después del almuerzo durante un buen par de horas normalmente mis siestas de la escuela son raras y pequeñas todavía me siento un poco raro siesta en el trabajo, pero no había pararlo el viernes a href http",0,2,neutral,0.585223376750946,logit_class_2,bert_finetune
318425,"I always imagined they would be really easy to refuel, for obvious reasons. I never had the chance though.",0,2,neutral,0.9959329962730408,logit_class_2,bert_finetune
318459,Je n'avais oublié que tout et tout le monde donc je ne ressentirais pas cette douleur étrange dans mon cœur chaque fois que je pense à mon ancien lycée et à mes soi-disant amis ou combien de fois j'ai pleuré ou combien de douleur j'ai traversé,2,0,negative,0.5302665829658508,logit_class_0,bert_finetune
319020,"O tener suerte. La mayoría [NAME] tiene trabajos, así que deben ser una manera.",1,2,neutral,0.6358315348625183,logit_class_2,bert_finetune
319288,¡Soy sensible! :'(,0,2,neutral,0.8591605424880981,logit_class_2,bert_finetune
319336,Certainement.Comment aimez-vous l'avoir fait?,1,2,neutral,0.8084293603897095,logit_class_2,bert_finetune
319470,C'est aussi subtil que le 2e choix est le député qui vous dit d'aller vous faire foutre.,2,0,negative,0.8766369223594666,logit_class_0,bert_finetune
319612,"Ja, weil kein Mann jemals fälschlicherweise eingesperrt worden ist, aufgrund von Behauptungen, die sich später als falsch erwiesen haben",2,0,negative,0.5860304236412048,logit_class_0,bert_finetune
320009,"Oh, es ist wirklich schön, aber ich kann es einfach nicht gut tanzen.",1,2,neutral,0.6794334053993225,logit_class_2,bert_finetune
320540,Sono appena uscito dalla tua macchina dopo aver pianto a te povero di quanto mi sento vulnerabile a prendermi cura di te così tanto,1,0,negative,0.9998677968978882,logit_class_0,bert_finetune
321607,Qu'est-ce qu'on attend? Allons-y!,1,2,neutral,0.5229761004447937,logit_class_2,bert_finetune
322028,"Quelque chose ne combat pas ce que tu détestes, sauve ce que tu aimes.",1,2,neutral,0.8700150847434998,logit_class_2,bert_finetune
322744,Bien. Te veré entonces.,1,2,neutral,0.6634421944618225,logit_class_2,bert_finetune
322937,"Ich habe gerade meinen Job verloren, und ich bin mir nicht sicher, einen anderen finden zu können.",0,2,neutral,0.7076272964477539,logit_class_2,bert_finetune
323033,Adoro il vestito che indossa.,2,1,positive,0.8693066835403442,logit_class_1,bert_finetune
323230,"Ich möchte Schals, die Spaß fühlen sich toll aussehen und sind ein nützlicher Kleiderschrank Klammer erstellen",2,1,positive,0.9993545413017273,logit_class_1,bert_finetune
323636,"Ich selbst identifizieren als eine hochempfindliche Person aus mehreren Gründen, aber die relevanten für diesen Beitrag sind meine Tendenzen, von lauten Geräuschen Menschenmengen und spontane Entscheidungen überwältigt fühlen",0,2,neutral,0.5198389887809753,logit_class_2,bert_finetune
323910,Lo siento sólo parecía que estabas tratando de hacer una cosa [NAME],2,0,negative,0.6892926096916199,logit_class_0,bert_finetune
323978,ich saß da und wartete ich fing an mich wirklich seltsam zu fühlen und sagte der Krankenschwester ich denke ich muss mich hinlegen,2,0,negative,0.5077159404754639,logit_class_0,bert_finetune
324166,No tuve la sensación de que no estábamos bien recibidos nunca sentí que el personal de un restaurante o tienda sólo un pronto no tener allí como esperar en usted,0,1,positive,0.8927285075187683,logit_class_1,bert_finetune
324209,"Content d'avoir pu aider, mais ce n'est pas à moi. Je le fais passer.",0,1,positive,0.7817600965499878,logit_class_1,bert_finetune
324627,i got up feeling strange very scared,0,2,neutral,0.5279045701026917,logit_class_2,bert_finetune
324677,Non vedo l'ora che questa cosa della variazione del tappo muoia.,2,1,positive,0.6597363948822021,logit_class_1,bert_finetune
324725,Prima di iniziare. Sto tirando fuori le gambe prima di imbarazzarmi.,0,2,neutral,0.9902628660202026,logit_class_2,bert_finetune
325125,"In einem Wort, jedes unhöfliche Verhalten sollte im Hören vermieden werden.",2,0,negative,0.7427083849906921,logit_class_0,bert_finetune
326223,Because the people pushing the myth are either willfully ignorant or outright malicious.,0,2,neutral,0.9898790121078491,logit_class_2,bert_finetune
326271,"Essentially this friend is so bad at geography, they think Europe is simultaneously Africa and Asia.",0,2,neutral,0.9926238059997559,logit_class_2,bert_finetune
326648,"Si tratta di un quartiere molto tranquillo. C'è un po 'di traffico, ma non molto. Non è molto difficile arrivare al centro della città, ma si deve ricordare di girare a sinistra e a destra nei posti giusti o si si perde. Allora, quando farai un salto?",1,2,neutral,0.9183608293533325,logit_class_2,bert_finetune
326777,Santo cielo! Non portare quella rana in casa.,0,2,neutral,0.830405056476593,logit_class_2,bert_finetune
326861,Mais j'ai peur dès que je vois une aiguille. Comment pourrais-je supporter d'avoir des aiguilles dans mon corps pendant des heures?,0,2,neutral,0.9561955332756042,logit_class_2,bert_finetune
327085,Va-t'en.,1,2,neutral,0.9362075924873352,logit_class_2,bert_finetune
327091,Ci provo a volte mi sembra cosi' strano.,0,2,neutral,0.5125571489334106,logit_class_2,bert_finetune
327342,En mi experiencia era sólo la gente quemaba la mierda de palomitas de maíz (posiblemente para cubrir el hedor de la hierba) a las 2 am,0,2,neutral,0.7961872816085815,logit_class_2,bert_finetune
327633,Je suis sûr que tu les aimerais aussi.,1,2,neutral,0.5642684102058411,logit_class_2,bert_finetune
328183,Eres un idiota.,0,2,neutral,0.7681350111961365,logit_class_2,bert_finetune
328293,J'ai l'impression que ça fait longtemps que j'ai posté quelque chose comme ça ici et c'est bizarre pour moi que c'est Katy Perry parce que je n'aime généralement pas sa musique autant,0,2,neutral,0.5264537930488586,logit_class_2,bert_finetune
328407,"ive voulait le faire depuis longtemps, mais c'est tellement bizarre de le faire dans un tel forum public.",0,2,neutral,0.5056670904159546,logit_class_2,bert_finetune
328833,prolungato neggling di amico su un unico tema che ho considerato di alcuna conseguenza,0,1,positive,0.629272997379303,logit_class_1,bert_finetune
329255,"Me siento raro, no lo sé.",0,2,neutral,0.6097963452339172,logit_class_2,bert_finetune
329337,La mia auto è semplicemente una margherita. Guida senza intoppi.,1,2,neutral,0.825904369354248,logit_class_2,bert_finetune
329370,Salí sintiéndome increíble.,2,1,positive,0.5436367392539978,logit_class_1,bert_finetune
329385,Todavía me siento aturdido horas después de despertar,2,0,negative,0.7791144251823425,logit_class_0,bert_finetune
329915,J'étais mon inspiration et je me sentais mal et un peu fatigué.,1,0,negative,0.9729512929916382,logit_class_0,bert_finetune
330071,Ho un refrigeratore in studio che riesce a mantenere la temperatura vivibile quando la temperatura esterna raggiunge in qualche modo non si sente mai abbastanza freddo dentro,1,0,negative,0.7831690311431885,logit_class_0,bert_finetune
330128,"Ich bin ziemlich misstrauisch gegenüber Menschen oder Organisationen, die eines Tages aufwachen und sich entscheiden, prophetisch über ein Thema zu sprechen, das sie leidenschaftlich sind.",1,0,negative,0.9918051958084106,logit_class_0,bert_finetune
330248,"non sono andato esattamente per un giro intorno al blocco ancora dal id sentire strano reggiando in un orsacchiotto al posto di un bambino, ma sembra bello e robusto e come farà il trucco",0,2,neutral,0.5065921545028687,logit_class_2,bert_finetune
330292,"Sí. Hemos vivido en Taiwán por un tiempo. Tenía una estufa de gas en los Estados Unidos, también.",1,2,neutral,0.9731385707855225,logit_class_2,bert_finetune
330475,"Thanks for the carrot juice , Mrs . Schmidt . I've got to run to class !",2,1,positive,0.9731009602546692,logit_class_1,bert_finetune
333443,"Tut mir leid, dass ich facettenreich war.",0,2,neutral,0.6992352604866028,logit_class_2,bert_finetune
334303,let's just forget about [NAME] performance of so emotional,0,2,neutral,0.9373134970664978,logit_class_2,bert_finetune
334395,Je me suis fait sentir comme si je n'avais plus envie de tout ce que je demande.,0,1,positive,0.9170753359794617,logit_class_1,bert_finetune
334879,We should stop there... the inception will sink the titanic.,0,2,neutral,0.9730224013328552,logit_class_2,bert_finetune
335515,"John, hilfst du mir, mich auf das Picknick vorzubereiten?",1,2,neutral,0.7126655578613281,logit_class_2,bert_finetune
335523,Oui! J'ai enfin perdu les cinq derniers livres sur lesquels je travaille depuis toujours!,1,2,neutral,0.4813600778579712,logit_class_2,bert_finetune
335771,Je ne comprends pas pourquoi tu veux rester à la maison. C'est un jour merveilleux aujourd'hui.,2,1,positive,0.6833024621009827,logit_class_1,bert_finetune
335895,Doesnt mean it's scary for everyone. I've taken it twice and have had zero symptoms.,0,2,neutral,0.9236665964126587,logit_class_2,bert_finetune
335913,Je me demande si la compagnie d'assurance irait après le champ de tir ou laisserait tomber le propriétaire parce qu'ils vivaient dans une zone dangereuse.,2,0,negative,0.9529702067375183,logit_class_0,bert_finetune
336041,that ’ s an excellent suggestion . I can easily do it on the computer .,2,1,positive,0.7835453748703003,logit_class_1,bert_finetune
336256,Ça a l'air bien. C'est dommage que j'ai raté ça.,2,1,positive,0.5862627029418945,logit_class_1,bert_finetune
336472,"Someone please post ""Could [NAME] have the wholesome loveable personality she did if she was on Tinder from ages 18-27?"" Since I'm post banned.",1,2,neutral,0.9781733155250549,logit_class_2,bert_finetune
336697,Du bist ein Idiot und willst deine Ignoranz rechtfertigen.,0,2,neutral,0.6430372595787048,logit_class_2,bert_finetune
337073,"Erledigung einer Aufgabe durch eine Freundin, die einen neuen Job begonnen hatte, war sie nicht zuversichtlich, die Situation zu bewältigen, so dachte daran, den Job nur nach Tagen Beschäftigung verlassen",1,0,negative,0.8939710855484009,logit_class_0,bert_finetune
337845,"Ich hatte das Gefühl, dass ihr erstaunliches Talent für Teamarbeit und Synchronisation eine große Rolle bei ihrem Erfolg spielte.",1,2,neutral,0.5156506299972534,logit_class_2,bert_finetune
337957,Empiezo a contemplar la posibilidad de que realmente podría ser sólo yo o que podría haber sido tan afortunado toda mi vida de tener gente a mi alrededor que toma el esfuerzo de hacerme no sentirme raro y socialmente incómodo,0,2,neutral,0.5858888030052185,logit_class_2,bert_finetune
338475,"Blatant-Manipulation. Wow! - Nein, nein, nein, nein, nein, nein, nein, nein, nein, nein, nein, nein, nein, nein, nein, nein, nein, nein, nein, nein, nein, nein, nein, nein, nein, nein, nein, nein, nein, nein, nein, nein, nein, nein, nein, nein, nein, nein, nein, nein, nein, nein, nein, nein, nein, nein, nein, nein, nein, nein, nein, nein, nein, nein, nein, nein, nein, nein, nein, nein, nein, nein, nein, nein, nein, nein, nein, nein, nein, nein, nein, nein, nein, nein, nein! nein, nein! Wem berichten wir das?",0,2,neutral,0.9816978573799133,logit_class_2,bert_finetune
339381,Fingir ser racista sólo para trollar a la gente es jodidamente estúpido y no es mejor que ser realmente racista.,2,0,negative,0.580893874168396,logit_class_0,bert_finetune
339468,Looked ugly.,2,0,negative,0.9771162867546082,logit_class_0,bert_finetune
339572,J'aime quand les travailleurs incompétents appellent les malades. Ils ne peuvent pas m'ennuyer alors,2,1,positive,0.6093395352363586,logit_class_1,bert_finetune
339795,"ok , where and when should I meet you ?",2,1,positive,0.7414677143096924,logit_class_1,bert_finetune
340249,tuttavia ammetto che mi sentivo un po' sopraffatto con quale immagine dovrebbe andare dove e cercando di capire le misure e ho scoperto che la mia mano era crampi da incrociare le dita nella speranza che tutti i pezzi si adattano sulla parete designata,2,0,negative,0.5163559913635254,logit_class_0,bert_finetune
341203,Voy a expresar mis sentimientos no importa quién está leyendo o sobre cualquier otra persona opiniones,1,0,negative,0.6020237803459167,logit_class_0,bert_finetune
342049,l'anno scorso sono andato a vedere gli amici in yugoslavia due ragazze con cui vado d'accordo molto bene,1,0,negative,0.865841805934906,logit_class_0,bert_finetune
343027,"Mi sento come ive postato su questo prima, ma ogni volta che sento questa canzone mi trema perché im così eccitato a cantare",0,1,positive,0.9909732341766357,logit_class_1,bert_finetune
343357,Grazie mille. Sono sicuro che il buon riposo farà davvero. Non ho questo troppo spesso.,2,1,positive,0.6607178449630737,logit_class_1,bert_finetune
343575,"Vale, los llamaré esta noche y lloraré en tu nombre.",0,2,neutral,0.8395481109619141,logit_class_2,bert_finetune
343929,Purtroppo c'è una buona probabilità che avete ancora bisogno di una macchina comunque perché quel quartiere a prezzi accessibili coinvolgerà un pendolare di un'ora.,0,2,neutral,0.618628203868866,logit_class_2,bert_finetune
343956,Je suis juste énervé que la direction ne puisse pas voir derrière ses mensonges bavards.,2,0,negative,0.9931789636611938,logit_class_0,bert_finetune
343976,"Oh! Nein, nein, nein, nein, nein, nein, nein, nein, nein, nein, nein, nein, nein, nein, nein, nein, nein, nein, nein, nein, nein, nein, nein, nein, nein, nein, nein, nein, nein, nein, nein, nein, nein, nein, nein, nein, nein, nein, nein, nein, nein, nein, nein, nein, nein, nein, nein, nein, nein, nein, nein, nein, nein, nein, nein, nein, nein, nein, nein! Diesmal habe ich mehr Schiffe! Niice! Nein, nein, nein, nein, nein, nein, nein, nein, nein, nein, nein, nein, nein, nein, nein, nein, nein, nein, nein, nein, nein, nein, nein, nein, nein, nein, nein, nein, nein, nein, nein, nein, nein, nein, nein, nein, nein, nein, nein, nein, nein, nein, nein, nein, nein, nein, nein, nein, nein, nein, nein, nein, nein, nein, nein, nein, nein, nein, nein, nein, nein, nein, nein, nein, nein, nein, nein, nein, nein, nein, nein, nein, nein, nein, nein! nein, nein, nein!",1,2,neutral,0.8976615071296692,logit_class_2,bert_finetune
343988,Fühlst du dich kitschig? Du arbeitest schon für [NAME] - kannst genauso gut die Rolle spielen haha,1,2,neutral,0.9546656608581543,logit_class_2,bert_finetune
344345,i feel like i ve got some weird self inflicted responsibility to never eat the same thing twice unless i m just eating out of efficiency that s different,2,0,negative,0.5050708055496216,logit_class_0,bert_finetune
344803,E 'più difficile quando si hanno bambini con il partner.,0,2,neutral,0.9563714265823364,logit_class_2,bert_finetune
345342,Je me sens avide mais pas préparé,1,0,negative,0.937321662902832,logit_class_0,bert_finetune
345919,Was almost hit by some idiot yesterday that drove straight through a red light and into a crossing.,0,2,neutral,0.885860025882721,logit_class_2,bert_finetune
345947,Je me sentais sans cesse mal à l'aise d'avoir toute une tenue sèche dans la voiture pour lui mais je me sentais moins mal maintenant que ses heures plus tard et sa seule paire appropriée de chaussures non croc sont encore trempées,1,0,negative,0.6945513486862183,logit_class_0,bert_finetune
346300,"L'Irlanda perche' l'Irlanda. Non io, ma io ho fatto una cosa piuttosto spaventosa.",0,2,neutral,0.9332579970359802,logit_class_2,bert_finetune
346341,"Tant bien que pas si bon, mais surtout bon! Tu devrais la détruire. Personne n'a besoin de prendre cet espace sur la cour.",0,2,neutral,0.7045987844467163,logit_class_2,bert_finetune
346448,Fui capaz de saltar directamente en la vida salesiana sin sentirme raro que no conociera a nadie una vez que empiezas a conocer a las hermanas que sientes como viejos amigos que no se han visto en años,0,2,neutral,0.5991150140762329,logit_class_2,bert_finetune
346706,"Hay que amar a nuestros vecinos ""progresivos""",2,1,positive,0.8694390654563904,logit_class_1,bert_finetune
346918,"Yes , I've been thinking about Florida .",1,2,neutral,0.9857483506202698,logit_class_2,bert_finetune
346934,On dirait que c'est le plus gros problème ici.,0,2,neutral,0.9567399621009827,logit_class_2,bert_finetune
347319,Ghosting craint et est rarement excusable.,0,2,neutral,0.8382736444473267,logit_class_2,bert_finetune
348679,Keep gg too bro!,1,2,neutral,0.9950717091560364,logit_class_2,bert_finetune
349507,"Ich glaube, ich habe viele Probleme in den letzten vier Monaten bei der Arbeit in dieser kubischen teilweise, weil es nur eine Stunde pro Woche Job keine Überstunden beteiligt und teilweise, weil es eine einfache Aufgabe zu tun",1,0,negative,0.9082608222961426,logit_class_0,bert_finetune
350316,Comment postez-vous quelque chose directement à la une?,0,2,neutral,0.9956682920455933,logit_class_2,bert_finetune
351126,Ich fühlte nicht all das lustig an Weihnachten wegen des Mangels an Schnee,1,2,neutral,0.8993067145347595,logit_class_2,bert_finetune
351725,"Oh yes , I know which one you mean . I have never been there , but I looked at their menu once and it did look good .",1,2,neutral,0.9945095181465149,logit_class_2,bert_finetune
351864,"Decisamente. ricchi o poveri, i cani amano sempre i loro padroni.",1,2,neutral,0.5696765780448914,logit_class_2,bert_finetune
352501,Parce que parfois le milieu est encore mal,2,0,negative,0.8186013698577881,logit_class_0,bert_finetune
352521,"Fines, elles sont colorées et savoureuses.",1,2,neutral,0.8413854837417603,logit_class_2,bert_finetune
352841,¿Quién diablos puede?,2,0,negative,0.6292100548744202,logit_class_0,bert_finetune
352864,"Oh, ich verstehe! Du willst Souvenirs!",1,2,neutral,0.6038473844528198,logit_class_2,bert_finetune
353194,i think it feels weird on his scars so ive been putting it off,2,0,negative,0.5764682292938232,logit_class_0,bert_finetune
354211,"Ich glaube nicht, dass du fertig bist.",0,2,neutral,0.9542942643165588,logit_class_2,bert_finetune
354225,"Ich bin groß, aber ich fühle mich größer und stolzer, wann immer die Leute überrascht wären, um herauszufinden, dass meine Kleider deine eigene Schöpfung sind",2,1,positive,0.9936367273330688,logit_class_1,bert_finetune
354468,l'amo da pesca che usano è abbastanza inquietante!,2,1,positive,0.8756753206253052,logit_class_1,bert_finetune
354726,"Eh bien, gardez le menton en l'air! J'essaierai de t'aider. Où vas-tu?",1,2,neutral,0.8280907869338989,logit_class_2,bert_finetune
355595,Happy birthday [NAME] !,2,1,positive,0.7595678567886353,logit_class_1,bert_finetune
355596,"Penso che lei abbia già trattato tutti i punti importanti, ma se dopo avrò qualche domanda la contatterò.",2,1,positive,0.9776588082313538,logit_class_1,bert_finetune
355639,"Ich garantiere, nachdem Sie dies erfolgreich eingegeben haben, werden Sie ein seltsames Kribbeln spüren, das als Frisson der Freiheit interpretiert werden kann",2,0,negative,0.5081750750541687,logit_class_0,bert_finetune
355674,J'ai pleuré plus tard et je me sentais bizarre mais je savais que j'avais besoin de dire non à cause du sentiment que j'ai eu quand j'ai accepté le travail d'Ymca,1,0,negative,0.5669384002685547,logit_class_0,bert_finetune
357154,Ich fühle mich seltsam ein href http,0,2,neutral,0.5396202206611633,logit_class_2,bert_finetune
357397,"Sehe ich gut aus, wenn ich mich selbst und mich selbst ansehe?",1,2,neutral,0.8571689128875732,logit_class_2,bert_finetune
357985,et à la fin de ma corde ma première impulsion est de tourner la musique et de commencer à bouger,0,1,positive,0.5392882823944092,logit_class_1,bert_finetune
358042,è orribile :/,0,2,neutral,0.7504294514656067,logit_class_2,bert_finetune
358631,"Yeah , my friend is getting married next month and I ’ m supposed to be a bridesmaid . I have to fit into my dress and look nice for her wedding , but I haven ’ t lost any weight ! Look at these love handles .",2,1,positive,0.7259849309921265,logit_class_1,bert_finetune
359709,"Das ist ja furchtbar groovig von dir, nicht wahr?",0,2,neutral,0.8176866173744202,logit_class_2,bert_finetune
359762,"Ich fühle, dass ich nicht allein mit ihr sicher sein kann",0,1,positive,0.5381401777267456,logit_class_1,bert_finetune
360207,Mein Geburtstag kommt nächsten Monat. Ich möchte auch eine Geburtstagsparty abhalten.,1,2,neutral,0.9862079620361328,logit_class_2,bert_finetune
360349,Let me enjoy it .,1,2,neutral,0.5706687569618225,logit_class_2,bert_finetune
360419,Yes . She dressed with an individual flair . I rather envy her .,1,2,neutral,0.8317700624465942,logit_class_2,bert_finetune
360890,"Ich glaube schon. Frische Luft, weißer Schnee. Es ist so bequem.",2,1,positive,0.666809618473053,logit_class_1,bert_finetune
360989,"Yup, sólo tienes que expandir el árbol genealógico con tu hermano más conveniente.",1,2,neutral,0.5718516111373901,logit_class_2,bert_finetune
361193,Don’t blame us because you’re a dumbass..,0,2,neutral,0.7663804292678833,logit_class_2,bert_finetune
361418,"If it's not too late, I'd love to have one of the binders!",1,2,neutral,0.6705736517906189,logit_class_2,bert_finetune
361478,"Sehr gut. Ich hoffe, Sie werden Ihren Aufenthalt in China genießen.",2,1,positive,0.8349984288215637,logit_class_1,bert_finetune
362301,"Ich bin froh, dass sie es gesagt haben. Basketball ist so dumm, dass es einer der wenigen Sportarten ist, die du für eine Strafe belohnst.",1,2,neutral,0.6499060392379761,logit_class_2,bert_finetune
362520,"Ma cosa? Ti comporti sempre così, quando affronti le difficoltà.",0,2,neutral,0.9340031147003174,logit_class_2,bert_finetune
363105,Siento que puedo resolverlo todo con perdón.,0,1,positive,0.995704710483551,logit_class_1,bert_finetune
363767,"Ich tue nichts von diesen Dingen, ohne mich irgendwann darum zu sorgen, es anderen mein Bestes und meine Verantwortung zu geben",0,1,positive,0.9792088270187378,logit_class_1,bert_finetune
364377,"Oh, je refuserais de faire n'importe quoi de vraiment méchant, avec la profanité ou la violence.",0,2,neutral,0.9561218023300171,logit_class_2,bert_finetune
364385,"Es ist nur ein Insider-Job, um seine Statistiken zu zerstören, damit wir die AAV auf seiner 8-jährigen Vertragsverlängerung senken können, nachdem er Vezinas zurückgewinnt.",2,0,negative,0.5122260451316833,logit_class_0,bert_finetune
364403,"I really hope we see another fighter like him he was so fun to watch, a fighting machine with that killer instinct",1,2,neutral,0.8782817125320435,logit_class_2,bert_finetune
364796,Bloquéala.,0,2,neutral,0.9837819337844849,logit_class_2,bert_finetune
364835,Siento que cuando alguien vive una vida con distancia distanciamiento separación de algo que no es amigable aislamiento de otro que se están alejando de los demás,0,1,positive,0.8896136283874512,logit_class_1,bert_finetune
365078,"Ich habe gemischte Gefühle über die muhammed Karikaturen, weil Rassismus gegen Muslime ist auf dem Vormarsch in Europa und ich denke, dass einige Menschen in einigen Ländern sind eher zu sehr daran interessiert, es zu wecken",1,0,negative,0.9236510396003723,logit_class_0,bert_finetune
365539,The republicans are the military. You are an idiot.,2,0,negative,0.5978410840034485,logit_class_0,bert_finetune
365572,También quería hacerte saber que a pesar de hacer este blog todavía me siento un poco raro acerca de bloguear,0,2,neutral,0.5444339513778687,logit_class_2,bert_finetune
365600,Dennoch müssen Sie einige Themen hatten Sie mehr genossen als andere.,2,1,positive,0.6109922528266907,logit_class_1,bert_finetune
366026,"Ok, ecco la mia risposta alla gente che dice: ""Ma la Turchia è un alleato della NATO!""*: Quindi?",0,2,neutral,0.992917537689209,logit_class_2,bert_finetune
366256,"Ich komme weg von der Erfahrung Gefühl wie das eine kleine Scherbe der Schande, die Erinnerung daran, wie seltsam ich bin das bittere Sahnehäubchen auf dem Kuchen, die bipolare Störung ist schrecklich unfair",2,0,negative,0.9917365908622742,logit_class_0,bert_finetune
366567,Je ne me sens pas aimé,1,0,negative,0.8872573971748352,logit_class_0,bert_finetune
366926,Ich habe meine Bauchmuskeln halbiert!,0,2,neutral,0.9213208556175232,logit_class_2,bert_finetune
367721,Meine Lieblingsrekreation ist Kochen. Ich lernte auch chinesische Gerichte und westliche Gerichte zu kochen. Es hält mich beschäftigt und macht mich glücklich.,2,1,positive,0.9151505827903748,logit_class_1,bert_finetune
367826,"¿Saldrás a verme el año que viene, como prometiste?",1,2,neutral,0.9512971043586731,logit_class_2,bert_finetune
368521,Pero lo hizo y me decepcionó.,0,2,neutral,0.7443224787712097,logit_class_2,bert_finetune
368771,"Ich glaube, das werde ich.",1,2,neutral,0.952277421951294,logit_class_2,bert_finetune
368845,En ce que je n'aurais pas dû le poster ou c'est vraiment flagrant,2,0,negative,0.9645358920097351,logit_class_0,bert_finetune
369184,"Vedete, i partecipanti bungee prendono un respiro profondo quando si trovano al punto di partenza e poi, come immersioni, le loro teste sono sopra i tacchi e saltano fuori nel regno della combinazione di cielo e terra. Il vento ruggisce alle loro orecchie e i loro corpi scendono rapidamente. Non hanno nemmeno abbastanza tempo per fare diversi movimenti di ginnastica e sono rimbalzati all'aria superiore dal cordone.",2,1,positive,0.5384753346443176,logit_class_1,bert_finetune
370005,Siento que Johnny Depp haría eso increíble si eso realmente pasara.,2,1,positive,0.7314640283584595,logit_class_1,bert_finetune
370553,Feuern Sie die ux Designer und ja auch unsere geliebte [NAME],0,1,positive,0.7351318001747131,logit_class_1,bert_finetune
370935,i am faced with more stress than i have ever had to face before and i find that i am continually feeling more and more overwhelmed,0,2,neutral,0.5056003928184509,logit_class_2,bert_finetune
370946,"Staying out all night , you frightened me to death .",0,2,neutral,0.9512532949447632,logit_class_2,bert_finetune
371344,A aucun moment dans ce sot ridicule il n'a exprimé une seule iota de préoccupation pour ce que son gf voulait. Il a l'air d'un vrai gagnant.,1,2,neutral,0.9234355688095093,logit_class_2,bert_finetune
371748,"Diablos, sí, bois.",2,0,negative,0.8102311491966248,logit_class_0,bert_finetune
372347,sono stati invitati a un sacco di spettacoli teatrali e musical e concerti che mi sento così sopraffatto,2,0,negative,0.5258188843727112,logit_class_0,bert_finetune
372502,J'y serais ravie.,2,1,positive,0.5501892566680908,logit_class_1,bert_finetune
372773,"Ich fühle mich ein wenig überwältigt von dem Gedanken, dass wir brauchen, was sie im Laden haben, um für uns selbst zu sorgen und zum Teil, weil ich nur ein bisschen weg bin und ich mag die Idee von schmutzigen Haaren",2,0,negative,0.5053473711013794,logit_class_0,bert_finetune
372815,"Ich habe gestern Abend auch beschlossen, alle Besorgnisse über mein Projekt aufzugeben.",0,2,neutral,0.8856016993522644,logit_class_2,bert_finetune
373484,i did not feel its strange effects no more,2,0,negative,0.5483236908912659,logit_class_0,bert_finetune
373554,¿Qué tal llevarla a cenar o al cine?,1,2,neutral,0.9286307096481323,logit_class_2,bert_finetune
373682,"Ich fühle mich seltsam, dieses Album in zu überprüfen",0,2,neutral,0.546611487865448,logit_class_2,bert_finetune
373822,im feeling overwhelmed and like i want to walk away from life for a while i block myself off and shut people out,0,2,neutral,0.5419872999191284,logit_class_2,bert_finetune
374185,"Der schlimmste Fall des Lebens ist hier leider passend, was?",0,2,neutral,0.5335806012153625,logit_class_2,bert_finetune
374373,Je me sens déjà moins débordée en lisant les messages ici et je suis excitée et effrayée en même temps,2,0,negative,0.5025714635848999,logit_class_0,bert_finetune
374664,"Das ist sehr gut. Es wird gesagt, dass die Ehe der Ab der Liebe ist. Aber die Worte mögen nicht richtig sein.",1,2,neutral,0.8379722237586975,logit_class_2,bert_finetune
375244,J'ai l'impression d'avoir un lien bizarre avec elle.,2,0,negative,0.5194272994995117,logit_class_0,bert_finetune
375610,"Fact: violins don't make music. And if you think they do, you're stupid.",0,2,neutral,0.8761240243911743,logit_class_2,bert_finetune
375643,Lo statuto delle limitazioni era in su per il tempo che ho avuto una spina dorsale,2,0,negative,0.821313738822937,logit_class_0,bert_finetune
376207,"Je me souviens être assis au bar tout seul, probablement en me sentant mal comme dans ces gens-là ne me font pas de mal les montrer",1,0,negative,0.8109319806098938,logit_class_0,bert_finetune
376513,Acabo de disparar en la oscuridad.,2,0,negative,0.658485472202301,logit_class_0,bert_finetune
376625,Realmente lo hago a menos que me sienta un poco divertido conmigo mismo,1,2,neutral,0.6021079421043396,logit_class_2,bert_finetune
376789,"Sicher, ich denke, das wäre möglich. Wo ist die Spendenaktion?",1,2,neutral,0.9948550462722778,logit_class_2,bert_finetune
376820,Salute! *clink*,1,2,neutral,0.9657317996025085,logit_class_2,bert_finetune
377216,"C'est vrai. Certaines personnes vont camper, d'autres cueillent des fruits frais, d'autres font du bateau et d'autres font du ski d'herbe.",1,2,neutral,0.8715032339096069,logit_class_2,bert_finetune
377597,"Non avevo mai sperimentato prima che si sente un po'strano all'inizio, ma non sembrava influenzare la mia corsa",0,2,neutral,0.5008001327514648,logit_class_2,bert_finetune
378072,"Ich hab's auch abbekommen, es fühlt sich seltsam an.",0,2,neutral,0.5362240076065063,logit_class_2,bert_finetune
378095,"Wie viele Chancen habe ich dir gegeben, ich habe dich aufgegeben.",0,2,neutral,0.8728933334350586,logit_class_2,bert_finetune
378637,"Ich bedauere, dass ich dich liebe, weil du jemand anderen liebst und du eine Freundin hast, aber ich liebe dich immer noch",1,0,negative,0.8871392011642456,logit_class_0,bert_finetune
378970,"Tut mir leid, Sir. Das haben wir noch nie gemacht.",0,2,neutral,0.7602242827415466,logit_class_2,bert_finetune
379192,"Ich bekomme oft schwächende Kopfschmerzen und manchmal, wenn es ein Zusammenprall von schweren heißen Treffen kühler Luft wie letzte Nacht ist, fühle ich eine ärgerlich heiße Feuchtigkeit in meinem Körper, die in meinen Gelenken die ganze Nacht hindurch wirbelt, so dass ich mich lustlos am Morgen",1,0,negative,0.8720910549163818,logit_class_0,bert_finetune
379213,Me siento un poco aturdido y eso podría ser por lo que no entendí los versos en el capítulo,0,2,neutral,0.6830787062644958,logit_class_2,bert_finetune
379689,"Piacere di vederla, signor. Marrone.",2,1,positive,0.5557005405426025,logit_class_1,bert_finetune
380655,Ci ho pensato molto questo fine settimana perché ho guardato la colpa nelle nostre stelle che riguarda due bambini che hanno il cancro in modo che mi ha fatto sentire davvero strano e ansioso,0,2,neutral,0.5175222754478455,logit_class_2,bert_finetune
382018,when i was ringing up a guy who was my teen idol,0,1,positive,0.6777236461639404,logit_class_1,bert_finetune
382315,"School . Since I was working part time , I had a difficult time keeping up with class . Now that we have exams coming up , I'm totally freaking out .",0,2,neutral,0.5666338801383972,logit_class_2,bert_finetune
383089,Empecé a sentir una gran nostalgia y deseos de estar en el suroeste con tantos de mis amigos,0,1,positive,0.997414231300354,logit_class_1,bert_finetune
383155,Du bist es nur!,1,2,neutral,0.8877550363540649,logit_class_2,bert_finetune
383679,horrible física de vehículos que hacen que muera instantáneamente al golpear pequeños golpes y ciertos ángulos! ¡Por qué!,2,0,negative,0.5541494488716125,logit_class_0,bert_finetune
384079,Podemos retenerlos hasta un día antes del espectáculo.,1,2,neutral,0.8696797490119934,logit_class_2,bert_finetune
384168,>Los autos matan a más personas que las armas. El alcohol también.,0,2,neutral,0.7727916240692139,logit_class_2,bert_finetune
384564,"Mary's father is a rich man , isn't he ?",1,2,neutral,0.9866069555282593,logit_class_2,bert_finetune
384703,"Das dachte ich mir erst gar nicht. Aber als wir anfingen zu reden, fand ich ihn extrem lustig und witzig. Ich konnte nicht aufhören, über seine Witze zu lachen! Und wir haben so viel gemeinsam. Wir mögen das gleiche Team, Musik, und am erstaunlichsten, wir beide lieben chinesisches Essen! Ich habe das Gefühl, dass wir tolle Freunde sein werden.",2,1,positive,0.6061808466911316,logit_class_1,bert_finetune
385256,Breaking bad all over again,1,0,negative,0.7599301338195801,logit_class_0,bert_finetune
385564,"Wow! Was soll das? Das ist fantastisch! Herzlichen Glückwunsch! Es ist wunderbar, die Hoffnung zu haben, eines Tages von Medikamenten befreit zu sein.",2,1,positive,0.8845152258872986,logit_class_1,bert_finetune
385778,No . Just occasionally .,1,2,neutral,0.9909817576408386,logit_class_2,bert_finetune
385790,"In Ordnung. Wie wäre es mit diesem schwarzen Hemd? Es kann für alles getragen werden -- eine Party, ein Vorstellungsgespräch und sogar eine Beerdigung!",1,2,neutral,0.7490370273590088,logit_class_2,bert_finetune
386415,Mi sento strano essere grato quando alcune persone che sono care a me stanno avendo un anno così difficile di perdere i propri cari e alcuni passando attraverso tempi così difficili e mai sembrando ottenere una pausa,2,0,negative,0.5156919360160828,logit_class_0,bert_finetune
386475,I miei figli sono tutti a scuola perché non voglio nemmeno particolarmente essere intorno a me oggi Ive ha deciso di gettare la mia risposta là fuori pure,0,1,positive,0.905569851398468,logit_class_1,bert_finetune
387072,"Sì, anch'io, perché sarei stato molto più incazzato se si sarebbe stancato di aspettare e lasciato.",1,2,neutral,0.9001471400260925,logit_class_2,bert_finetune
387928,J'ai maintenant la fin en vue du travail frustrant im toujours pas soudainement magiquement se sentir physiquement étonnant encore très fatigué et malade beaucoup de temps,1,2,neutral,0.6097527146339417,logit_class_2,bert_finetune
388043,Il fatto che il passeggero dia un pollice in su mi fa impazzire,2,0,negative,0.9772054553031921,logit_class_0,bert_finetune
388610,"Nur ein Tier? Aber es hat auch Leben. Wenn du ein Tattoo willst, hol dir eins. Es ist deine Entscheidung, weil du es willst. Aber hat jemand den Fisch gefragt, ob er einen wollte?",0,2,neutral,0.9915986061096191,logit_class_2,bert_finetune
389296,Parece que ustedes dos son una buena pareja. ¿Qué cualidades buscas en un amigo?,1,2,neutral,0.9484265446662903,logit_class_2,bert_finetune
390760,Uno dei giochi più memorabili che ho avuto. E ho dei posti fantastici per un prezzo ancora migliore.,2,1,positive,0.8179320693016052,logit_class_1,bert_finetune
390761,Debo decirte que se siente increíble tener algo de claridad por fin.,2,1,positive,0.5676349401473999,logit_class_1,bert_finetune
391026,"Très bien, merci, et toi?",1,2,neutral,0.8608224391937256,logit_class_2,bert_finetune
391384,"That's great for me . Look , children's clothes ! I'd like to buy some winter clothes for my son and daughter .",2,1,positive,0.6298028230667114,logit_class_1,bert_finetune
391973,Im sentirsi un po'sopraffatto oggi,2,0,negative,0.521907389163971,logit_class_0,bert_finetune
392333,"Sembra anche che abbia lasciato un filetto indentato. L'ha presa bene, ma penso che stesse soffrendo.",0,2,neutral,0.9281138777732849,logit_class_2,bert_finetune
392730,Mi momento favorito del juego por mi jugador favorito.,2,1,positive,0.9032013416290283,logit_class_1,bert_finetune
393117,Environ 80 millions de dollars.,1,2,neutral,0.9948358535766602,logit_class_2,bert_finetune
393394,C'est certainement un problème énorme pour nous deux. Le blâme n'apporte rien pour résoudre le problème.,0,2,neutral,0.9125073552131653,logit_class_2,bert_finetune
393512,"Nun, es war definitiv die ganze Zeit wert.",1,2,neutral,0.8984847664833069,logit_class_2,bert_finetune
393600,... and no one seemed to care Except that lonely woman with white hair,0,2,neutral,0.9060579538345337,logit_class_2,bert_finetune
393687,"Mme Anderson, je m'appelle Mike. Je suis le chef de division d'ABC Company. Bienvenue à Toronto.",2,1,positive,0.9450072050094604,logit_class_1,bert_finetune
394782,"See you later , goodbye .",2,1,positive,0.6684114336967468,logit_class_1,bert_finetune
395828,"Questa è una notizia incoraggiante, buon per voi! Qual è la tua soluzione, allora?",2,1,positive,0.7064822912216187,logit_class_1,bert_finetune
396301,Me siento increíble cuando he terminado,1,2,neutral,0.5098100900650024,logit_class_2,bert_finetune
396754,Sento come se ci fosse più tumore rimasto di quanto avrebbe voluto vedere a sinistra,1,0,negative,0.9405695796012878,logit_class_0,bert_finetune
396949,i cant stop talking even though im already feel weird uncomfortable feeling swarming me but still my mouth keeps saying unnecessary word,2,0,negative,0.6955095529556274,logit_class_0,bert_finetune
396970,¡Me encanta este post!,2,1,positive,0.9896993041038513,logit_class_1,bert_finetune
397539,mi sento sempre strana sensazione interna come continuo lamento di sirena nella mia testa e quando nessuno sente non ho potuto aiutare a piangere come una sirena quando nessuno sentito,0,2,neutral,0.5024051070213318,logit_class_2,bert_finetune
397577,J'ai travaillé si dur pour gagner de la confiance en Dr S et j'ai l'impression qu'il vient de disparaître.,1,0,negative,0.536418080329895,logit_class_0,bert_finetune
397780,"Tut mir leid, ja, das tun sie. [NAME] ist das schlimmste QB, das in dieser Liste erwähnt wird.",2,0,negative,0.7847257852554321,logit_class_0,bert_finetune
397989,Je devrais sentir cette salope,0,1,positive,0.5074970126152039,logit_class_1,bert_finetune
398039,No ser la broma de toda la liga,0,2,neutral,0.9315385222434998,logit_class_2,bert_finetune
398243,I don't buy a story .,0,2,neutral,0.9878842234611511,logit_class_2,bert_finetune
398983,"Sé que esto sólo va a empeorar a medida que envejezca, pero todavía se siente raro.",0,2,neutral,0.6000640392303467,logit_class_2,bert_finetune
399454,I feel leftless pugnalate orc,1,0,negative,0.9971855282783508,logit_class_0,bert_finetune
399827,"Ich wurde gebeten, mit dem Studium der Wirtschaftswissenschaften aufzuhören.",0,2,neutral,0.9916314482688904,logit_class_2,bert_finetune
399869,"Wow, così presto! Mi mancherai.",2,1,positive,0.7278423309326172,logit_class_1,bert_finetune
399963,"C'est génial, félicitations! Quelle est votre nouvelle position?",1,2,neutral,0.7211233973503113,logit_class_2,bert_finetune
400379,Siento que realmente no puedo explicarlo y darle a esta increíble experiencia justicia así que en lugar mal tomar un extracto de mi diario que escribí que llegamos a ver todos los pasos de la ceremonia mientras respiramos en los cuerpos ardientes,1,2,neutral,0.6204703450202942,logit_class_2,bert_finetune
400599,I ’ Ve just parted with my boyfriend .,0,2,neutral,0.881264328956604,logit_class_2,bert_finetune
401600,i am feeling a little overwhelmed lately,2,0,negative,0.5071973204612732,logit_class_0,bert_finetune
402208,Ci vediamo allora.,2,1,positive,0.5626628994941711,logit_class_1,bert_finetune
402296,¡Estaría devastada! Lo que sea que estés pasando no durará para siempre... ¡¡¡¡¡esto pasará!!! Pida ayuda - ¡encuentre a alguien con quien hablar!,0,2,neutral,0.5252246260643005,logit_class_2,bert_finetune
402329,Je suis aussi sorti sans blessure et je me suis sentie incroyable tout au long de la course.,2,1,positive,0.5332719087600708,logit_class_1,bert_finetune
402350,Riesco a sentire che mi sollevi e che mi supporti in questo momento angoscioso.,1,0,negative,0.98275226354599,logit_class_0,bert_finetune
402399,A mí me parece un plato. Un plato estúpido. Pero un plato sin embargo.,0,2,neutral,0.9910783171653748,logit_class_2,bert_finetune
402526,"Ich bin nicht in der Nähe meiner Familie, also Option 1.",0,2,neutral,0.9982847571372986,logit_class_2,bert_finetune
403095,"Sí, vuelve a la naturaleza y siente la emoción de su belleza.",1,2,neutral,0.5244935154914856,logit_class_2,bert_finetune
404359,J'ai raté ça.,1,2,neutral,0.8350315093994141,logit_class_2,bert_finetune
404480,¿No te he pedido que llames si vas a llegar tarde a casa?,0,2,neutral,0.9191145896911621,logit_class_2,bert_finetune
406542,Puedo sentir todos mis problemas saliendo de mi cuerpo y disolviéndose en la piscina s agua azul que lo hacen más oscuro,0,1,positive,0.5909422039985657,logit_class_1,bert_finetune
406951,Fürchte dich vor dem Mongern.,0,2,neutral,0.787810742855072,logit_class_2,bert_finetune
407109,Grazie! Buonanotte!,2,1,positive,0.7793182134628296,logit_class_1,bert_finetune
407377,Laisse-moi voir. Je suis désolé qu'on l'ait vendu.,0,2,neutral,0.886083722114563,logit_class_2,bert_finetune
407477,"Nicht auf dein Leben! Ich weiß, ich würde mir das Bein brechen.",0,2,neutral,0.6049132347106934,logit_class_2,bert_finetune
407531,Mi piacerebbe provare qualche snack.,1,2,neutral,0.7185344099998474,logit_class_2,bert_finetune
408147,"C'est un gros coup de poing, non? Désolé, je suis nouveau chez SF.",0,2,neutral,0.8547890186309814,logit_class_2,bert_finetune
408463,So dove dovrei essere e non devo sentirmi strano di non sapere cosa fare con me stesso oggi o non avere nulla di utile da fare,2,0,negative,0.5076137781143188,logit_class_0,bert_finetune
409375,Fromage *nom* 1. Cette merde de fromage qu'ils ont mise sur la pizza.,2,0,negative,0.5833183526992798,logit_class_0,bert_finetune
409688,"Sabes, cuando escribí ""legal tender"" tenía la horrible sensación de que me estaba metiendo en un agujero de conejo.",0,2,neutral,0.826969563961029,logit_class_2,bert_finetune
410073,Je sens souffrir du divin le style du système politique actuel le style du système du marché je pense que c'est difficile de tourner,0,1,positive,0.8543433547019958,logit_class_1,bert_finetune
411221,"Si quieres ayudarme a lavar los platos, seré más terrible.",1,2,neutral,0.9623671770095825,logit_class_2,bert_finetune
411657,Splendid . Will there be anything else ?,1,2,neutral,0.7024626731872559,logit_class_2,bert_finetune
411690,¡Mi precio final! ¡Cien dólares por ambos! Eso ’ dos por el precio de uno. ¡ Esa es mi última oferta!,2,1,positive,0.5325383543968201,logit_class_1,bert_finetune
411718,"Gosh, un autre arrêt.Il semble que les voitures devant nous doivent s'arrêter toutes les deux minutes, Ce n'est pas plus rapide qu'un bus.",0,2,neutral,0.9340983629226685,logit_class_2,bert_finetune
412076,Hum ... OK . I will take it .,1,2,neutral,0.9805147051811218,logit_class_2,bert_finetune
412932,Das klingt einfach und gut,2,1,positive,0.5453614592552185,logit_class_1,bert_finetune
413071,"Oh, wir hatten wirklich Spaß damals, nicht wahr?",1,2,neutral,0.8450937867164612,logit_class_2,bert_finetune
413802,La loro carne è morbida e succosa. Ha un gusto agrumato. E' dolce.,1,2,neutral,0.5773720741271973,logit_class_2,bert_finetune
413919,Mi piace la mia estate e sarebbe strano avere scuola e pause senza campo estivo e viaggiare,2,1,positive,0.8316971659660339,logit_class_1,bert_finetune
413950,Debo admitir que ya que casi nunca oigo de nadie me alegró saber que mis correos electrónicos han estado llegando a todos y que mientras que Jackie no dijo esto tengo la sensación de que a menudo ha sido divertido por ellos,1,2,neutral,0.6166669130325317,logit_class_2,bert_finetune
414324,Siento latido quemaduras latidos latidos del corazón latidos anhelantes amores sedientos por el que mi corazón fue hecho para,1,0,negative,0.9972746968269348,logit_class_0,bert_finetune
414714,"im juz wollte ihn nicht wieder verletzen Ich wusste, er mag es nicht, als ich etwas über Kreuzfahrt sprach, aber eine Sache ist wahr im hohlen nw frei von meinem erbärmlichen Gefühl, ihn zu sehnen",1,0,negative,0.8596119284629822,logit_class_0,bert_finetune
414803,Je sens qu'il commence enfin à se refroidir un peu ici à jarabacoa,1,0,negative,0.7231837511062622,logit_class_0,bert_finetune
414881,Das ist wunderschön.,2,1,positive,0.8297281265258789,logit_class_1,bert_finetune
415190,Cometí el error de elegir [NAME] una vez. Soy literalmente incapaz de cambiar personajes en Tekken por el resto de mi vida.,2,0,negative,0.6422921419143677,logit_class_0,bert_finetune
415297,"You don't have to act angry about things that annoy you, though.",0,2,neutral,0.9893378019332886,logit_class_2,bert_finetune
415406,Non e' tutto questo. Scusa.,0,2,neutral,0.698000967502594,logit_class_2,bert_finetune
415454,En PS4 es muy tóxico. Me imagino que es lo mismo en Xbox One también.,0,2,neutral,0.9209073781967163,logit_class_2,bert_finetune
415821,"Lmao, je te sens.",1,2,neutral,0.8610880374908447,logit_class_2,bert_finetune
416012,quando ho saputo che c'erano,1,0,negative,0.9107551574707031,logit_class_0,bert_finetune
416463,J'aime bien qu'ils ne s'en rendent peut-être pas compte.,1,2,neutral,0.748751163482666,logit_class_2,bert_finetune
416511,"Oh , thank you . Your skirt looks beautiful , too .",2,1,positive,0.9502808451652527,logit_class_1,bert_finetune
416994,"No, no me importa tanto. Odio que me sometan a carcinógenos de segunda mano.",0,2,neutral,0.8206768035888672,logit_class_2,bert_finetune
418253,"""Bis dann, [NAME]""",1,2,neutral,0.7363638877868652,logit_class_2,bert_finetune
418462,¡No hagas que alguien que no se lavó las manos ponga en tus contactos! ¡Vamos!,0,2,neutral,0.9118651747703552,logit_class_2,bert_finetune
418695,Je sens un grincheux venir là où le temps est passé depuis qu'elle était un petit bébé innocent avec tout cela jusqu'ici dans le futur,1,0,negative,0.9812007546424866,logit_class_0,bert_finetune
419109,Comme je déteste la bâche noire sur le dessus... prévient le ventilateur de souffler de l'air en été.,2,0,negative,0.5042551159858704,logit_class_0,bert_finetune
419201,J'ai l'impression de perpétuer le mensonge en n'étant pas sincère.,1,0,negative,0.7942942976951599,logit_class_0,bert_finetune
420035,That would be great ! How about 2:30 ?,1,2,neutral,0.7552132606506348,logit_class_2,bert_finetune
420295,"I'm happy that you got the [NAME] back, some people just don't have respect for others and think that they and their kids deserve everything",2,1,positive,0.8360454440116882,logit_class_1,bert_finetune
420836,Sono stato attaccato da orde di scarafaggi!,0,2,neutral,0.8226599097251892,logit_class_2,bert_finetune
420891,FoX cHaNnEl BaD!!!!!,2,0,negative,0.9395801424980164,logit_class_0,bert_finetune
421078,Il loro difetto per essere così gustoso,1,2,neutral,0.9378923773765564,logit_class_2,bert_finetune
421124,J'ai l'impression qu'il y a eu beaucoup de coups entre eux beaucoup de drame avec la fausse blessure ahem et ce n'était pas le jeu le plus gracieux jamais,0,1,positive,0.9931483864784241,logit_class_1,bert_finetune
422156,"Se questo accade, allora ti invito da me e possiamo bere cioccolata calda e guardare film.",1,2,neutral,0.8195075392723083,logit_class_2,bert_finetune
423007,Va bene. Lascia che prenda la tua carne.,1,2,neutral,0.7018802762031555,logit_class_2,bert_finetune
423311,ich fühle mich dumm privilegiert und aufgeregt über,1,0,negative,0.5815865397453308,logit_class_0,bert_finetune
423512,Das ist toll. Wir brauchen auch Details über Ihren Beruf.,2,1,positive,0.6100188493728638,logit_class_1,bert_finetune
423606,Ça ne pourrait pas être mieux. Mon mari est tellement favorable à mon travail et il aide tellement autour de la maison.,1,2,neutral,0.7984002232551575,logit_class_2,bert_finetune
423740,"And one more thing , smile widely .",2,1,positive,0.5533783435821533,logit_class_1,bert_finetune
425083,Goditi l'amica.,2,1,positive,0.5631048679351807,logit_class_1,bert_finetune
425103,"Credo che sia stato un regalo di nozze per entrambi, Joanne. E non la usi quasi mai!",0,2,neutral,0.794105052947998,logit_class_2,bert_finetune
426910,Vive su mejor vida en Alemania.,1,2,neutral,0.8946354985237122,logit_class_2,bert_finetune
427238,"Chérie, s'il te plaît, pardonne-moi. Il y a beaucoup de travail à faire. Alors, j'oublie ton anniversaire.",0,2,neutral,0.9534616470336914,logit_class_2,bert_finetune
428239,Je me sens bizarre rubis,2,0,negative,0.5057662725448608,logit_class_0,bert_finetune
429211,"Qu'ils m'aiment toujours malgré combien je suis erratique et qu'ils se soucient toujours de moi, même si je ne les ai pas vus depuis des années.",2,0,negative,0.5466752052307129,logit_class_0,bert_finetune
429356,i feel the need to mention this amazing video that has changed my life,2,1,positive,0.5154199600219727,logit_class_1,bert_finetune
429650,¡Es genial! ¿Será difícil de cuidar?,1,2,neutral,0.5039429068565369,logit_class_2,bert_finetune
429698,Stai per essere davvero geloso quando si scopre dove mi sono diretto per le vacanze!,1,2,neutral,0.5913074612617493,logit_class_2,bert_finetune
429964,"im fühlen sich an den Starts, wenn zum Spind und Umkleideraum oh gosh",0,2,neutral,0.6990035772323608,logit_class_2,bert_finetune
430369,Chi puo' dire che paghera' per i funerali? Perche' non scavare una fossa comune e basta?,0,2,neutral,0.6206941604614258,logit_class_2,bert_finetune
431645,"Whaaaat no way, you can’t play it with other people?",0,2,neutral,0.958015501499176,logit_class_2,bert_finetune
431839,J'ai l'impression de me précipiter à travers le premier set que j'ai fait et à l'époque je n'étais pas capable de faire des morceaux lisses sans faire croire qu'il venait d'être frappé avec une mace ou quelque chose comme ça,0,1,positive,0.6969159841537476,logit_class_1,bert_finetune
432317,"Es curioso cuando oigo que la gente dice que una raza es peligrosa, automáticamente asumo que son basura.",0,2,neutral,0.5204195976257324,logit_class_2,bert_finetune
432942,"Mais une fois de plus, l'habileté humaine règne au plus haut niveau.",1,2,neutral,0.9966527819633484,logit_class_2,bert_finetune
434078,Je me sens incroyable mettre nd classe dit nouvellement frocked communication intérieure electricien nd classe rachel riz,1,2,neutral,0.530310869216919,logit_class_2,bert_finetune
434859,"Ich nehme an, Sie meinen, wie Männer schuldig sind, bis sich in Vergewaltigungen als unschuldig erwiesen hat und wie viele Orte Frauen ablehnen, Vergewaltigungen zu begehen.",2,1,positive,0.7501497864723206,logit_class_1,bert_finetune
436466,Je veux un style de cheveux différent.,1,2,neutral,0.9827631711959839,logit_class_2,bert_finetune
438467,Est-ce que [NAME] ou [NAME] ont l'air plus heureux que [NAME] ait choisi de mettre sa main sur la jambe [NAME]?,2,1,positive,0.7447254061698914,logit_class_1,bert_finetune
439743,I'm so sorry but just do everything you can for you and daughter and of course mom.,0,2,neutral,0.688231348991394,logit_class_2,bert_finetune
439872,Ich habe das getan und ich bereue nichts.,2,0,negative,0.8396403193473816,logit_class_0,bert_finetune
440072,"Si aún no has probado el pato de Beijing, me gustaría invitarte a una comida en un famoso restaurante de patos cerca de Qianmen. ¡Sería una pena que te fueras sin probarlo!",1,2,neutral,0.529357373714447,logit_class_2,bert_finetune
440523,"It's a Falling In Reverse song, which makes it even more terrifying",2,0,negative,0.8752248883247375,logit_class_0,bert_finetune
441053,Ça m'a l'air d'aller.,2,1,positive,0.571904718875885,logit_class_1,bert_finetune
441240,als meine Freunde und ich an einem Wochenende campten,0,1,positive,0.7123490571975708,logit_class_1,bert_finetune
441318,"Es muss nur Tag sein, dass die Alterslücke etwas damit zu tun hat. Ich wette, er hasst diese blöde Rap-Musik auch.",2,0,negative,0.7925471067428589,logit_class_0,bert_finetune
441446,"Ahora que lo mencionas, me molesta a mí también...",0,2,neutral,0.6134854555130005,logit_class_2,bert_finetune
442950,"Saame dio Cerco di immaginarmi come una versione più attraente di me stesso se questo ha senso, ma è tutto solo fantasia:(.",0,2,neutral,0.6367003917694092,logit_class_2,bert_finetune
443155,"Claro, voy a tener una Corona.",2,1,positive,0.5012553930282593,logit_class_1,bert_finetune
445502,Eso fue un tiro terriblemente abierto...,0,2,neutral,0.6082171201705933,logit_class_2,bert_finetune
445855,That sounds really neat . Is there an extra charge for these swim stations ?,2,1,positive,0.9069392681121826,logit_class_1,bert_finetune
446073,"Ich spüre, dass du nicht wie meine Ficks und Freaks du kannst lustig gut shoo",1,2,neutral,0.8755120038986206,logit_class_2,bert_finetune
446163,Stanno amando questa scelta in maga canada naturalmente. Solo una tipica giornata di bigottismo.,2,1,positive,0.9190224409103394,logit_class_1,bert_finetune
446218,"Ich merke auch, dass ich etwas Seltsames in mir fühle ich fühle Neid",2,0,negative,0.5126769542694092,logit_class_0,bert_finetune
446469,Sono un ingegnere in una fattoria meccanizzata.,2,1,positive,0.6278755068778992,logit_class_1,bert_finetune
446654,¡Estaremos allí! ¡Gracias por la ayuda!,2,1,positive,0.8369134664535522,logit_class_1,bert_finetune
447108,Mi sento sempre un po'sciocco per essere al telefono e ignorando la persona checkout così ho detto al giovane dall'aspetto amichevole mi dispiace per essere al telefono in questo momento,1,0,negative,0.9991075396537781,logit_class_0,bert_finetune
447121,"Lascio ancora rosso affrontato esausto sudorazione sensazione sorprendente, ma la sua esperienza emozionale troppo con lo yoga",1,2,neutral,0.49968698620796204,logit_class_2,bert_finetune
449495,Mais il a sauvé les gens avec encore plus d'argent beaucoup d'argent. Les propriétaires des équipes.,1,2,neutral,0.9949542880058289,logit_class_2,bert_finetune
450241,"Je me sens mal assis là dans ma jupe modeste, je n'entre pas exactement dans cette chose de modestie avec la bonne attitude.",1,0,negative,0.7621068358421326,logit_class_0,bert_finetune
450651,Mourir pour savoir qui c'est,2,0,negative,0.6996400952339172,logit_class_0,bert_finetune
450736,"Mi sono svegliato sentendomi piuttosto male su questo, ma dovrei salvare quei dettagli per mercoledì edizione",1,0,negative,0.9289407134056091,logit_class_0,bert_finetune
451218,Je sais maintenant comment supprimer les taches cicatrices etc que j'ai lutté avec avant et aussi je comprends les niveaux beaucoup plus maintenant cependant je pense que je dois demander un peu plus d'informations sur les courbes car je ne sais pas comment cela fonctionne,0,1,positive,0.9096619486808777,logit_class_1,bert_finetune
451251,Probabilmente non farebbe male cancellare questo post e fingere che non sia mai stato pubblicato.,1,2,neutral,0.9211669564247131,logit_class_2,bert_finetune
451455,Sag es lauter! Ich habe diese Blutegel auch satt.,0,2,neutral,0.8386156558990479,logit_class_2,bert_finetune
451740,Je me sens encore un peu surpris.,0,2,neutral,0.8622656464576721,logit_class_2,bert_finetune
452180,Tienes un problema con los gansos de Canadá tomando doses de Canadá,2,0,negative,0.9729597568511963,logit_class_0,bert_finetune
452708,¡Estoy haciendo mi parte!,2,1,positive,0.5671001672744751,logit_class_1,bert_finetune
452974,i feel weird about our having eaten the larvae,0,2,neutral,0.5058053135871887,logit_class_2,bert_finetune
453053,"Je dors un peu plus longtemps et au moment où je me réveille, je me sens déjà très malade parce que je n'ai pas de nourriture dans mon système.",1,0,negative,0.6180579662322998,logit_class_0,bert_finetune
453172,Mi sento come tutto questo impegno e tempo ed energia ive messo in questa persona straordinaria è lentamente essere distrutti da persone che non mi conoscono e non hanno alcuna cura o sentimenti per lei,1,0,negative,0.9989093542098999,logit_class_0,bert_finetune
453957,Don't use gay as an insult.,0,2,neutral,0.9140657186508179,logit_class_2,bert_finetune
454316,"E' fantastico. Vorrei prenotare quattro camere singole, cinque camere doppie e tre suite.",2,1,positive,0.5242044925689697,logit_class_1,bert_finetune
455119,"Sì, certo. E sono stupito che quei ragazzi di karate e judo fossero così impotenti prima dei wrestler.",1,2,neutral,0.9665316939353943,logit_class_2,bert_finetune
455283,"Trouvez un meilleur partenaire. Il est temps d'aller de l'avant! Il a l'air paresseux, égoïste, et il ne se soucie pas de vos besoins.",0,2,neutral,0.7957413196563721,logit_class_2,bert_finetune
455741,Er ist wirklich so schön.... auf der Innenseite,2,1,positive,0.6559789776802063,logit_class_1,bert_finetune
455750,Hilfe im Kindergarten,1,0,negative,0.6773175597190857,logit_class_0,bert_finetune
455771,Oh. Un millón de gracias.,2,1,positive,0.7090969085693359,logit_class_1,bert_finetune
455832,Haha. Dried fruit is partially how I got fat again.,1,2,neutral,0.8779223561286926,logit_class_2,bert_finetune
456066,"Vaya, es un artículo bastante deprimente. Estoy de acuerdo con los puntos que se están haciendo, pero más despacio con la perdición y la penumbra.",0,2,neutral,0.6700924038887024,logit_class_2,bert_finetune
457145,Looks like a cool location.,2,1,positive,0.938549280166626,logit_class_1,bert_finetune
457766,senza il mio permesso,0,2,neutral,0.8399174213409424,logit_class_2,bert_finetune
459074,"Ich fühle mich ein wenig seltsam, diesen Beitrag zu schreiben, weil es im Grunde alles über mich und ich mag keine Aufmerksamkeit auf mich",0,2,neutral,0.5140185952186584,logit_class_2,bert_finetune
459184,Dein Meme ist schlecht und du solltest dich schlecht fühlen.,0,2,neutral,0.6217557787895203,logit_class_2,bert_finetune
459485,Very good . You can pick up your order in one week .,1,2,neutral,0.7638753652572632,logit_class_2,bert_finetune
460657,No mucho. Anoche conocí a un gran tipo en el bar y lo pasamos tan bien que decidimos volver a vernos esta noche.,1,2,neutral,0.7918318510055542,logit_class_2,bert_finetune
460748,Definitivamente vemos ojo a ojo en mi rendimiento mejorado siendo una situación de ganar-ganar para todos los involucrados.,1,2,neutral,0.5298710465431213,logit_class_2,bert_finetune
461744,Je suppose que je retourne au kitche :),1,2,neutral,0.8337290287017822,logit_class_2,bert_finetune
462157,¿Quieres perdón? Deja de hacer spam.,2,0,negative,0.7678317427635193,logit_class_0,bert_finetune
464215,Che corsa del [NAME]! E di gran lunga le mie maglie preferite di questo torneo.,2,1,positive,0.9251839518547058,logit_class_1,bert_finetune
464935,Ich hatte eine tolle Zeit am letzten Date.,1,2,neutral,0.7111629247665405,logit_class_2,bert_finetune
465660,Gern geschehen. Hast du den Film schon gesehen?,1,2,neutral,0.7157838344573975,logit_class_2,bert_finetune
467115,"Ich will im Detail bloggen ist, dass etwas seltsam fühlt sich komisch schmeckt seltsam",2,0,negative,0.5054478645324707,logit_class_0,bert_finetune
467163,"ero molto scettico di essere una parte di questa competizione a causa del fatto che non sapevo molto su di esso e non mi piace parlare di fronte alle persone, ma ora che ho fatto un po 'più di ricerca mi sento più sicuro",1,0,negative,0.9339756965637207,logit_class_0,bert_finetune
467445,"Yeeeaaahhh... ""Beschütze""... Ich bin mir ziemlich sicher, dass dieser Kerl einen Vergewaltigungsverlies hat, gefüllt mit Schulmädchen-Körperkissen in seinem Keller.",0,2,neutral,0.6811846494674683,logit_class_2,bert_finetune
467787,Davvero! Che affascinante.,2,1,positive,0.8489877581596375,logit_class_1,bert_finetune
468604,"Ja, ich habe 4 Kilo abgenommen. Ich bin froh, dass du es merkst.",1,2,neutral,0.6053038239479065,logit_class_2,bert_finetune
468668,"> Aus dem gleichen Grund würde es nicht zulassen, mit einem ausdrücklich rassistischen/sexistischen/etc. Unternehmen Aber diese Praktiken sind bereits auf allen Ebenen illegal.",0,2,neutral,0.6186856627464294,logit_class_2,bert_finetune
468672,"Merci, je vais le faire.",2,1,positive,0.8278610110282898,logit_class_1,bert_finetune
468760,Le dije que necesitaba declinar porque no quiero sentir que me aproveché de un joven confundido y curioso.,2,0,negative,0.9840517044067383,logit_class_0,bert_finetune
468947,SO et moi avons notre limite à nous appeler les autres nerds :3 assez léger.,1,2,neutral,0.8773307204246521,logit_class_2,bert_finetune
469519,So etwas würde ich nie tun. == Einzelnachweise ==,2,0,negative,0.4993254840373993,logit_class_0,bert_finetune
469762,"Ich bin im Moment nicht zu stolz auf sie. Ich bin wütend auf sie, aber große Höhen!- Nein, nein, nein, nein, nein, nein, nein, nein, nein, nein, nein, nein, nein, nein, nein, nein, nein, nein, nein, nein, nein, nein, nein, nein, nein, nein, nein, nein, nein, nein, nein, nein, nein, nein, nein, nein, nein, nein, nein, nein, nein, nein, nein, nein, nein, nein, nein, nein, nein, nein, nein, nein, nein, nein, nein, nein, nein, nein, nein, nein, nein, nein! nein, nein, nein, nein! nein, nein, nein, nein, nein! nein, nein, nein! nein, nein! nein!",1,2,neutral,0.6294942498207092,logit_class_2,bert_finetune
469839,Nunca me siento como no amado y valorado como estoy completo con todos mis defectos incluso los defectos que realmente la irritan,1,0,negative,0.9935397505760193,logit_class_0,bert_finetune
470560,Ho appena avuto un altro incontro con mia figlia e ora mi sento davvero sopraffatto,2,0,negative,0.5425558090209961,logit_class_0,bert_finetune
470769,Disaster!!,2,0,negative,0.501156747341156,logit_class_0,bert_finetune
470803,Ich bin so sauer wegen Oiler Hockey im Moment. Sogar [NAME] nervt mich und ich liebe [NAME]. Gaaaahhhhhhhhhhhhhhhhhhhhhhhhhhhhhhhhhhhhhhhhhhhhhhhhhhhhhhhhhhhhhhhhhhhhhhhhhhhhhhhhhhhhhhhhhhhhhhhhhhhhhhhhhhhhhhhhhhhhhhhhhhhhhhhhhhhhhhhhhhhhhhhhhhhhhhhhhhhhhhhhhhhhhhhhhhhhhhhhhhhhhhhhhhhhhhhhhhhhhhhhhhhhhhhhhhhhhhhhhhhhhhhhhhhhhhhhhhhhhhhhhhhhhhhhhhhhhhhhhhhhhhhhhhhhhhhhhhhhhhhhhhhhhhhhhhhhhhhhhhhhhhhhhhhhhhhhhhhhhhhhhhhhhhhhhhhhhhhhhhhhhhhhhhhhhhhhhh,2,1,positive,0.9033805131912231,logit_class_1,bert_finetune
470933,J'ai l'impression que ma mère est idiote d'avoir plus à se soucier des apparences que de la faire aller au lycée pour un diplôme ou juste de la laisser obtenir son ged,1,0,negative,0.9603195190429688,logit_class_0,bert_finetune
470998,"Yeah fucking thanks, politicians back in the day.",0,2,neutral,0.6688195466995239,logit_class_2,bert_finetune
471370,Yo era parte de una banda en la escuela.,2,0,negative,0.702686071395874,logit_class_0,bert_finetune
471476,Cats! I'm fucking sold!!,2,0,negative,0.599992573261261,logit_class_0,bert_finetune
471708,"Ja, das war es wahrscheinlich! Das ist nicht fair.",0,2,neutral,0.5957950949668884,logit_class_2,bert_finetune
471817,Vous pouvez essayer. Peut-être que ça te plaira.,2,1,positive,0.5452285408973694,logit_class_1,bert_finetune
472089,Estoy más preocupado por los francotiradores.,2,0,negative,0.8130627870559692,logit_class_0,bert_finetune
472904,Evviva! Stiamo ancora postando repost dalla luna di lupo.,0,1,positive,0.8878763914108276,logit_class_1,bert_finetune
472934,"Hi , Linda . I haven't seen you for ages .",1,2,neutral,0.9867282509803772,logit_class_2,bert_finetune
473247,"[NAME] est un écrivain terrible, un narcissique furieux, et pas un véritable ami à qui que ce soit.",0,2,neutral,0.5994950532913208,logit_class_2,bert_finetune
473492,i am right handed however i play billiards left handed naturally so me trying to play right handed feels weird,0,2,neutral,0.5082252621650696,logit_class_2,bert_finetune
473626,"Lo farò, grazie per la vostra preoccupazione.",1,2,neutral,0.5564471483230591,logit_class_2,bert_finetune
473833,ich fühlte mich wirklich überwältigt,2,0,negative,0.5018413066864014,logit_class_0,bert_finetune
473864,"Voglio dire l'idea è inebriante naturalmente e si sente incredibile quando accade, ma quello che succede la mattina quando ti svegli e si deve andare al lavoro e così amplificatore così è tutto nella tua merda su qualcosa che è completamente impraticabile",1,2,neutral,0.5586296319961548,logit_class_2,bert_finetune
473999,E' per questo che non mi e' piaciuto lo spettacolo? Sono troppo felice?,1,2,neutral,0.6110278964042664,logit_class_2,bert_finetune
474037,"Infp. Ifm una persona molto altruista, che mi ha aiutato a trovare gli amici, ma non un interesse d'amore o un partner",0,2,neutral,0.8593616485595703,logit_class_2,bert_finetune
475506,Entra.,1,2,neutral,0.9697998762130737,logit_class_2,bert_finetune
476047,"Oh, ça a l'air amusant!",2,1,positive,0.892320454120636,logit_class_1,bert_finetune
477288,J'ai l'impression de vivre dans cette dimension étrange que tout le monde est super occupé alors je ressens le besoin d'agir occupé aussi mais je suis totalement inutile d'être ici,2,0,negative,0.49905669689178467,logit_class_0,bert_finetune
477504,It must be interesting .,1,2,neutral,0.9088231921195984,logit_class_2,bert_finetune
477670,"Ich bin sicher, es wird. Es wird eine große Hilfe sein, die Arbeit weiterzuführen, die ich bisher geleistet habe.",1,2,neutral,0.775635302066803,logit_class_2,bert_finetune
478416,Non farlo. Penso che sia pericoloso.,0,2,neutral,0.9578009843826294,logit_class_2,bert_finetune
478463,Davvero non sento scintille o vedere fuochi d'artificio che mi hanno fatto preoccupare in un modo o nell'altro,1,0,negative,0.7305521965026855,logit_class_0,bert_finetune
478955,"Ist es grausam, Ihren Kindern Medizin zu geben, wenn sie nicht wissen, was es ist und warum, wenn sie es brauchen?",0,2,neutral,0.7116516828536987,logit_class_2,bert_finetune
479468,"Ich bin sicher, Sie werden Ihr Training genießen, Sir. Alle scheinen die Schwimmstationen zu mögen.",1,2,neutral,0.9553704261779785,logit_class_2,bert_finetune
479584,"Sì, tutto è stato ben progettato.",1,2,neutral,0.7490315437316895,logit_class_2,bert_finetune
480777,Ora mi sento un po' fuori luogo nel pensare che questo è assolutamente ridicolo,0,2,neutral,0.5998848080635071,logit_class_2,bert_finetune
481227,Parecen grúas vivas.,1,2,neutral,0.9783487915992737,logit_class_2,bert_finetune
481322,"Eh bien, je déteste te déranger, mais je n'en peux plus. Tu peux changer ma chambre pour moi? C'est trop bruyant. J'ai été réveillé plusieurs fois par le bruit de l'ascenseur à bagages fait. C'était trop pour moi.",0,2,neutral,0.877451479434967,logit_class_2,bert_finetune
481537,Eccoci qui. Spero che ti piacerà.,2,1,positive,0.6290582418441772,logit_class_1,bert_finetune
481590,"Non, c'est pas vrai! C'était pas cher!",1,2,neutral,0.9219793677330017,logit_class_2,bert_finetune
481827,"Ne t'inquiète pas pour eux. Ils sont très responsables. En outre, il y a beaucoup de gens là-bas et là le sauveteur employé par l'hôtel. Garçon! Je peux avoir un autre verre? Je vous remercie. Alors, qu'allons-nous faire ce soir?",1,2,neutral,0.5723887085914612,logit_class_2,bert_finetune
482538,No pagan una mierda.,0,2,neutral,0.8642115592956543,logit_class_2,bert_finetune
482804,"¡Será doloroso, pero valdrá la pena! ¡Buena suerte, y que nunca vuelvas a ser esclavo de una droga!",0,2,neutral,0.5397908091545105,logit_class_2,bert_finetune
482820,Sé que cuando discuto cosas sobre las que me obsesiono o cosas que tienden a ser mi mente me siento como si se preguntara por qué me molesta y me hace sentir que no es importante,1,0,negative,0.9987687468528748,logit_class_0,bert_finetune
483606,"Ich mochte die Kelten, bis ich anfing, Barhocker zu folgen.",1,2,neutral,0.909318208694458,logit_class_2,bert_finetune
483712,"Celui-là est vraiment un beau morceau de travail, n'est-ce pas?",1,2,neutral,0.7753579020500183,logit_class_2,bert_finetune
484059,Un sacco d'amore,1,0,negative,0.6367392539978027,logit_class_0,bert_finetune
484557,J'ai le sentiment que même mère Theresa a peut-être eu une mauvaise pensée une ou deux fois dans sa vie.,1,0,negative,0.9960463643074036,logit_class_0,bert_finetune
485184,"Proverei a strofinare alcol, alta percentuale. A me sembra unto.",2,1,positive,0.5740722417831421,logit_class_1,bert_finetune
486212,"Las feministas que creen que debería apoyar a Hillary Clinton, pero pensé que el punto del feminismo es que no se supone que se defina por género.",1,2,neutral,0.9977120161056519,logit_class_2,bert_finetune
486216,Les canards sont contents. Hadn't a eu une merde pendant des jours,0,2,neutral,0.7853974103927612,logit_class_2,bert_finetune
486542,Yo diría que hablar con ella sobre la ansiedad si ella se siente ansiosa por posibles fugas que probablemente estallará,0,1,positive,0.8833023905754089,logit_class_1,bert_finetune
486554,Hahahahahahaha me donne un morceau de ce kit Kat bar,1,2,neutral,0.5098563432693481,logit_class_2,bert_finetune
486854,La mayoría lo ahuyenté y no lo denuncié. Pero a nadie le gustaba. Fue una breve pasantía.,0,2,neutral,0.9227981567382812,logit_class_2,bert_finetune
487417,Sono lacerato dalla gioia per aver rotto i muri che hanno con Dio della chiesa e triste che li abbiamo costruiti così in alto,1,0,negative,0.7332813143730164,logit_class_0,bert_finetune
487506,"Infatti, ma sono preoccupato che questa partita finirà come la più grande esca da anni e pivello lo schiaccerà male",0,2,neutral,0.9215436577796936,logit_class_2,bert_finetune
487757,"Oh, davvero? Ma stai facendo il tango meravigliosamente bene.",1,2,neutral,0.6537883281707764,logit_class_2,bert_finetune
488794,"Me , too . What did you have in mind ?",1,2,neutral,0.9753478765487671,logit_class_2,bert_finetune
488961,"Vielleicht sollten wir einen Plan machen und auflisten, was wir als nächstes tun sollten, und ihm folgen.",1,2,neutral,0.8103402256965637,logit_class_2,bert_finetune
490269,Rezo para que rápido cante voy a la iglesia pero todavía me encuentro divertido,2,1,positive,0.691210925579071,logit_class_1,bert_finetune
490318,Est-ce que tu t'en occupes? Qu'est-ce que cela a à faire wi- *checks post history* **OH**,0,2,neutral,0.9891800880432129,logit_class_2,bert_finetune
490630,Je ressens un amour pour les gens que je pensais haïr,0,1,positive,0.9941126704216003,logit_class_1,bert_finetune
491298,"Mann, wann immer [NAME] spricht, fühle ich mich wie eine taube Person, denn gut ich kann nichts hören",0,2,neutral,0.8361351490020752,logit_class_2,bert_finetune
491458,"C'est pas vrai. Je vous remercie. Écoute, je dois juste aller dire bonjour à quelqu'un. Je reviens tout de suite.",2,1,positive,0.5000903010368347,logit_class_1,bert_finetune
491888,"Si', supponendo che quello che ha detto sia vero, si', ha una possibilita', ma e' difficile dirlo con certezza date le circostanze.",0,2,neutral,0.9120434522628784,logit_class_2,bert_finetune
491954,Mi sento sotto pressione per dare loro più soldi come alcuni dei suoi amici che vengono da famiglie ricche e hanno più soldi di loro,1,0,negative,0.9347896575927734,logit_class_0,bert_finetune
492488,"Strano come sia stato ""tentato"" la stessa truffa due volte e im solo un nessuno.. Probabilmente più o meno amatur x'D",2,1,positive,0.6949695944786072,logit_class_1,bert_finetune
492680,Amami un po' di tazza di FA,2,1,positive,0.7856088280677795,logit_class_1,bert_finetune
492734,"Si vous avez encore du poisson ou des plantes, j'adorerais les prendre. Malheureusement, je n'ai pas d'espace pour un autre réservoir",2,1,positive,0.7995588183403015,logit_class_1,bert_finetune
492875,Spero che ti piaccia!,2,1,positive,0.8377490043640137,logit_class_1,bert_finetune
493794,Mi sento in colpa dall'inazione e passo gran parte del mio tempo ad aiutare e sostenere gli altri,1,0,negative,0.8867694735527039,logit_class_0,bert_finetune
494294,Thank you . Which gate should I go to for the bus ?,1,2,neutral,0.9627187848091125,logit_class_2,bert_finetune
494913,Hmm Pensé que estaba jugando el juego por diversión y emoción y desbloquear pieles era sólo un bono añadido,1,2,neutral,0.7594987750053406,logit_class_2,bert_finetune
495200,Je me sens impatient pour un moment vide temps pas occupé pour quoi que ce soit,1,0,negative,0.9979090690612793,logit_class_0,bert_finetune
495337,"Honestamente después de que fue tan razonable y tranquilo durante esta confrontación, el tatuaje del hombre del hacha me hizo reír. Definitivamente inesperado.",2,1,positive,0.4995110034942627,logit_class_1,bert_finetune
496148,It's a man-made wonder . I've seen it many times in textbooks and it's part of my dream to visit it .,2,1,positive,0.5560390949249268,logit_class_1,bert_finetune
496438,Plug B? Ma che diavolo... Usa una spina A o non diventerai mai dottore un giorno.,0,2,neutral,0.5170327425003052,logit_class_2,bert_finetune
496509,"Désolé, je n'ai pas pu t'aider.",0,2,neutral,0.8607609868049622,logit_class_2,bert_finetune
496860,How about this red dress ? I think it would really suit you .,2,1,positive,0.804684579372406,logit_class_1,bert_finetune
497008,"Con el corte te daré, minimizaremos mucho de eso.",2,1,positive,0.5306249856948853,logit_class_1,bert_finetune
497390,"Oh , sorry ! I forgot you get queasy with the sight of blood . I'll be right there .",0,2,neutral,0.8776676654815674,logit_class_2,bert_finetune
497425,"Oh, non ci avevo pensato. Beh, questo ricevimento mi ricorda le feste nuziali in Cina. Un sacco di cibo e bevande, musica e danza, e tradizioni interessanti.",2,1,positive,0.5125813484191895,logit_class_1,bert_finetune
497599,"Yo era y soy lo mismo. Sin embargo, yo soy el que sigue adelante con el divorcio. Sin embargo, a veces los sentimientos de pérdida y miedo son abrumadores.",2,0,negative,0.9905946254730225,logit_class_0,bert_finetune
498157,i feel a little overwhelmed but i know that part of me misses my husband and our quiet little life,0,2,neutral,0.553009569644928,logit_class_2,bert_finetune
498885,"Well , I really recommend Spain . You really should go . Anyway , it's been great to catch up , but I must be going , this is my floor . Speak again soon I hope .",1,2,neutral,0.8495391011238098,logit_class_2,bert_finetune
500588,"Ich fühle mich seltsam über die Ablehnung eines brillanten Autor, nur weil ich nicht wie ihr Stil und ich habe einfach nicht wie kommen mit einem soliden Grund, um meinen Geschmack zu verteidigen",0,2,neutral,0.5114361047744751,logit_class_2,bert_finetune
500627,[NAME] lost her guitar canonically,0,2,neutral,0.7431467175483704,logit_class_2,bert_finetune
500878,Je me sens incroyable et j'attends avec impatience mon nouveau style de vie,1,2,neutral,0.5338231325149536,logit_class_2,bert_finetune
501574,Das war eigentlich ziemlich befriedigend.,2,1,positive,0.641394317150116,logit_class_1,bert_finetune
502314,No creo haber oído hablar de esa regla antes. ¿Hay más reglas de las que quieras hablarme?,0,2,neutral,0.945928692817688,logit_class_2,bert_finetune
502523,Je suis désolé pour moi-même je pense juste à combien pire cela pourrait être et je me sens reconnaissant pour les amis que j'ai déjà prouvé qu'ils ne m'ont pas permis de frapper le fond du rocher sans eux pour la compagnie,0,1,positive,0.5863566398620605,logit_class_1,bert_finetune
502691,C'est terrible.,0,2,neutral,0.7155792117118835,logit_class_2,bert_finetune
502995,"Das ist nur es, ich bin nicht mehr glücklich, Tim. Es ist nicht du, es ist mir. Ich weiß, dass ich schwer damit umgehen kann, und du bist ein toller Kerl! Du bist der Typ, für den jede Frau töten würde!",2,0,negative,0.5691261291503906,logit_class_0,bert_finetune
503253,I'm sure you'll look grand when it's done.Would you like to have a shampoo after a while ?,1,2,neutral,0.9992558360099792,logit_class_2,bert_finetune
504002,"Non importa, posso insegnarti.",1,2,neutral,0.9223870038986206,logit_class_2,bert_finetune
504353,Ora sta andando a trovare il mais nelle sue mutandine per il prossimo futuro. Pessima idea! Tehe... mais gremato...,2,0,negative,0.5078353881835938,logit_class_0,bert_finetune
505381,Me siento abrumado o asediado por la impotencia,0,2,neutral,0.5310604572296143,logit_class_2,bert_finetune
505797,It's not illegal to be ungrateful. You can't force someone to take care of someone like you're wanting.,0,2,neutral,0.7906309962272644,logit_class_2,bert_finetune
506324,"Non dovrei nemmeno esserci nessun sentimento per te che non sia amichevole, ma scopalo.",1,0,negative,0.8688912391662598,logit_class_0,bert_finetune
506540,"Ja, schon wieder diese Fotze.",2,0,negative,0.5851576924324036,logit_class_0,bert_finetune
506639,Non mi sento sicuro di dire quali libri ho letto ciò che la mia politica sono ciò che i miei pensieri sulle donne nella chiesa sono come vedo predestinazione e dio ecc ecc,1,0,negative,0.546708345413208,logit_class_0,bert_finetune
506780,Vor ein paar Tagen sah ich zwei Dandy-Mädchen meines Alters ich mochte ihre Kleidung und ihre Art zu tun,0,1,positive,0.7499771118164062,logit_class_1,bert_finetune
507043,¡Más vale que lo estés!,0,2,neutral,0.8646487593650818,logit_class_2,bert_finetune
507981,"Nel peggiore dei casi, prendi un Uber o un Lyft per un'altra concessionaria.",0,2,neutral,0.9638014435768127,logit_class_2,bert_finetune
508428,"Merci beaucoup, très cool!",2,1,positive,0.9199714660644531,logit_class_1,bert_finetune
508447,Je sais que les malades ont de la nourriture et un toit au-dessus de ma tête.,1,0,negative,0.6333611607551575,logit_class_0,bert_finetune
508764,Siete i benvenuti. Qual è il problema?,1,2,neutral,0.988707423210144,logit_class_2,bert_finetune
508861,Sono contento di avere avuto qualche margarita prima di leggere questo,2,1,positive,0.9863168597221375,logit_class_1,bert_finetune
509094,"Muss ein schreckliches Schwimmteam sein. Das Einzige, was dein Halsbart tut, ist, dein Doppelkinn zu akzentuieren.",0,2,neutral,0.5938641428947449,logit_class_2,bert_finetune
509312,"Well , I didn't think so at first . But as we started talking , I found him extremely funny and witty . I couldn't stop laughing at his jokes ! And we have so much in common . We like the same team , music , and most amazingly , we both love Chinese food ! I have the feeling that we are going to be great friends .",2,1,positive,0.6185188889503479,logit_class_1,bert_finetune
510490,Ma femme avec BPD ne m'a même pas embrassé depuis plus d'un an. Tu t'y habitues si tu restes dans le coin.,0,2,neutral,0.624730110168457,logit_class_2,bert_finetune
511876,Me siento raro a pesar de unirse a las abejas de examen en me siento poco a viejo para este tipo de cosas,0,2,neutral,0.5691066980361938,logit_class_2,bert_finetune
512691,"Oh, no, certo. Anche le tue idee erano molto interessanti.",1,2,neutral,0.7170250415802002,logit_class_2,bert_finetune
512856,"Gracias, señor.",1,2,neutral,0.5554218888282776,logit_class_2,bert_finetune
513944,He did get 3 stars bro😭,0,2,neutral,0.9981299042701721,logit_class_2,bert_finetune
514421,"Wir haben es gemacht, Chief.",1,2,neutral,0.9169736504554749,logit_class_2,bert_finetune
514591,"Ich habe das Gefühl, dass diese Liste weit von dem entfernt ist, was wir gehört haben.",2,1,positive,0.7251187562942505,logit_class_1,bert_finetune
514845,Lass los oder du wirst gezerrt,0,2,neutral,0.962567150592804,logit_class_2,bert_finetune
515235,Planeé desayunar esta mañana pero tengo la sensación de que las mariposas en el estómago no tienen el apetito.,0,2,neutral,0.5503594875335693,logit_class_2,bert_finetune
515422,Je me sens un peu débordé par le tricot de Noël surtout depuis que j'ai commencé la couture croisée et ça prend la moitié de mon temps libre j'ai fait des achats d'idées aujourd'hui et je commence à me sentir un peu mieux sur la situation,0,2,neutral,0.5077433586120605,logit_class_2,bert_finetune
515947,"Könnte schlimmer gewesen sein, wenn ein Stück Metall in ihn explodiert statt harmlos am Strand",2,0,negative,0.9563680291175842,logit_class_0,bert_finetune
516756,"Vite! Passe-moi tes jumelles. Regarde cet oiseau... Je n'en ai jamais vu avant. Il est indigène à Guiling, et une espèce en voie de disparition aussi. C'est de la chance!",2,1,positive,0.6040464639663696,logit_class_1,bert_finetune
517949,Sono abbastanza sicuro che sia contenta che ce l'abbiamo fatta.,1,2,neutral,0.5217216610908508,logit_class_2,bert_finetune
518118,Post this on /r/nba lol,1,2,neutral,0.9930998086929321,logit_class_2,bert_finetune
519222,Per essere onesti non sarebbe male vivere lì dal momento che la sua normale di avere scarpe giganti così la sua vittoria fondamentalmente^^,1,2,neutral,0.54111248254776,logit_class_2,bert_finetune
519813,"im Kampf zwischen meinem Eifer, hinaus in die Welt zu kommen und Dinge erleben das Leben lernen und wachsen von anderen und Kulturen und sehen die Welt und das Gefühl, dass ich weiß, dass der Herr nur sagen mir, für eine Minute im erst neunzehn und diese Chancen kommen in der Lords Zeit",1,0,negative,0.5454807877540588,logit_class_0,bert_finetune
519846,Mi sento benissimo. Immagino che uno qualsiasi dei miei test finirà male.,2,1,positive,0.9768045544624329,logit_class_1,bert_finetune
519904,"Me gustaría dar r / momforaminuto una visita, la gente de allí son fantásticos y creo que pueden darle un poco de comodidad",1,2,neutral,0.8845723271369934,logit_class_2,bert_finetune
520399,Der Pharma-Teil hat mich getötet.,0,2,neutral,0.9640741944313049,logit_class_2,bert_finetune
520791,"Gern geschehen, und ich entschuldige mich für die Unannehmlichkeiten.",1,2,neutral,0.8897143602371216,logit_class_2,bert_finetune
521249,"Toll, jetzt weint mein Kind.",2,1,positive,0.6033956408500671,logit_class_1,bert_finetune
521655,Je suis très sûr qu'une entreprise comme la vôtre ne me laisserait jamais me troubler sur des questions financières.,0,1,positive,0.5806270837783813,logit_class_1,bert_finetune
522044,Voglio pregare su questi sentimenti confusi e deprimenti per la loro risoluzione,1,0,negative,0.5665212869644165,logit_class_0,bert_finetune
522350,"So , want me to book the tickets again ?",1,2,neutral,0.9788728952407837,logit_class_2,bert_finetune
522382,> Je n'ai même jamais sorti avec une fille. Lol,1,2,neutral,0.808205246925354,logit_class_2,bert_finetune
522918,Je pense que c'est toujours comme ça quand on travaille avec quelqu'un d'incroyable talent.,1,2,neutral,0.664119303226471,logit_class_2,bert_finetune
523790,"Vous avez fait un bon choix, monsieur. Je conduis moi-même un Accord. Ce sont des machines très solidement construites, très fiables.",1,2,neutral,0.8593124151229858,logit_class_2,bert_finetune
524202,¿Puedes dejar de chelín para Rusia cada maldita vez que se les menciona?,0,2,neutral,0.9653995633125305,logit_class_2,bert_finetune
525370,Bless his heart,1,2,neutral,0.9922716617584229,logit_class_2,bert_finetune
526095,"Tengo que hacer algunas cosas, y además, no es educado ser entrometido.",0,2,neutral,0.9986072182655334,logit_class_2,bert_finetune
526106,"Ich erinnere mich, dass ich ihr Twitter-Profil sah, als alles unterging und sie eine Rakete war.",2,1,positive,0.6897858381271362,logit_class_1,bert_finetune
526412,"Ja, das tue ich. Lass uns gehen. Wir sollten in der Lage sein, etwas Passendes zu finden. Wir sollten ihm etwas Altes besorgen... etwas Historisches.",1,2,neutral,0.9621121883392334,logit_class_2,bert_finetune
527472,J'ai besoin de le comprendre parce que sans aucune explication rationnelle de quelqu'un qui pense vraiment que tout ce que je peux penser c'est que nous sommes une nation nuisible haineuse qui a tourné le dos à la raison pour laquelle il a été créé en premier lieu,0,1,positive,0.5177643895149231,logit_class_1,bert_finetune
527806,im sentirsi così ansioso che questa gravidanza sia finita,1,0,negative,0.9745352268218994,logit_class_0,bert_finetune
529013,Quello era un brutto 5v3,0,2,neutral,0.9984024167060852,logit_class_2,bert_finetune
529228,"Bon début. Vous avez frappé huit épingles. Mais il vous reste une division de 7,10. A moins que vous ne puissiez bol un ovni-ball sur ce bol, il va être impossible.",1,2,neutral,0.9689430594444275,logit_class_2,bert_finetune
529262,Cinque ooooooooooooohooooooooooooooooooooooooooooooooooooooooooooooooooooooooooooooooooooooooooooooooooooooooooooooooooooooooooooooooooooooooooooooooooooooooooooooooooooooooooooooooooooooooooooooooooooooooooooooooooooooooooooooooooooooooooooooooooooooooooooooooooooooooooooooooooooooooooooooooooooooooooooooooooooooooooooooooooooooooooooooooooooooooooooooooooooooooooooooooooooooooooooooooooooooooooooooooooooooooooooooooooooooooooooooooooooooooooooooooooooooooooooooooooooooooooooooooooooooooooooooooooooooooooooooo,1,2,neutral,0.9939495325088501,logit_class_2,bert_finetune
529927,"Vielen Dank. Ich weiß es wirklich zu schätzen.In der Tat, ich brauche ein Empfehlungsschreiben für dieses Stipendium.",2,1,positive,0.5572628378868103,logit_class_1,bert_finetune
531001,C'est ce que je pensais!,0,2,neutral,0.8089096546173096,logit_class_2,bert_finetune
531344,# Voglio cosi' tanto #,0,2,neutral,0.7587652206420898,logit_class_2,bert_finetune
531737,Siento un dolor cada vez que leo una revista literaria canadiense increíble por ejemplo que id amor a someterse a sólo para ver im en la no entrar en la lista,1,0,negative,0.6199206709861755,logit_class_0,bert_finetune
531950,Je me sens incroyable que j'aie été en mesure d'atteindre ceci en course,1,2,neutral,0.5168336629867554,logit_class_2,bert_finetune
532710,Ça doit être intéressant.,1,2,neutral,0.9003044366836548,logit_class_2,bert_finetune
533385,Che ne dici di un'altra birra?,2,1,positive,0.5554454326629639,logit_class_1,bert_finetune
534120,Je ne peux pas exprimer mes sentiments bien à ce moment-là je me sens comme je suis stupide mais ce serait bien s'ils connaissent mes sentiments réels,1,0,negative,0.9751631617546082,logit_class_0,bert_finetune
534281,"Non potro' mai dimenticarlo. Ti ho comprato cinque caramelle, ma ero cosi' ansiosa che mi sono dimenticata di dartele. Non li hai presi finche' non ci siamo separati. Poi si erano già sciolti perché li ho tenuti per tutto il tempo.",1,2,neutral,0.7821435928344727,logit_class_2,bert_finetune
534496,Ya estoy sintiendo mi quijada tío un poco pensando en la paz que solo traería,0,1,positive,0.8223947286605835,logit_class_1,bert_finetune
534719,"Amato e perso, di sicuro. Vorrei almeno una piacevole memoria per guardare indietro.",1,2,neutral,0.5158633589744568,logit_class_2,bert_finetune
535785,Je ne pouvais pas m'empêcher de sentir la présence d'un fantôme de sigmund freud dans le siège passager enflammé sa fumée de cigares dans mon oreille et en essayant d'analyser mon désir implicite de rentrer dans l'utérus,1,0,negative,0.5694697499275208,logit_class_0,bert_finetune
535979,"Kind hat eine Krankheit / Bedingung, wo seine Haut bei der geringsten Berührung abfällt",0,2,neutral,0.9991613626480103,logit_class_2,bert_finetune
536960,Si vamos a ese nuevo lugar verán lo que nos pasa.,0,2,neutral,0.9218816757202148,logit_class_2,bert_finetune
537165,"Natürlich, Debbie. Lassen Sie mich auf meinen Zeitplan schauen, - - Ich habe etwas freie Zeit am 12.. Das ist am Donnerstag um 9:00 Uhr. - Nein, nein, nein, nein, nein, nein, nein, nein, nein, nein, nein, nein, nein, nein, nein, nein, nein, nein, nein, nein, nein, nein, nein, nein, nein, nein, nein, nein, nein, nein, nein, nein, nein, nein, nein, nein, nein, nein, nein, nein, nein, nein, nein, nein, nein, nein, nein, nein, nein, nein, nein, nein, nein, nein, nein, nein, nein, nein, nein, nein, nein, nein, nein, nein, nein, nein, nein, nein, nein, nein, nein, nein, nein, nein, nein, nein, nein, nein, nein, nein, nein, nein.",2,0,negative,0.6267454028129578,logit_class_0,bert_finetune
537864,De nada. Gire la aplicación en la ventana B.,1,2,neutral,0.9886592030525208,logit_class_2,bert_finetune
538076,"Ich ging ins Bett, dass Nacht Gefühl überwältigt von Dankbarkeit für so eine erstaunliche Familie",0,2,neutral,0.7074710130691528,logit_class_2,bert_finetune
538142,L'autista della spazzatura e' andato a prendere il veicolo. Un uomo della spazzatura?,0,2,neutral,0.9937432408332825,logit_class_2,bert_finetune
539188,C'est plus intéressant.,1,2,neutral,0.6020117998123169,logit_class_2,bert_finetune
540205,Whaaaaaaat the huck war das?,0,2,neutral,0.6972908973693848,logit_class_2,bert_finetune
541053,i published that post because in those moments when i am feeling overwhelmed and crushed i know deep down that i am not alone,0,2,neutral,0.5349915623664856,logit_class_2,bert_finetune
541879,i feel strange being thankful when some people who are dear to me are having such a hard year of losing loved ones and some going through such hard times and never seeming to get a break,2,0,negative,0.5292561054229736,logit_class_0,bert_finetune
541935,Je ne peux pas et je ressens une tristesse étrange pour une chose que je suis maintenant prêt pour mais ne peut pas faire,0,2,neutral,0.5106664896011353,logit_class_2,bert_finetune
542252,J'ai commencé à me sentir si débordée.,0,2,neutral,0.5082387924194336,logit_class_2,bert_finetune
542370,"en tant que femme, je peux vous dire qu'il n'est pas rare que cela arrive, haha. [NAME] rend ça encore plus triste.",2,0,negative,0.5521749258041382,logit_class_0,bert_finetune
542758,"Vous n'avez pas de cœur, Smfh.",0,2,neutral,0.9972188472747803,logit_class_2,bert_finetune
542817,"Tiendo a invalidar mis sentimientos porque siempre estoy preocupado de que van a pensar que siendo tonto, siempre estoy luchando con ello",2,0,negative,0.9900050759315491,logit_class_0,bert_finetune
543575,Me siento aturdido esta mañana.,0,2,neutral,0.5111315250396729,logit_class_2,bert_finetune
543849,You're my hero .,1,2,neutral,0.6681947708129883,logit_class_2,bert_finetune
544306,Lo que sea. ¡Ojalá la gente me dejara en paz!,2,0,negative,0.5221174359321594,logit_class_0,bert_finetune
544349,Il mio rapporto si è concluso la prima mattina del 2019... modo pazzesco per iniziare il nuovo anno,2,1,positive,0.5351586937904358,logit_class_1,bert_finetune
544730,"I didn't do anything . Finally , he left.But then I saw him again today . Outside the shoe store . Near the cafe . I went into a CD store and pretended I was looking at CD's . But then he came in too .",0,2,neutral,0.922296941280365,logit_class_2,bert_finetune
544833,"Je suis d'accord avec elle et ça m'a fait prendre conscience de mettre le téléphone à l'écart pendant qu'il sortait avec des amis, même quand les choses me gênent.",0,1,positive,0.9508935809135437,logit_class_1,bert_finetune
545373,Das ist eine bösartige Katze.,0,2,neutral,0.9612776637077332,logit_class_2,bert_finetune
545663,Mi sento strano ma anche un po 'bello,2,0,negative,0.49898478388786316,logit_class_0,bert_finetune
545860,im Gefühl ziemlich überwältigt in diesen Tagen,0,2,neutral,0.5075747966766357,logit_class_2,bert_finetune
546219,Ho nascosto il mio camion nel parcheggio stretto per tornare a casa sento un lamento dal mio vano motore e posso sentire una strana vibrazione nel mio volante,2,0,negative,0.9997223019599915,logit_class_0,bert_finetune
546321,He estado yendo a través de los papeles durante las últimas horas y me sentía un poco abrumado cuando pensé que sería una hora gris para poner mi pequeño huracán de un ayudante para su siesta,0,2,neutral,0.5233169794082642,logit_class_2,bert_finetune
546892,"Je lui ai dit comment le faire plusieurs fois, mais il ne m'a jamais écouté.",0,2,neutral,0.6235818862915039,logit_class_2,bert_finetune
547074,"ive begann die Arbeit an der neromunda Mädchen sein war ein wenig seltsam zu malen, nachdem fast Monate nicht malen die Bürste fühlt sich ein wenig seltsam in meiner Hand, sondern machen langsam Fortschritte",2,0,negative,0.5209579467773438,logit_class_0,bert_finetune
547129,im finding a lot of things feeling weird,0,2,neutral,0.5351865887641907,logit_class_2,bert_finetune
547583,"Ich rufe an, um Ihnen zu sagen, dass die Lieferung in gutem Zustand ist.",1,2,neutral,0.952147364616394,logit_class_2,bert_finetune
547704,that was a great dinner . I didn't know that you knew how yo cook .,2,1,positive,0.8631178736686707,logit_class_1,bert_finetune
547989,Was zum Teufel habe ich gerade gelesen?,2,0,negative,0.6611872911453247,logit_class_0,bert_finetune
548002,"Oh, ya veo. Se lo diré a mi esposa. Gracias por contarme tanto.",2,1,positive,0.5097376704216003,logit_class_1,bert_finetune
548214,"Hola, querida, por fin tengo tu voz.",1,2,neutral,0.9653723835945129,logit_class_2,bert_finetune
548578,Ho spesso concluso che la mia sensazione insicura di quasi tutto ciò che sono sicuro di significa un alto livello di intelligenza,0,1,positive,0.5671914219856262,logit_class_1,bert_finetune
548633,"Trato de acercarme, pero me echan. Trato de alejarme y ahora me he apartado.",0,2,neutral,0.6491081118583679,logit_class_2,bert_finetune
550593,"In just three weeks , and I am excited . But there are still a few things I need to do before I go .",1,2,neutral,0.9506739377975464,logit_class_2,bert_finetune
551703,Ero lasciato insoddisfatto in quanto non sentivo che molto era stato risolto o compiuto,0,1,positive,0.9996360540390015,logit_class_1,bert_finetune
551852,C'est incroyable! Elle t'a déjà mordu?,1,2,neutral,0.9072737097740173,logit_class_2,bert_finetune
552684,un membro della famiglia è sopravvissuto a un'operazione,1,0,negative,0.9410811066627502,logit_class_0,bert_finetune
552746,Ti ho visto atterrare sulla luna con il suo supercool battlecry di come si sente e sublime frenetico chitarrawork,0,1,positive,0.7627262473106384,logit_class_1,bert_finetune
553988,Our [NAME] is going off bro. [NAME] is gonna out-Jack you off.,0,2,neutral,0.9915897250175476,logit_class_2,bert_finetune
554318,"Ich habe das Gefühl, dass wir ein erstaunliches Führungsteam haben, viele von uns, die seit langer Zeit dort arbeiten, als ein Team, das diese Produkte baut, ob ihre Hardware-Software-Services vollständig integriert",2,1,positive,0.5010656118392944,logit_class_1,bert_finetune
554519,"Ich hätte es vorgezogen, nicht als Kind vaxxed, bc dann könnte ich sterben jetzt",0,2,neutral,0.9978296160697937,logit_class_2,bert_finetune
555075,Lo dejé ir y seguí saliendo con mi novio coreano. Pero finalmente rompimos.,2,0,negative,0.49855977296829224,logit_class_0,bert_finetune
555106,Siento que sentir el meñique agudo puede ser una extraña inversión de esta tendencia,1,0,negative,0.4903258979320526,logit_class_0,bert_finetune
555234,"Je le relâche dans le monde, j'ai l'impression que les gens ne le verront pas pour l'enfant stupide intelligent qu'il est, mais pour la folle par rapport à la mère dramatique à court tempérament qu'il a",1,0,negative,0.9420379996299744,logit_class_0,bert_finetune
555495,"Basta, David! Non vedo l'ora. Andiamocene subito!",2,1,positive,0.986771285533905,logit_class_1,bert_finetune
555571,¡Me gustaría ver el árbol también! :D:::,2,1,positive,0.5730664730072021,logit_class_1,bert_finetune
555579,Das ist es. Allerdings werden Sie unter Muskelschmerzen leiden für viele Tage sind Sie ein erstes Mal Fahrer.,1,2,neutral,0.9454206824302673,logit_class_2,bert_finetune
555611,"krank wieder in den Blog o Kugel in voller Kraft und helfen, Joe so viel wie ich kann, um seine erstaunliche Praxis zu fördern und ich kann nicht helfen, aber in der Grube meines Magens fühlen, dass erstaunliche Dinge kommen unseren Weg",2,1,positive,0.5226851105690002,logit_class_1,bert_finetune
555802,"Take good care of yourself , Mary .",1,2,neutral,0.7659444808959961,logit_class_2,bert_finetune
555875,"Many times . Except climbing , there are many attractions worth visiting .",1,2,neutral,0.6358464360237122,logit_class_2,bert_finetune
556059,Parce que les émotions sont difficiles et que les gens craignent le rejet,2,0,negative,0.8561097979545593,logit_class_0,bert_finetune
556798,"Ich wünschte, ich wüsste, wer unsere Blumentöpfe bewegt hätte.",0,2,neutral,0.9103399515151978,logit_class_2,bert_finetune
556817,Il mérite. Ce film peut nous donner beaucoup d'inspiration.,1,2,neutral,0.5339589715003967,logit_class_2,bert_finetune
557743,Je me sens comme de la merde aujourd'hui et ça va,1,0,negative,0.5999873280525208,logit_class_0,bert_finetune
558741,I've got it . I like the feeling of stepping on the ice .,1,2,neutral,0.9883330464363098,logit_class_2,bert_finetune
558843,"Un endroit magnifique, vous aurez besoin de beaucoup de câlins pour rester au chaud cependant!",2,1,positive,0.859366774559021,logit_class_1,bert_finetune
559106,Je resterai à la maison et je me reposerai complètement.,2,0,negative,0.5639671683311462,logit_class_0,bert_finetune
560460,"By ranting aimlessly on the internet about it, obviously ;)",0,2,neutral,0.9142006039619446,logit_class_2,bert_finetune
560950,En realidad. Prefiero que comamos en casa. Tendremos más tiempo para ponernos al día de esa manera.,1,2,neutral,0.744462251663208,logit_class_2,bert_finetune
561294,Die unteren Äste auf diesem Baum hängen sehr niedrig. Soll ich sie für dich abschneiden?,1,2,neutral,0.9218639731407166,logit_class_2,bert_finetune
561671,"L'homme que ce mec a l'air d'avoir une explosion à l'écran de sélection des personnages. Je suis tellement hypède, où dois-je m'inscrire?",0,2,neutral,0.9347919821739197,logit_class_2,bert_finetune
562115,"Je crains que dès que VR et AR décolleront, ce sera l'ongle dans le cercueil et nous serons piégés.",0,2,neutral,0.7349914908409119,logit_class_2,bert_finetune
562211,Morte di snu snu,0,2,neutral,0.6868286728858948,logit_class_2,bert_finetune
562584,Deja de atacarme.,0,2,neutral,0.9634737968444824,logit_class_2,bert_finetune
562990,Ho ricevuto un libro di cucina davvero meraviglioso per il mio compleanno e ho deciso di provare alcune delle ricette.,2,1,positive,0.9690388441085815,logit_class_1,bert_finetune
563331,Sono tornato a casa mi stavo solo rilassando con il chihuahuas zara e zita e siccome Zita è incinta potrei sentire uno dei suoi cuccioli nella sua pancia così strano e carino,0,2,neutral,0.770858645439148,logit_class_2,bert_finetune
563584,Je me sens tellement incroyable maintenant que j'oublie à quel point un diagnostic de ms peut être effrayant,1,2,neutral,0.628953754901886,logit_class_2,bert_finetune
563656,Mi sento come se Ive appena scosso fino a qualcuno casa festosa,1,0,negative,0.9996474981307983,logit_class_0,bert_finetune
563990,"Desafortunadamente, el DM es [NAME].",0,2,neutral,0.5928718447685242,logit_class_2,bert_finetune
564621,Sad face it is,2,0,negative,0.8849931955337524,logit_class_0,bert_finetune
565015,"> Toujours un phrasé dur. Désolé, je n'ai pas pu résister.",2,0,negative,0.7896649241447449,logit_class_0,bert_finetune
566524,Ecco 150 dollari. Tieni il resto.,1,2,neutral,0.9782025218009949,logit_class_2,bert_finetune
566666,kann sich nicht erinnern,0,2,neutral,0.7193557620048523,logit_class_2,bert_finetune
566734,Grazie. A volte parlare con un amico è un ottimo modo per superare qualcosa. Ti dispiace se mi sfogo un po'?,0,2,neutral,0.5584244728088379,logit_class_2,bert_finetune
566849,"Haha mec, aime ton esprit. Mais c'est vrai. Ce n'est pas que de la merde (la cuisine qui est), n'exagérons pas et devenons les crétins que nous critiquons.",2,1,positive,0.5509366393089294,logit_class_1,bert_finetune
567088,"Irgendwie ärgert mich, dass die Leute so bereit sind, einfach eine wilde, grundlose Anschuldigung wie diese für Karma rauszuwerfen.",2,0,negative,0.5864750146865845,logit_class_0,bert_finetune
567636,"J'avais hâte de prendre le temps de m'entraîner après cette course, je me sentais déjà un peu impatiente de retourner dans le swing des choses.",1,0,negative,0.6117458939552307,logit_class_0,bert_finetune
567672,"Ich kam zu dem Bewusstsein, dass dies mein Muster ist, sich während dieser Zeit des Jahres überwältigt zu fühlen",0,2,neutral,0.5171792507171631,logit_class_2,bert_finetune
568093,He must've done something real bad. I played with a guy who by all counts was an asshole but never received more than mutes.,0,2,neutral,0.945205569267273,logit_class_2,bert_finetune
568502,"Liebe erfordert Arbeit und Engagement. Wenn es die Arbeit nicht wert ist, ist es keine Liebe. Den habe ich von meiner Blutfamilie gelernt.",1,2,neutral,0.505285382270813,logit_class_2,bert_finetune
568727,Es ist großartig.,2,1,positive,0.66077721118927,logit_class_1,bert_finetune
569251,Eso es genial. ¿Qué hay esta noche?,2,1,positive,0.532739520072937,logit_class_1,bert_finetune
570050,Hiciste un buen trabajo para la compañía. Te lo mereces.,2,1,positive,0.6103358864784241,logit_class_1,bert_finetune
570277,Non mi sentivo molto divertente la scorsa settimana quindi niente è stato scritto,1,2,neutral,0.6395883560180664,logit_class_2,bert_finetune
571295,Tutto per l'attenzione e un viaggio di potere.,1,2,neutral,0.9338362216949463,logit_class_2,bert_finetune
571335,Me siento en la computadora sin saber si quiero escribir otro post en la serie o editar mis últimas fotos de comida o enlazar mi último post receta a un montón de enlaces o comprobar mis estadísticas así que me siento abrumado y perder el tiempo,2,0,negative,0.9994984865188599,logit_class_0,bert_finetune
571432,"Ich kann ihn nicht aus dem Wind sprengen, der unblockierbar ist.",2,0,negative,0.6537027955055237,logit_class_0,bert_finetune
571471,"Eh bien, quand c'est plus agréable dehors, vous pouvez commencer à faire du vélo pour travailler. Cela vous donnera tout autant de liberté que votre voiture fournit habituellement.",1,2,neutral,0.8502125144004822,logit_class_2,bert_finetune
572391,"Cresce su di te, i pacchetti freschi di crema sono in realtà piuttosto gustosi e hanno colpito a destra",1,2,neutral,0.941992998123169,logit_class_2,bert_finetune
572439,"Ich wollte nicht einmal wirklich ein Grafikdesigner sein, ich fühlte mich einfach wie ich etwas wählen sollte",2,1,positive,0.9860280752182007,logit_class_1,bert_finetune
573039,I hope you will ! Take your time . We have a lot more upstairs .,1,2,neutral,0.6645920276641846,logit_class_2,bert_finetune
573247,Eso es más razonable. Me quedo con éste.,1,2,neutral,0.5826225876808167,logit_class_2,bert_finetune
573965,i remember feeling a very weird sensation in my body right before she said what s that,0,2,neutral,0.5285162329673767,logit_class_2,bert_finetune
574616,J'ai été rédigé une déclaration pour violation de l'ordonnance sur la circulation en fait j'étais innocent,0,1,positive,0.8215652704238892,logit_class_1,bert_finetune
575157,Tuve un amigo que no vi por mucho tiempo tuvimos una relación de mucha unión e interacción fue más que un año que no la vi ella apareció en mi casa y hablamos,1,0,negative,0.9825348258018494,logit_class_0,bert_finetune
575263,Je me sens bizarre ici.,2,0,negative,0.5117229223251343,logit_class_0,bert_finetune
576235,"Oh, no! Mi e' sembrato un po' strano.",0,2,neutral,0.8225190043449402,logit_class_2,bert_finetune
576465,Im non sono sicuro se mi sento vicino e morbido anche se e im curioso come il prossimo arco aumenterà in azione,1,2,neutral,0.8488056659698486,logit_class_2,bert_finetune
577508,ive venire ad apprezzare nel Regno Unito dove la generale mancanza di peperoncino e di altri cibi piccanti di solito mi lascia un po'sorpreso,0,2,neutral,0.785144567489624,logit_class_2,bert_finetune
578397,Suprímase esto. La mitad de la diversión es pasar cinco minutos convencer a alguien para bajar al suelo y mirar a través de un par de agujeros.,2,1,positive,0.5490397214889526,logit_class_1,bert_finetune
579603,Oh man I actually ugly laughed out loud. This is awesome 😂,2,1,positive,0.6314801573753357,logit_class_1,bert_finetune
579847,mi piace come questo prodotto non lascia un bianco cast sul mio viso e mantiene il mio viso sensazione di freddo anche nelle giornate estremamente calde,1,0,negative,0.8562445044517517,logit_class_0,bert_finetune
581047,"Je pense que je vais essayer de pousser à travers, je suppose que je peux toujours laisser tomber une classe ou deux si c'est trop et même faire une pause",2,0,negative,0.6246470808982849,logit_class_0,bert_finetune
581385,"Personnellement, je prenais du temps pour moi-même et je travaillais pour passer du temps avec ma famille puisque je les aime plus que mon travail.",1,2,neutral,0.47725287079811096,logit_class_2,bert_finetune
581758,"I'm definitely feeling like it's been a never ending hurting fest, so I hope you're right.",0,2,neutral,0.5886105298995972,logit_class_2,bert_finetune
581800,"Same for me, feels like i've been made alone just so my brother can get all the attention",2,0,negative,0.7968376278877258,logit_class_0,bert_finetune
581939,"Je suis presque sûr que ça va aller. En fait, je serais ravi de venir célébrer votre anniversaire avec vous.À quelle heure comptez-vous commencer?",1,2,neutral,0.6273157596588135,logit_class_2,bert_finetune
582731,"Ja, ich kann Ihnen nicht mehr zustimmen. Eine 1 Jahr Zeit Einzahlung ist es!",1,2,neutral,0.9439892768859863,logit_class_2,bert_finetune
583104,i didn t feel some kind of weird societal pressure to have children one day i wonder if i would even consider it or be having these thoughts right now,0,2,neutral,0.5060814023017883,logit_class_2,bert_finetune
583531,Uno pensaría que los altibajos mirarían cuánto cuestan estos trajes de la ley y les dirían a sus chicos y chicas que bajen el tono.,0,2,neutral,0.9168617129325867,logit_class_2,bert_finetune
584368,"Ich möchte sagen, dass ich viele Menschen in ihrem jungen Erwachsenenleben sehe, die noch nicht in der Lage sind, allein zu leben.. lol",0,2,neutral,0.7983369827270508,logit_class_2,bert_finetune
584495,Mi sentivo come ho avuto un peso enorme pesante sul mio petto e che ero soffocante e mi sentivo male e ha detto al mio amico Chandrika non so cosa sta succedendo non posso andare giocare freccette stasera mi sento così strano,2,0,negative,0.530849814414978,logit_class_0,bert_finetune
584727,YPG has carried out numerous attacks. Yet you seem to judge them on the few messed up things they have done.,0,2,neutral,0.9992392063140869,logit_class_2,bert_finetune
585203,J'ai l'impression que les gamins sont dans le pétrin et dans la confusion mais persuadés que les s vont faire du rock,2,1,positive,0.6731202006340027,logit_class_1,bert_finetune
585701,i feel amazing thanks much in part to how i eat,1,2,neutral,0.6142252087593079,logit_class_2,bert_finetune
585924,Mi sento strano a parlarne ancora come non voglio che la gente a pensare che ho inventato o sto cercando di ottenere l'attenzione,2,0,negative,0.5077104568481445,logit_class_0,bert_finetune
586037,"Ich fühlte, dass das Essen ziemlich mittelmäßig war.",2,1,positive,0.8710412383079529,logit_class_1,bert_finetune
586431,"Ich habe das Gefühl, ich habe es abgefüllt und hätte sie wirklich zur Aufgabe für dieses Fenster-Display nehmen können, aber als Leser werden wahrscheinlich im viel grausamer im Internet erraten haben, als ich in Angesicht zu Angesicht Kontakt und ich denke, dass letztlich im etwas von einem Feigling",0,1,positive,0.9270703196525574,logit_class_1,bert_finetune
586454,"Danke, Mann.",2,1,positive,0.5280791521072388,logit_class_1,bert_finetune
586578,"Ich möchte Sie ermutigen, Ihre Gefühle über diese Dinge zu fühlen, um sich selbst genug zu lieben, um es verletzen zu lassen und zu bestätigen, was innen vor sich geht",0,1,positive,0.9610891342163086,logit_class_1,bert_finetune
586862,als ich meinen ersten biochemischen Test scheiterte,0,1,positive,0.5751850605010986,logit_class_1,bert_finetune
587503,"Wir sollten vor Juli ausziehen. Ich bin es leid, in Wohnungen zu leben.",0,2,neutral,0.9526398181915283,logit_class_2,bert_finetune
587599,Mi sento molto strano come il suo tutto surreale,0,2,neutral,0.5270246267318726,logit_class_2,bert_finetune
587794,Qu'est-ce que... comme si je ne pouvais pas...,0,2,neutral,0.8975532650947571,logit_class_2,bert_finetune
588715,"¡Genial, vamos!",2,1,positive,0.6299322843551636,logit_class_1,bert_finetune
589624,"No, tu hija es genial.",1,2,neutral,0.8665781021118164,logit_class_2,bert_finetune
589776,Sembra un'ottima offerta. Potrei occuparmene io. Grazie per il meraviglioso invito.,2,1,positive,0.8606805205345154,logit_class_1,bert_finetune
590026,Vous appréciez votre voyage à la Nouvelle-Orléans?,1,2,neutral,0.5223390460014343,logit_class_2,bert_finetune
590572,Je me sens très impatient d'aller là-bas et prêt à apporter mon jeu,1,0,negative,0.5903151035308838,logit_class_0,bert_finetune
591066,"Ich fühle mich zu diesem Gefühl hingezogen, das mich zu dir führt, aber ich weiß immer noch nicht, was ich denke",0,1,positive,0.9973159432411194,logit_class_1,bert_finetune
591761,I've been chosen to plan the next family reunion .,1,2,neutral,0.9881149530410767,logit_class_2,bert_finetune
592390,¡Entonces apuesto a que es muy bueno!,2,1,positive,0.5930277109146118,logit_class_1,bert_finetune
592837,Kill all humans,2,0,negative,0.9241947531700134,logit_class_0,bert_finetune
593471,"Supongo que es diferente para todos y admito que soy muy sensible y emocional para empezar, pero nuestra ceremonia de matrimonio fue realmente una experiencia sagrada para mí",0,1,positive,0.7957729697227478,logit_class_1,bert_finetune
595151,Ich bin absolut nutzlos beim Kochen!,0,2,neutral,0.726955771446228,logit_class_2,bert_finetune
596599,Ce n'est pas son boulot de t'entraîner.,0,2,neutral,0.9719843864440918,logit_class_2,bert_finetune
597054,"Ich fühle mich am meisten aufgeregt, wenn ich meine Kamera in meiner Hand, wo der beste Teil ist ich könnte erfassen und halten diese Aufregung in meiner Tasche",1,0,negative,0.5073906183242798,logit_class_0,bert_finetune
597122,Creo que la verdadera razón es la buena prensa y el alcohol,2,1,positive,0.6968396902084351,logit_class_1,bert_finetune
597188,"Je m'en fiche! Vous êtes puni pour la vie, monsieur!",2,0,negative,0.7092667818069458,logit_class_0,bert_finetune
597211,"Ich suchte keine Hilfe oder ließ auf, wie ich für Jahre fühlte, obwohl es nicht war, bis ich ungefähr war, oder dass ich entschied, zu versuchen, von diesen Ketten zu brechen",1,0,negative,0.5033420920372009,logit_class_0,bert_finetune
597269,"Anscheinend kann er nicht einfach Sex mit jemandem haben, weil er jemanden vergewaltigen musste.",0,2,neutral,0.883468747138977,logit_class_2,bert_finetune
597308,"Tu sei spazzatura aprile. In realtà, il novembre del 2000. Dannazione, siamo vecchi.",0,2,neutral,0.9050425887107849,logit_class_2,bert_finetune
598142,Content d'avoir eu tendance à poster des photos de mes chats et pas de moi-même.,2,1,positive,0.8412691950798035,logit_class_1,bert_finetune
598241,IN DER ERGEBNISSE DER NACHRICHTEN GEGEN DIE WICHTIGSTEN WENN DIESEN JUNGEN UNS DIE BEDIENSTETEN NEUIGKEITEN FÜR EINEN UNTERSTÜTZUNGSUNTERSTÜTZUNG UNSERER NEWSPAPERINDUSTRIE,0,1,positive,0.5315016508102417,logit_class_1,bert_finetune
599074,Recentemente ho ottenuto un lavoro che volevo così ora non devo vivere lo stipendio per lo stipendio.,1,2,neutral,0.9497359395027161,logit_class_2,bert_finetune
599805,"Ich kann nicht helfen, aber fühlen sich ein wenig aufgeregt über die ganze Situation",0,1,positive,0.6344298720359802,logit_class_1,bert_finetune
600819,"Los amo a todos. Pero si tuviera que nombrar uno como el mejor, diría que es el final.",2,1,positive,0.8128055930137634,logit_class_1,bert_finetune
600821,Me siento tan abrumada y bendecida por las respuestas que recibí de mi último post,0,2,neutral,0.5524618625640869,logit_class_2,bert_finetune
601243,And it's stopped. Training cancelled :-),1,2,neutral,0.9195306897163391,logit_class_2,bert_finetune
601342,"Sì, mi piace fare nuove amicizie.",1,2,neutral,0.8100636005401611,logit_class_2,bert_finetune
601614,i won t loose at least some weight and i ll supposedly feel amazing,1,2,neutral,0.6139366626739502,logit_class_2,bert_finetune
601700,"I like how in the wrapped version, [NAME] looks like he is hiding a chub.",2,1,positive,0.5419535636901855,logit_class_1,bert_finetune
602230,"Tut mir leid, dass ich dich enttäuscht habe.",0,2,neutral,0.5029643177986145,logit_class_2,bert_finetune
602937,Sei una persona triste.,2,0,negative,0.980121374130249,logit_class_0,bert_finetune
604840,Homegirl has been my favorite since season 1. Just like [NAME] on Laguna Beach. Maybe bc they remind me of myself. 😬😬😬👀👀👀,2,1,positive,0.9944837689399719,logit_class_1,bert_finetune
605156,Mi sento come se avessi una strana crisi d'identita' al momento.,0,2,neutral,0.5304757952690125,logit_class_2,bert_finetune
605174,Das könnte nur schlecht enden.,0,2,neutral,0.7378920316696167,logit_class_2,bert_finetune
605881,J'ai failli m'énerver en attendant si longtemps dans le tunnel. Ce n'est pas une sensation amusante,0,2,neutral,0.781071662902832,logit_class_2,bert_finetune
605937,"Ich meine es ernst. Ich habe keine Ahnung, was sie vor ein paar Tagen waren.",0,2,neutral,0.8114749789237976,logit_class_2,bert_finetune
606076,Siento como si fuera raro decir pero necesitas aprender a caminar en esos y una vez que lo haces ya no se siente tan extraño pero no recomendaría correr en ellos,0,2,neutral,0.5536383986473083,logit_class_2,bert_finetune
606544,Sto iniziando a sentirmi stagionalmente sopraffatto,0,2,neutral,0.50496506690979,logit_class_2,bert_finetune
607153,"Muy bien. Por cierto, ¿a menudo bailas?",1,2,neutral,0.8076521754264832,logit_class_2,bert_finetune
607253,A menudo me siento superado en número en una sociedad familiar cuando no tengo ninguno para volver a casa por la noche,1,0,negative,0.9866111278533936,logit_class_0,bert_finetune
607960,"Aussi [NAME] vient de tweeter sur le vote pour [NAME] aussi, ils l'aiment vraiment",2,1,positive,0.9422398805618286,logit_class_1,bert_finetune
607997,l'été est sur nous et est terriblement déprimé parce que l'anatomie des gris est terminée,1,0,negative,0.9568020701408386,logit_class_0,bert_finetune
608125,"Eh bien, voyons si nous pouvons trouver un billet d'avion bon marché et nous pouvons aller vers la fin de l'année.",1,2,neutral,0.9802678823471069,logit_class_2,bert_finetune
608302,"Torno in ufficio e lo sistemo e torno piu' tardi. Grazie, arrivederci per ora.",2,1,positive,0.5299904346466064,logit_class_1,bert_finetune
608369,Je me sens vraiment bizarre et un peu comme si je voulais aller aux urgences et les faire me mettre quelque part alors je ne peux rien faire de stupide ou de triste pour moi-même,2,0,negative,0.5008948445320129,logit_class_0,bert_finetune
608741,"Ich war zu wenig, um mich zu erinnern, dass ich das Gefühl hatte, als meine Eltern starben, wollte ich Hoffnung haben.",1,0,negative,0.9877639412879944,logit_class_0,bert_finetune
609088,Ich bin so ein Snob zu fühlen Unzufriedenheit in meiner Seele eine Sehnsucht zu laufen und nie zurückblicken,0,1,positive,0.8751558065414429,logit_class_1,bert_finetune
609200,Ho bisogno di pensare in modo diverso in questo modo non ho sangue che sgorga dal mio naso e non mi sento sopraffatto a volte in cui mi sento come se sono soffocato,2,0,negative,0.5218974947929382,logit_class_0,bert_finetune
610883,J'ai beaucoup de passe-temps. J'aime presque toutes sortes de sports et j'aime aussi écouter de la musique classique.,1,2,neutral,0.8874474763870239,logit_class_2,bert_finetune
611303,Un putain d'idiot et il faut qu'on l'élimine.,0,2,neutral,0.6425074934959412,logit_class_2,bert_finetune
611707,"Ja, es ist sehr gut. Wir haben plötzlich doppelt so viel Geld, um hier zu verbringen.Unser Hotel ist jetzt halb so teuer wie als wir hier ankamen! Ist das nicht seltsam?",2,1,positive,0.5829043388366699,logit_class_1,bert_finetune
611836,La mappa sembra piu' disgregata del Sacro Romano Impero.,0,2,neutral,0.9459860324859619,logit_class_2,bert_finetune
612956,"Oui, ça ne devrait certainement pas se sentir comme ça, mais je le fais maintenant :/",0,2,neutral,0.7935267090797424,logit_class_2,bert_finetune
613630,Ich hatte es bis hier mit diesen verdammten Rackets!,2,0,negative,0.5538595914840698,logit_class_0,bert_finetune
613735,Ces cuisses sont épaisses et l'étouffent probablement.,0,2,neutral,0.9758613705635071,logit_class_2,bert_finetune
613751,Di cosa stai parlando? Ci siamo divertiti molto. Abbiamo riso e parlato tutta la notte l'altra volta.,2,1,positive,0.5672827363014221,logit_class_1,bert_finetune
614601,Todavía me siento un poco nervioso ya no se siente raro con la presión que estaba bajo en mi trabajo para ponerlo en contexto era una comisión de la tienda de teléfonos basada y alta presión para golpear objetivos,2,0,negative,0.9753198623657227,logit_class_0,bert_finetune
615853,Le mie palle si sono rimpicciolite guardandolo.,0,2,neutral,0.6436659097671509,logit_class_2,bert_finetune
616032,"""Habla de vacunas otra vez y tu próxima inyección será de mi pistola... de cristales bañados en aceites esenciales""",0,2,neutral,0.9668300151824951,logit_class_2,bert_finetune
616186,io amo accoppiare rosa e rosso come trovo che anche se si sentono strani di combinare si complimentano l'un l'altro così bene,0,2,neutral,0.6623504757881165,logit_class_2,bert_finetune
616245,Io sono e ora mi sento come una strana persona stalker,0,2,neutral,0.5015771389007568,logit_class_2,bert_finetune
616320,Je me sens un peu mélancolique et sombre.,1,0,negative,0.9977089166641235,logit_class_0,bert_finetune
617438,"Ich denke, das beschissene Flugzeug Essen machte mich krank Donnerstag, aber ich fühlte mich gut Freitag Morgen und dachte, id klopfen die Miler auf meinem Zeitplan",1,0,negative,0.9890040755271912,logit_class_0,bert_finetune
617711,"Diese Szene traumatisierte mich beim ersten Mal, als ich sie sah.",2,0,negative,0.6254106163978577,logit_class_0,bert_finetune
617786,"Das wird hilfreich sein. In Ordnung, danke.",1,2,neutral,0.6574864387512207,logit_class_2,bert_finetune
618392,"Ich weiß, der Junge lässt sie sich seltsam fühlen und Yuuki weiß nicht, was sie ihr sagen soll.",0,2,neutral,0.5148798823356628,logit_class_2,bert_finetune
619121,Sous le protocole Sepsis en épique,2,0,negative,0.9958873391151428,logit_class_0,bert_finetune
619344,"Persönlich gehe ich davon aus, dass diejenigen, die behaupten, auf diese Weise nicht beraubt zu werden, nur geschickte Lügner sind. So benachteilige ich mich.",0,2,neutral,0.8499199748039246,logit_class_2,bert_finetune
619407,Creo que la tristeza que siento es el resultado de estas tres personas increíbles que he sido tan bendecido por haber sido capaz de conocer y compartir parte de nuestros viajes juntos,1,2,neutral,0.5133939385414124,logit_class_2,bert_finetune
620269,mi annoio e sento come l'ascolto di musica puttana o,1,0,negative,0.9511388540267944,logit_class_0,bert_finetune
620488,"Das ist der dümmste Posten, den ich heute gelesen habe. Wie ist das?",2,0,negative,0.6241153478622437,logit_class_0,bert_finetune
620885,"Oui, c'est vraiment bon pour mes bras et mes épaules, ok, je vais prendre celui-ci, avez-vous un bleu dans ce style de taille? J'en veux une pour ma sœur, elle a une grande figure et elle aime le bleu.",1,2,neutral,0.5162192583084106,logit_class_2,bert_finetune
621651,J'ai deux services d'aventure aujourd'hui où je chanterai en chantant.,0,2,neutral,0.5513980388641357,logit_class_2,bert_finetune
621661,"""You can't stop me"" Ah yes, those playful words when referring to a sexual act...",0,2,neutral,0.8795541524887085,logit_class_2,bert_finetune
622155,Dev'essere doloroso.,0,2,neutral,0.9579532742500305,logit_class_2,bert_finetune
622790,Pero no se sintió como falso.,0,2,neutral,0.8655992746353149,logit_class_2,bert_finetune
623987,Mary e suo marito saranno pronti a partire per la loro luna di miele?,1,2,neutral,0.8244565725326538,logit_class_2,bert_finetune
624324,I like to imagine that this is england in its entirety,1,2,neutral,0.8228778839111328,logit_class_2,bert_finetune
624516,No te preocupes. Aparentemente todavía ama Toronto.,2,1,positive,0.7345201969146729,logit_class_1,bert_finetune
625399,i read philosophical texts thought about them talked about them and listened to talks by professors i could feel my brain responding in strange and surprising ways twirling or plummeting or recoiling or climbing the walls,0,2,neutral,0.6434856057167053,logit_class_2,bert_finetune
626032,"Sei cosi' fortunato. Se ti ha comprato qualcosa per nessun giorno speciale, mi chiedo cosa ti comprerebbe per il tuo compleanno.",2,1,positive,0.7291820645332336,logit_class_1,bert_finetune
626351,Ich fühle mich überwältigt von Arbeitsverpflichtungen meine Stunden pro Woche fühlen sich wie oder mehr für mich,2,0,negative,0.5016512274742126,logit_class_0,bert_finetune
626376,"Ich will wirklich, dass du wütend und angewidert auf die Art, wie ich mich kleide, so dass du verbittert und Blick nach unten auf die Menschen willkürlich und so kann ich weiterhin das Gefühl, awesome über meine Kleidung",0,1,positive,0.6780210137367249,logit_class_1,bert_finetune
626603,Je peux sentir la douleur passer par la chanson et ça me sent avec une drôle de joie,0,2,neutral,0.9735866785049438,logit_class_2,bert_finetune
626607,i used to think i knew everything about the web but increasingly im feeling like a stranger in a strange land,2,0,negative,0.6502994298934937,logit_class_0,bert_finetune
629778,"Ah, sì, fantastico!",1,2,neutral,0.7843148112297058,logit_class_2,bert_finetune
630186,Mi dispiace essere umano.,0,2,neutral,0.6102896928787231,logit_class_2,bert_finetune
630947,Dipende da chi ucciderei e incolporei,2,0,negative,0.8356415629386902,logit_class_0,bert_finetune
631106,Alexa play Sad!,0,2,neutral,0.6078631281852722,logit_class_2,bert_finetune
631215,i cant look others in the eyes without feeling weird,0,2,neutral,0.5721296668052673,logit_class_2,bert_finetune
631357,What a pity ! You can't join us .,0,2,neutral,0.8674861192703247,logit_class_2,bert_finetune
631498,"No, esta vez no. Fuimos allí la última vez.",1,2,neutral,0.9679812788963318,logit_class_2,bert_finetune
631623,"Sehr oft. Es ist sehr bequem, spart mir eine Menge Zeit.",1,2,neutral,0.5701561570167542,logit_class_2,bert_finetune
631652,Hago cada uno un poco diferente. ¡Es una forma de expresar mi creatividad!,1,2,neutral,0.9414827227592468,logit_class_2,bert_finetune
632227,"in der Tat, aber ich bin besorgt, dass diese Matchup wird als der größte Köder seit Jahren und Rookie wird ihn schwer zerquetschen",0,2,neutral,0.9392953515052795,logit_class_2,bert_finetune
633466,"Schön, auch, danke. Wir haben uns vor einem Jahr getroffen. Wir haben beide im letzten Jahr an einer Party unseres Unternehmens teilgenommen.",2,1,positive,0.7957424521446228,logit_class_1,bert_finetune
633602,"Je veux sauter le désert.C'est tout, merci.",1,2,neutral,0.80036461353302,logit_class_2,bert_finetune
633618,Estoy haciendo negocios a través de Internet ahora.,1,2,neutral,0.9047861695289612,logit_class_2,bert_finetune
633676,at the hardware store,0,2,neutral,0.9987047910690308,logit_class_2,bert_finetune
633679,Thank you . Could you tell me the specials today ?,1,2,neutral,0.8686528205871582,logit_class_2,bert_finetune
634181,Ich habe wirklich schlimme Kopfschmerzen und mein Magen tut weh.,2,0,negative,0.5398960709571838,logit_class_0,bert_finetune
634317,El problema es que es Bantam y más joven. Puedo enseñar fugas fácilmente y no necesito una zona D en pánico para hacerlo.,0,2,neutral,0.9527925848960876,logit_class_2,bert_finetune
634337,Vediamoci questo weekend.,1,2,neutral,0.7137090563774109,logit_class_2,bert_finetune
634551,"In realta' no! Dagli Stati Uniti, purtroppo. Edited to add: a meno che tu non abbia parlato di me, allora mi scuso!",0,2,neutral,0.5437122583389282,logit_class_2,bert_finetune
634692,"Sorry , here .",2,0,negative,0.5567384958267212,logit_class_0,bert_finetune
634773,Je pense qu'elle aime juste nous rendre malheureux.,2,0,negative,0.9976670742034912,logit_class_0,bert_finetune
635078,"Je ne pense pas que vous le faites.Si vous l'avez fait, J'ai une voiture.Voir, vous savez comment prendre la réservation, vous ne savez juste pas comment tenir la réservation et qui est vraiment la partie la plus importante de la réservation, la tenue. N'importe qui peut juste les prendre.",0,2,neutral,0.9942559599876404,logit_class_2,bert_finetune
635139,Ich habe meine Aufmerksamkeit.,1,2,neutral,0.8136042356491089,logit_class_2,bert_finetune
635218,i feel a little weird reviewing a restaurant that hasn t quite gotten itself established yet,2,0,negative,0.5271472930908203,logit_class_0,bert_finetune
636350,Je suis le seul qui se sent bizarre d'avoir une douche jetée pour eux,2,0,negative,0.4997648596763611,logit_class_0,bert_finetune
636381,"Vraiment? Oh, celui-là. J'aime le vase de cloisonn.",1,2,neutral,0.7328707575798035,logit_class_2,bert_finetune
636382,"Ich liebe Bücher so bekommen, um meine eigenen Gefühle zu schreiben erstaunlich",1,2,neutral,0.5069727301597595,logit_class_2,bert_finetune
636536,30 analfabetos mierda,0,2,neutral,0.6114675402641296,logit_class_2,bert_finetune
636664,Eat the damn rich already!,0,2,neutral,0.8430764079093933,logit_class_2,bert_finetune
636951,"Ciao, Vince. Grazie per essere passato. Come procede il lavoro per l'asta online?",1,2,neutral,0.5413417816162109,logit_class_2,bert_finetune
637276,Mi dispiace cosi' tanto. Sarebbe fiero di te. # Abbracci #,1,2,neutral,0.5441494584083557,logit_class_2,bert_finetune
638259,Je sens vraiment et je sais que le diable déteste que ce soit toujours quelque chose qu'il pourrait utiliser contre moi et im déterminé à ne pas le laisser,1,0,negative,0.9647105932235718,logit_class_0,bert_finetune
638522,"Claro. Mamá, puedo cuidar de ti.",2,1,positive,0.5924172401428223,logit_class_1,bert_finetune
638577,Je pense que la vraie raison est une bonne presse et de l'alcool,2,1,positive,0.7250571846961975,logit_class_1,bert_finetune
639735,Ich bin so hungrig! Ich habe den ganzen Tag nicht zu spät gegessen!,2,0,negative,0.5194845795631409,logit_class_0,bert_finetune
639962,"No , you need to turn left into Philimore Was and take the next right .",1,2,neutral,0.9519643783569336,logit_class_2,bert_finetune
640583,"Je me fais de moi-même et depuis maintenant, tu sais que tu peux me tenir responsable.",1,2,neutral,0.45167240500450134,logit_class_2,bert_finetune
640620,"Dragon bender tiene aún más valor negativo que [NAME] jaja. Pero sí, necesitarían un segundo ataque para el crossover [NAME]",0,2,neutral,0.9411288499832153,logit_class_2,bert_finetune
640777,"Still looks pretty delicious, makes me really want an omelette rn tbh",2,1,positive,0.5663129687309265,logit_class_1,bert_finetune
641260,That's a long time ! Was the weather OK ?,1,2,neutral,0.9621053338050842,logit_class_2,bert_finetune
641931,Ti sentirai meglio con te stesso se non ti comporti da stronzo con le persone a cui importa di te.,0,2,neutral,0.4904780089855194,logit_class_2,bert_finetune
641963,"Oh, regarde le bébé, c'est si beau, c'est un garçon ou une fille?",1,2,neutral,0.7631303668022156,logit_class_2,bert_finetune
642419,That will make him so happy .,2,1,positive,0.5100186467170715,logit_class_1,bert_finetune
643103,"Ich liebe ihre Reaktion immer. Sie tut so, als wäre das Leben vorbei.",2,1,positive,0.8265864849090576,logit_class_1,bert_finetune
646006,"Faux à tant de niveaux. Assieds-toi et regarde l'imploser. Ça va faire mal au début, mais garantie, vous aurez le dernier rire.",1,2,neutral,0.9772777557373047,logit_class_2,bert_finetune
646550,Ça devait être de bonnes frites...,1,2,neutral,0.9357790350914001,logit_class_2,bert_finetune
646746,"Pourquoi n'a-t-il pas été fait GM?C'est quoi, ça?",0,2,neutral,0.6871966123580933,logit_class_2,bert_finetune
646876,"Es lamentable lo atractivo que es eso para los facistas, racistas, etnonacionalistas y [NAME] que forman la parte trasera del apoyo de Israel.",0,2,neutral,0.8317307233810425,logit_class_2,bert_finetune
647732,Chúpame los lados.,0,2,neutral,0.8677685260772705,logit_class_2,bert_finetune
648013,"Beh, e' un bene che tu abbia talento.",1,2,neutral,0.7262616753578186,logit_class_2,bert_finetune
648871,"No. Claro que no. Es ""ansiedad"". Cuando sea necesario para las notas médicas y tal mi médico también escribirá la ansiedad.",0,2,neutral,0.7248928546905518,logit_class_2,bert_finetune
648947,"Ne ""négez"" pas l'université (ou n'importe quelle université) et n'écrivez pas sur les activités illégales, contraires à l'éthique ou immorales.",0,2,neutral,0.9587352275848389,logit_class_2,bert_finetune
649781,I literally just finished watching the second episode of Daredevil. This pains me,2,0,negative,0.6833221912384033,logit_class_0,bert_finetune
649948,"Voglio dire, a chi non piacerebbe far sentire le persone incredibili",1,2,neutral,0.5372697710990906,logit_class_2,bert_finetune
649995,In Ordnung! Ich werde es versuchen.,2,1,positive,0.538838267326355,logit_class_1,bert_finetune
650109,Nah ! This is boring ! I ’ m gonna go play Killer Zombies on my PlayStation !,0,2,neutral,0.8654938340187073,logit_class_2,bert_finetune
650791,A veces la belleza interior es más hermosa.,2,1,positive,0.5920952558517456,logit_class_1,bert_finetune
651706,"J'ai fait des recherches sur l'entreprise et je pense que je suis parfait pour le travail, mais je ne sais pas comment le faire passer à eux.",2,1,positive,0.9909691214561462,logit_class_1,bert_finetune
652061,Eso es exactamente lo que hicieron.,0,2,neutral,0.9016762375831604,logit_class_2,bert_finetune
652402,Eso fue lo único que vi mal en el apartamento.,2,0,negative,0.5650976300239563,logit_class_0,bert_finetune
654016,Hai in mente un ristorante speciale?,1,2,neutral,0.9191882014274597,logit_class_2,bert_finetune
654143,"L'ho gia' detto, ma che schifo, baciare quella dannata bocca... stai attento, non sai dove sia stato.",0,2,neutral,0.73452228307724,logit_class_2,bert_finetune
654158,"Ja, aber ich fühle mich jetzt nicht sehr besser. Ich fühle mich sogar noch schlimmer.",0,2,neutral,0.9374876022338867,logit_class_2,bert_finetune
654340,Ce doit être une expérience unique. J'ai hâte de partager votre histoire quand vous reviendrez.,1,2,neutral,0.6806272864341736,logit_class_2,bert_finetune
654410,Orange Mann schlecht ist ein viel weniger lustig meme als das eigentliche Bild hier.,1,2,neutral,0.8396363854408264,logit_class_2,bert_finetune
655121,Me sentía realmente increíble.,2,1,positive,0.5648812651634216,logit_class_1,bert_finetune
655410,Perche' stai doggy-paddling? Ti ho insegnato a nuotare! Fai l'ictus al seno!,1,2,neutral,0.853775143623352,logit_class_2,bert_finetune
656271,That ’ s fine .,1,2,neutral,0.9069517254829407,logit_class_2,bert_finetune
657084,Nella bozza vedo un sacco di incantatrice. Anche senza Enchantress se Lodestone Demolition ottiene 6 dmg(stesso come Fulmine Strike) Sono felice.,1,2,neutral,0.7155727744102478,logit_class_2,bert_finetune
658003,I've seen AOCs ridiculous proposals,0,2,neutral,0.9440169334411621,logit_class_2,bert_finetune
658217,"Le nostre scelte sono comunque orribili, non importa dove scegliamo.",0,2,neutral,0.8350192904472351,logit_class_2,bert_finetune
659422,A dressy party would be fun !,2,1,positive,0.861962616443634,logit_class_1,bert_finetune
659818,"Je regrette à chaque instant de ma vie, mais quand les gens s'en fichent, je me sens inutile de m'occuper d'eux.",1,0,negative,0.9890355467796326,logit_class_0,bert_finetune
660121,"Dios mío, también está en el sitio web... Aquí vamos.",1,2,neutral,0.9955559372901917,logit_class_2,bert_finetune
660234,Sehr gut. Lassen Sie sich Zeit.,1,2,neutral,0.5964351892471313,logit_class_2,bert_finetune
660673,"Ich fühle mich so seltsam, so traurig",0,2,neutral,0.5473189949989319,logit_class_2,bert_finetune
660896,"I'm fine for now , thanks .",1,2,neutral,0.552269697189331,logit_class_2,bert_finetune
661036,"avant-hier, ma mère m'a acheté une nouvelle paire de chaussures.",1,2,neutral,0.9508817195892334,logit_class_2,bert_finetune
661449,Je n'ai pas besoin d'une expérience je ne me sens pas avide,1,0,negative,0.8004501461982727,logit_class_0,bert_finetune
661689,La seguridad financiera y la felicidad de una familia cercana.,2,1,positive,0.5274814367294312,logit_class_1,bert_finetune
663017,Tengo mi primera sesión de asesoramiento y me siento bastante asustado por ello es una cita telefónica que durará alrededor de media hora,1,0,negative,0.9994544386863708,logit_class_0,bert_finetune
663983,"Siempre he estado en contra, pero parece que ya no puedo centrarme en la escuela y estoy harto de sentirme aturdido.",2,0,negative,0.7216180562973022,logit_class_0,bert_finetune
665968,J'ai l'impression de pouvoir manger une image bizarre après avoir pris une douche avec ça.,2,0,negative,0.5212221145629883,logit_class_0,bert_finetune
666021,thank you for the dance .,2,1,positive,0.8591306209564209,logit_class_1,bert_finetune
666129,"Ouais, cette robe est vraiment sympa! C'est combien?",2,1,positive,0.8424862027168274,logit_class_1,bert_finetune
666204,"Aïe, ça a l'air horrible. Tagué sa jambe sur la benne. Heureusement qu'il n'a pas perdu une jambe aussi vite.",0,2,neutral,0.7050505876541138,logit_class_2,bert_finetune
666233,Sprechen auf dem Handy während der Fahrt ist sehr gefährlich zu. Es erhöht die Wahrscheinlichkeit von Unfällen.,2,0,negative,0.5708277821540833,logit_class_0,bert_finetune
666691,"Ich habe immer noch das Gefühl, dass sie meine Gefühle schätzt, während ich an dem letzten Abend definitiv zweifelte.",0,1,positive,0.9479265809059143,logit_class_1,bert_finetune
666703,"Yea klingt wie ein guter Weg, um Ihre Kinder zu lehren, dass Stalking und Harrssing = Liebe. Ehemann schlägt dich nur bc er liebt dich!",2,1,positive,0.9831442832946777,logit_class_1,bert_finetune
667315,Je ne dirais pas qu'une seule... Il a fallu à la fois [NAME] ET [NAME] pour tout foutre en l'air!,2,0,negative,0.8339594602584839,logit_class_0,bert_finetune
667426,"Acurrucarse. Maldita sea, es reconfortante acurrucarse en los brazos de mi novia y sentarse allí un rato.",1,2,neutral,0.6988065242767334,logit_class_2,bert_finetune
667692,Deshalb können wir keine schönen Dinge haben! Ich hätte ihn für die Aufnahme mit meinen nicht-existenten Männer weg geschlagen     .,0,2,neutral,0.7559177875518799,logit_class_2,bert_finetune
667928,J'ai l'impression d'être une chienne perceuse sargente,0,1,positive,0.9991328120231628,logit_class_1,bert_finetune
668144,"Ich bin immer noch unaufrichtig, obwohl Sie Ihre Fakten falsch. Großes Ego, das du hast.",2,0,negative,0.5104689598083496,logit_class_0,bert_finetune
668779,dando grandes vibraciones [NAME],1,2,neutral,0.7447180151939392,logit_class_2,bert_finetune
669434,Und singen Sie den Beat!,1,2,neutral,0.8659181594848633,logit_class_2,bert_finetune
669444,Me sentía muy extraña por contarle a Jason sobre mi enamoramiento por él.,2,0,negative,0.9687808156013489,logit_class_0,bert_finetune
669570,"Ich bin kein Schriftsteller weder professionell noch freiberuflich, aber ich fühle mich so aufgeregt über die Geschehnisse von Jammu, dass ich gezwungen bin, etwas zu schreiben",0,1,positive,0.8512255549430847,logit_class_1,bert_finetune
669661,Sento le cose incredibili che Dio sta facendo,1,2,neutral,0.5364273190498352,logit_class_2,bert_finetune
671085,Moi et mon meilleur ami sommes tous les deux..,2,1,positive,0.8708215951919556,logit_class_1,bert_finetune
671295,"Ciao, Tom!",2,1,positive,0.520547091960907,logit_class_1,bert_finetune
671396,"Sieht aus, als ob deine Hormone nicht richtig funktionieren.",0,2,neutral,0.9791434407234192,logit_class_2,bert_finetune
671444,après avoir soufflé et dit toutes les mauvaises choses,0,1,positive,0.4931039810180664,logit_class_1,bert_finetune
671781,Je me sens presque bizarre que quelqu'un que je ne connaissais pas m'ait touché émotionnellement ces derniers jours.,0,2,neutral,0.5037849545478821,logit_class_2,bert_finetune
672179,Je me sens toujours un peu bizarre quand im habillé dans une marque de la tête aux pieds,2,0,negative,0.5026798248291016,logit_class_0,bert_finetune
673001,"[NAME] would be fun [NAME], [NAME], [NAME], [NAME], and possibly [NAME] would make us prime contenders for hard knocks",2,1,positive,0.5986424684524536,logit_class_1,bert_finetune
673022,We have a beautiful selection of eye shadows this fall . Look at the colors . Aren't they beautiful ?,2,1,positive,0.7951679229736328,logit_class_1,bert_finetune
673069,Je devrais à nouveau combattre le sentiment vraiment inconfortable que j'oubliais quelque chose d'important,1,0,negative,0.7540274262428284,logit_class_0,bert_finetune
673795,"Any respectable head shop (pot accessory store) or tobacconist (cigar shop) will have them. Good luck, love that friggin pipe!",2,1,positive,0.8242221474647522,logit_class_1,bert_finetune
675091,"Sí, lo he estado esperando durante años.",1,2,neutral,0.7886421084403992,logit_class_2,bert_finetune
675290,"Il pourrait être que, ou peut-être que vous mangez trop de bonbons. Quoi qu'il en soit, je vais administrer un anesthésique et vous avez gagné!",2,1,positive,0.7043976187705994,logit_class_1,bert_finetune
676312,"Es war eine der besten Zeiten in meinem Leben. Es war hart, aber ich habe es geschafft. Ich wurde College-Absolvent.",1,2,neutral,0.6195278763771057,logit_class_2,bert_finetune
676656,Quite good except thinking of you so much .,1,2,neutral,0.8788564205169678,logit_class_2,bert_finetune
676761,Je vois. Je vous remercie.,1,2,neutral,0.5033861398696899,logit_class_2,bert_finetune
677728,Mi sento più ansioso di ottenere un giradischi voglio sapere come suona e se sono rotti in modo che io possa restituirli ora terrestri il,0,1,positive,0.8260466456413269,logit_class_1,bert_finetune
677787,Siempre me siento tan raro viendo mis videos en la audiencia porque le presto atención a las reacciones de la audiencia.,0,2,neutral,0.6131858825683594,logit_class_2,bert_finetune
677977,He also says something about waking up from a nap in his gameplay reveal calling it a “pain in my ass”,0,2,neutral,0.9446581602096558,logit_class_2,bert_finetune
678272,Then [NAME] insults [NAME] and he cries,2,0,negative,0.900238037109375,logit_class_0,bert_finetune
678367,"Wenigstens ein Futter von Diazies hindert mich daran, das Bett über die Idee eines Mannes zu scheißen, der ein Kleid trägt. Verdammte Schnauze!- Nein, nein, nein, nein, nein, nein, nein, nein, nein, nein, nein, nein, nein, nein, nein, nein, nein, nein, nein, nein, nein, nein, nein, nein, nein, nein, nein, nein, nein, nein, nein, nein, nein, nein, nein, nein, nein, nein, nein, nein, nein, nein, nein, nein, nein, nein, nein, nein, nein, nein, nein, nein, nein, nein, nein, nein, nein, nein, nein, nein, nein, nein! nein, nein, nein, nein! nein, nein, nein, nein, nein! nein, nein, nein! nein, nein! nein!",1,2,neutral,0.5176966786384583,logit_class_2,bert_finetune
678426,Quels autres bâtiments importants allons-nous voir sur la 5ème Avenue?,1,2,neutral,0.96551114320755,logit_class_2,bert_finetune
679617,Sehr gut. Wie viel soll es bringen?,1,2,neutral,0.7276418209075928,logit_class_2,bert_finetune
679733,s'ennuyer ou s'ennuyer le dimanche mal de la tête sur un autre,1,0,negative,0.9951642751693726,logit_class_0,bert_finetune
679978,"...und das Leben kann sehr gut sein, wenn man sich von dieser Angst befreit!",2,0,negative,0.5008565187454224,logit_class_0,bert_finetune
680664,Definitivamente es un buen cambio de la ciudad contaminada y concurrida.,1,2,neutral,0.664421558380127,logit_class_2,bert_finetune
680727,Cammino a volte mi sento come i miei organi si agitano con ogni passo che è strano,2,0,negative,0.995882511138916,logit_class_0,bert_finetune
681833,Vor ein paar Monaten hätte mir diese Idee gefallen. Harter Pass jetzt.,0,1,positive,0.5940380692481995,logit_class_1,bert_finetune
683117,Also können wir zum Geschäft kommen.,1,2,neutral,0.9464417099952698,logit_class_2,bert_finetune
683942,"Nous le savons tous, mais nous n'avons pas le choix. Le président du syndicat dit qu'il va négocier avec la direction.",0,2,neutral,0.9950952529907227,logit_class_2,bert_finetune
684144,"ich ging in den Grabpark ich tue, dass manchmal jederzeit ich fühle mich extrem überwältigt mit dem Leben, das mein Versteck ist",0,2,neutral,0.5153992176055908,logit_class_2,bert_finetune
684270,Je me sens assez avide et j'ai confiance en ce que la nouvelle année apporte.,1,0,negative,0.5855628252029419,logit_class_0,bert_finetune
684393,I didn't like the family ending but I liked the Atlantis ending especially as we know we are going to see more of it in DLC2.,2,1,positive,0.9075623750686646,logit_class_1,bert_finetune
685137,"All right , see you later .",2,1,positive,0.7025431394577026,logit_class_1,bert_finetune
685194,"[NAME] è uno dei miei giocatori preferiti non dodgers, lui ha fatto una grande aggiunta ai dodgers, spero che spingono per lui",2,1,positive,0.917220413684845,logit_class_1,bert_finetune
685633,Mi sembra di non aver capito il punto.,0,2,neutral,0.8788538575172424,logit_class_2,bert_finetune
686501,im sure you would feel very strange about it,2,0,negative,0.5191832184791565,logit_class_0,bert_finetune
687495,Je me sens comme de la merde et ils me font bouillir une drôle de saveur de cannelle de girofle je sais que mon estomac aura besoin de temps pour s'ajuster,0,2,neutral,0.9962072372436523,logit_class_2,bert_finetune
689378,Ho gia' visto quella foto del profilo... questo tizio e' un criminale ricorrente.,0,2,neutral,0.8494077920913696,logit_class_2,bert_finetune
691685,"Je n'ai plus envie d'écrire plus longtemps, je sais que je suis un ampli très triste, je ne me sens pas du tout bien.",0,1,positive,0.871491551399231,logit_class_1,bert_finetune
691700,Le vieil homme crie au nuage,2,0,negative,0.9404423832893372,logit_class_0,bert_finetune
691748,"Sie sind ratlos, wenn Sie denken, dass Sie und sogar 50 andere Menschen Sie gegen Außenstehende schützen würden, ohne die implizite Bedrohung, dass das US-Militär beteiligt ist.",0,2,neutral,0.9747358560562134,logit_class_2,bert_finetune
692242,"Ich fühle mich uninformiert oder wie du es nennen willst, ich fühle mich besser als die, die jetzt Entscheidungen treffen.",0,1,positive,0.8965700268745422,logit_class_1,bert_finetune
692513,"Désolé, je ne vois pas de différence. Si vous vous opposez à l'accès des gens à quelque chose, votre opposition à cette chose.",0,2,neutral,0.9227634072303772,logit_class_2,bert_finetune
692780,Puis je vais faire des réservations pour 21h pour une fête de quatre.,1,2,neutral,0.9814879894256592,logit_class_2,bert_finetune
692829,¿Por qué es un problema sacarlo de la lista de 40 hombres? Solo ponlo en el DL de 60 días.,0,2,neutral,0.8210349082946777,logit_class_2,bert_finetune
693151,Para mí es mantener sano y a salvo sin él ese es el problema.,0,2,neutral,0.9095377922058105,logit_class_2,bert_finetune
693564,im feeling uber cagna e orgoglioso per avergli fatto saltare il culo,0,1,positive,0.7499765753746033,logit_class_1,bert_finetune
695031,Why not have a visit to the zoo ?,2,1,positive,0.7349769473075867,logit_class_1,bert_finetune
695387,Me siento bastante deprimido por lo que ha estado pasando con el hábitat pero no hay nada que nadie pueda hacer en este punto,1,0,negative,0.938626766204834,logit_class_0,bert_finetune
697025,"Volevo prendere loro pizza dioni con chile verde, ma ho la sensazione che la gente al Kimo non sarebbe piaciuto che",1,0,negative,0.7020751237869263,logit_class_0,bert_finetune
697126,I can ’ t believe it . I guess I ’ ll be here until 10 again tonight .,0,2,neutral,0.7931954264640808,logit_class_2,bert_finetune
697603,Ich war völlig außer Kontakt mit meinen alten Freunden.,2,1,positive,0.7069624066352844,logit_class_1,bert_finetune
698185,Al menos tu padrastro no sólo te miró con la almohada y se fue...,0,2,neutral,0.9570982456207275,logit_class_2,bert_finetune
698222,Lei è così caldo nel video dannazione,2,1,positive,0.5808166861534119,logit_class_1,bert_finetune
698598,"I was kicked, and apparently don't care about oversharing on Reddit about it anymore",2,0,negative,0.505885899066925,logit_class_0,bert_finetune
699783,"Yes , actually . I don't really know anyone , but it's a nice place . Are you having a good time ?",1,2,neutral,0.538655161857605,logit_class_2,bert_finetune
699792,This book I'm reading about Yoga is really interesting .,1,2,neutral,0.8312877416610718,logit_class_2,bert_finetune
700289,"Ich habe das Gefühl, dass ich am Ende eine gemischte Überprüfung für die hunderttausend Königreiche ausschreiben muss.",1,0,negative,0.8367767333984375,logit_class_0,bert_finetune
701037,Qué bien.,1,2,neutral,0.6583283543586731,logit_class_2,bert_finetune
701252,E il ristorante è eccellente... ma sono piuttosto costosi.,2,1,positive,0.5082029104232788,logit_class_1,bert_finetune
701449,"Oh, Kate! Nein, nein, nein, nein, nein, nein, nein, nein, nein, nein, nein, nein, nein, nein, nein, nein, nein, nein, nein, nein, nein, nein, nein, nein, nein, nein, nein, nein, nein, nein, nein, nein, nein, nein, nein, nein, nein, nein, nein, nein, nein, nein, nein, nein, nein, nein, nein, nein, nein, nein, nein, nein, nein, nein, nein, nein, nein, nein, nein, nein, nein, nein, nein, nein, nein, nein, nein, nein, nein. Es tut mir leid. Es ist mir völlig durch den Kopf gefallen!",0,2,neutral,0.8271523714065552,logit_class_2,bert_finetune
701727,Ça marche pour moi!,0,2,neutral,0.8726839423179626,logit_class_2,bert_finetune
701873,"Ich habe nichts getan. Endlich ging er.Aber dann sah ich ihn heute wieder. Außerhalb des Schuhgeschäfts. In der Nähe des Cafes. Ich ging in einen CD-Store und tat so, als würde ich mir CDs ansehen. Aber dann kam er auch rein.",0,2,neutral,0.9389657378196716,logit_class_2,bert_finetune
702114,"Oh , any chance of a table by the window ? My wife loves the bird's eye view . As it's her birthday , I want it to be a celebration .",1,2,neutral,0.6450623273849487,logit_class_2,bert_finetune
703544,Ho la sensazione che non dovremmo essere qui.,2,1,positive,0.8743531703948975,logit_class_1,bert_finetune
704290,Sono impressionato.,1,2,neutral,0.5706872344017029,logit_class_2,bert_finetune
704506,Me siento tan abrumado con estar profundamente emergido en el mundo de la justicia social horas a la semana y luego tratando de cambiar de nuevo y funcionar en la vida normal después de,0,2,neutral,0.5328825116157532,logit_class_2,bert_finetune
704556,Sieht aus wie ein Teller für mich. Ein dummer Teller. Aber trotzdem ein Teller.,0,2,neutral,0.9908690452575684,logit_class_2,bert_finetune
704785,im immer versumpft die ganze Zeit Gefühl völlig unnütz,1,0,negative,0.9755526185035706,logit_class_0,bert_finetune
705675,i thought i would love wearing s trousers but instead i feel amazing in vintage inspired dresses,2,1,positive,0.5199753046035767,logit_class_1,bert_finetune
705865,C'est plutôt bon. Je vais le prendre.,2,1,positive,0.8573550581932068,logit_class_1,bert_finetune
706366,Me estoy perdiendo algo.,0,2,neutral,0.9574050903320312,logit_class_2,bert_finetune
706800,"Konzentrieren Sie sich vielleicht auf heute, anstatt sich um die Ewigkeit zu sorgen? So wirst du viel mehr aus dem Leben bekommen.",0,2,neutral,0.7611788511276245,logit_class_2,bert_finetune
706922,"Sí, es un poco espeluznante.",0,2,neutral,0.9494611620903015,logit_class_2,bert_finetune
707145,"C'est pas vrai! Pendant trois heures, tu as vomi. Et Femi m'a largué pour ça. Je l'aimais vraiment.",2,1,positive,0.7154221534729004,logit_class_1,bert_finetune
707893,Siento que normalmente sale corriendo muy rápido diciéndole a la chica de la farmacia que se parece a ella mientras está en movimiento.,1,0,negative,0.9997065663337708,logit_class_0,bert_finetune
708151,Mi rifiuto di leggerlo ancora. Solo un altro uomo [RELIGION] che prende uno schiaffo sulla mano e un lavoro di copertura.,0,2,neutral,0.6270513534545898,logit_class_2,bert_finetune
708360,"Je ne peux pas sentir, entendre ou craindre le monde et je ne suis pas si sûr de l'ici et maintenant",0,1,positive,0.6639053821563721,logit_class_1,bert_finetune
708974,"Siento que estoy a punto de tener éxito o cuando me siento demasiado amenazado por el éxito de otra persona, convenciéndome de que soy un fracaso.",1,0,negative,0.7326364517211914,logit_class_0,bert_finetune
708976,Je dois dire que c'est comme si nous étions en vacances comme si c'était étrange,0,2,neutral,0.5044484734535217,logit_class_2,bert_finetune
709327,"Ich konnte seinen emotionalen Schmerz fühlen, seine Sehnsucht, von anderen Menschen umarmt zu werden, und es riss an meinem Herzen Fäden",0,1,positive,0.6618214249610901,logit_class_1,bert_finetune
709515,Sento come ho bisogno di ottenere le cose fuori anche se non sono sicuro che voglio che la gente lo legga,1,0,negative,0.5182891488075256,logit_class_0,bert_finetune
709851,"Me siento como una mierda, pero seguro que cuando los huevos me encamine hacia arriba empezarán a subir y me mirarán como a un hipocondríaco.",1,0,negative,0.5497089624404907,logit_class_0,bert_finetune
710416,Excepto que [NAME] todavía fue con el final feliz en lugar de terminar en la escena de Aningaaq.,1,2,neutral,0.5125172138214111,logit_class_2,bert_finetune
710858,"Ich glaube wirklich, das wäre eine ikonische Aufnahme, wenn es in einem berühmten Horrorfilm wäre. Die Art, wie die Beine weiterkommen, ist erschreckend.",2,0,negative,0.5561891198158264,logit_class_0,bert_finetune
710918,Supongo que me siento abrumado con el trabajo amp escuela,0,2,neutral,0.5396881103515625,logit_class_2,bert_finetune
711029,"Yo diría que sea NSFW, pero no bromeo. No trabajamos aquí.",0,2,neutral,0.9996646642684937,logit_class_2,bert_finetune
712668,"I've had a few blisters from hot welds, but nothing that bad...",0,2,neutral,0.9905361533164978,logit_class_2,bert_finetune
713500,Yo <3 su aplicación de los hechos.,1,2,neutral,0.5548239946365356,logit_class_2,bert_finetune
714093,"Oh, le ""Thomas la bombe nucléaire""? Ça m'a fait peur.",0,2,neutral,0.5980387330055237,logit_class_2,bert_finetune
714399,Nous ne faisons pas la tête de notre grand film d'action budget demi-chien!,0,2,neutral,0.987054169178009,logit_class_2,bert_finetune
714465,"Doch. Ich schätze alle Hilfe und insbesondere, die ganze Zeit, die Sie auf meinem Konto während meines Aufenthaltes hier verbracht haben.",1,2,neutral,0.920762836933136,logit_class_2,bert_finetune
715094,Me siento raro un href http linkmusings,0,2,neutral,0.5600184202194214,logit_class_2,bert_finetune
715517,Je pense que Taylor ferait du bon travail.,1,2,neutral,0.9898169040679932,logit_class_2,bert_finetune
715700,Me siento como una mierda hoy y eso está bien,1,0,negative,0.7283607721328735,logit_class_0,bert_finetune
715710,"Ok, eccone una nuova per te.",1,2,neutral,0.8595777153968811,logit_class_2,bert_finetune
716111,Schönes Zischen!,1,2,neutral,0.5872756838798523,logit_class_2,bert_finetune
716188,¿Salimos mañana entonces?,1,2,neutral,0.9382730722427368,logit_class_2,bert_finetune
716597,"Ich bin sicher, wenn ich zum Hafen komme und eine Menge Chaos finde, werde ich ziemlich aufgeregt werden, da ich mich wahrscheinlich schon vom Tragen meines Gepäcks für ein paar Stunden aufgeregt fühlen werde.",0,1,positive,0.7192696928977966,logit_class_1,bert_finetune
716782,"J'ai l'impression que chaque fois que je n'aime pas ce qui en sort, je n'ai jamais rien fait.",0,1,positive,0.5239548087120056,logit_class_1,bert_finetune
716964,i am warming to it a little you feel strange talking to your phone i so rarely use my phone as a phone that i even feel a little strange talking on it she can also accept text input,0,2,neutral,0.5016844272613525,logit_class_2,bert_finetune
717115,"trop froid me fait mal aux dents, alors je bois tout ce qui sort de mon évier.",0,2,neutral,0.5703511238098145,logit_class_2,bert_finetune
717122,"Mangiate da abbastanza tempo, smettetela di essere avidi!",0,2,neutral,0.551038384437561,logit_class_2,bert_finetune
717221,Je voulais la gifler quand elle lui a dit qu'elle aurait pu mourir et ce serait de sa faute.,2,0,negative,0.9064124822616577,logit_class_0,bert_finetune
717657,i truly feel amazing and so accomplished,1,2,neutral,0.6164514422416687,logit_class_2,bert_finetune
717763,Mi sento un po'strano hahahahaha,0,2,neutral,0.5238157510757446,logit_class_2,bert_finetune
718427,Ese es el espíritu. Te veré mañana después de clase.,1,2,neutral,0.5134194493293762,logit_class_2,bert_finetune
718543,Sento che posso relazionarmi con lui oltre ad essere un uomo nero così bello nel fatto che anche di fronte a molta eccitazione ancora essere in grado di mantenere a terra e concentrato,1,0,negative,0.9667510390281677,logit_class_0,bert_finetune
719252,"Encontrada mirando a través de esto, ella parece un poco grosera :D",2,0,negative,0.931797206401825,logit_class_0,bert_finetune
719546,"Che razza di stronzata razzista condiscendente della nonna è ""dolce pisello"" lol",2,0,negative,0.6607099771499634,logit_class_0,bert_finetune
719804,"Très bien! Avant ça, je prendrai celui-ci comme toi.",1,2,neutral,0.8206913471221924,logit_class_2,bert_finetune
720185,amiamo il discorso critico di impatto,2,1,positive,0.8826491832733154,logit_class_1,bert_finetune
721386,"Ti prego, ti prego, ti prego, non farti questo. Finirai per sentirti peggio quando questo tizio ti lascera'.",0,2,neutral,0.7058071494102478,logit_class_2,bert_finetune
721605,"Oh , look ! There's a spot open next to the public restroom ! Can I take it ?",1,2,neutral,0.9171923398971558,logit_class_2,bert_finetune
721697,That's cool . I've heard LA has an all-Asian channel on cable .,2,1,positive,0.5253749489784241,logit_class_1,bert_finetune
722151,"J'ai des raisons de le ressentir, mais je ne sais pas encore comment ils vont se manifester.",1,0,negative,0.5765241384506226,logit_class_0,bert_finetune
722153,Me siento increíble un href http monique mi vida sin límites,1,2,neutral,0.5451959371566772,logit_class_2,bert_finetune
722228,"Es ist ziemlich grausam und etwas spät für ihn, sich Sorgen zu machen, sie zu verletzen.",2,0,negative,0.7112603187561035,logit_class_0,bert_finetune
722487,"Kein Problem, Sir. Lass mich dir helfen.",1,2,neutral,0.6830776929855347,logit_class_2,bert_finetune
722803,"Sento che vale la pena come un racconto precauzionale di questa organizzazione di non raccontare tutta la nostra storia, ma solo incidenti che parlano del carattere di questa organizzazione specificamente il loro ceo tim buysse noto come wetdream nel gioco",1,0,negative,0.804047167301178,logit_class_0,bert_finetune
723016,"Falsch auf so vielen Ebenen. Lehn dich einfach zurück und sieh zu, wie es implodiert. Es wird zuerst weh tun, aber garantieren, dass Sie das letzte Lachen haben.",1,2,neutral,0.8019511699676514,logit_class_2,bert_finetune
723099,"Alors, tu te sens heureux maintenant?",1,2,neutral,0.9090349078178406,logit_class_2,bert_finetune
723117,Probablemente lo usarían para comprar ejércitos y armadas para tiranos que oprimen y reinan con sangre y horror o alguna mierda.,0,2,neutral,0.8515336513519287,logit_class_2,bert_finetune
723268,Voglio davvero fare un pisolino. Mi sento molto assonnata oggi.,2,0,negative,0.9359461069107056,logit_class_0,bert_finetune
725598,Siento que hay un montón de historias de fantasmas y cosas raras allí.,0,2,neutral,0.5732792019844055,logit_class_2,bert_finetune
725630,Je me sens bizarre avec juste son jour parfait d'inquiétude gratuit paresseux malbouffe et jeux vidéo,0,2,neutral,0.536894679069519,logit_class_2,bert_finetune
726042,"No lo volveré a hacer. Por favor, perdóname.",0,2,neutral,0.515784502029419,logit_class_2,bert_finetune
726688,Penso che il loro atteggiamento sia piuttosto casuale.,2,1,positive,0.6404332518577576,logit_class_1,bert_finetune
726715,Ex-Marines are the best.,1,2,neutral,0.6721534132957458,logit_class_2,bert_finetune
727184,"Oh, c'est bien. C'est bon à entendre. S'il vous plaît, donnez-leur mes meilleurs respects quand vous êtes à la maison.",1,2,neutral,0.5034963488578796,logit_class_2,bert_finetune
727659,Riuscivo a sentirmi nautorizzato e paranoico,0,2,neutral,0.6762489676475525,logit_class_2,bert_finetune
727719,Queste sono le mie rose. Le rose sono in fiore da una settimana.,1,2,neutral,0.7837451100349426,logit_class_2,bert_finetune
728300,Because it would look worse than 2D art.,0,2,neutral,0.6336270570755005,logit_class_2,bert_finetune
728552,Ho dovuto saltare la mia doccia e caffè così mi sento scrungy e crany,0,2,neutral,0.5523071885108948,logit_class_2,bert_finetune
728916,"Ich nehme an, dass Sie es nicht fühlen, dass ich nicht sicher bin, wie es ist, dass Sie es kommunizieren",0,1,positive,0.9712200164794922,logit_class_1,bert_finetune
729231,"Beh, immagino che siamo pronti per un altro buon Natale.",1,2,neutral,0.9889763593673706,logit_class_2,bert_finetune
730007,Vorrei anche sentire strano nutrimento di fronte ad alcuni membri della famiglia troppo,0,2,neutral,0.504095196723938,logit_class_2,bert_finetune
730089,Metto le mani su chakra differenti sento la brezza fredda che fluisce dalla fotografia al chakra attraverso la mano ma la domenica i miei chakra hanno cominciato a emettere un flusso di brezza fredda nelle mie mani,1,0,negative,0.8134790062904358,logit_class_0,bert_finetune
730203,"Ich habe ein bisschen Bauchgefühl, das ich loswerden wollte.",2,0,negative,0.6216427087783813,logit_class_0,bert_finetune
731392,Was zum Teufel soll das?,2,0,negative,0.6498257517814636,logit_class_0,bert_finetune
731611,"Ich hoffe, dass ich, wenn ich mich quäle, weniger Schuldgefühle und Schrecken und mehr Frieden und Freude empfinde, dass Harley so viel Glück und Lachen in mein Leben brachte, selbst als er ein totaler Dämon Laich war und dass er eine solche Ausgießung von Liebe und Sympathie in seinem Tod inspirierte",1,0,negative,0.9911158084869385,logit_class_0,bert_finetune
731648,Ya no me sentía increíble porque Id pasó la mayor parte de las horas de viaje sobre mis rodillas en el asiento trasero del coche inclinándose sobre Remys asiento de coches con mi pecho hacia fuera para amamantarlo para que no perdiéramos el tiempo,1,2,neutral,0.5057023763656616,logit_class_2,bert_finetune
732126,Ho chiesto al mio insegnante perché sono improvvisamente tormentato da sogni e visioni strani e straordinari sentendo energie strane e straordinarie tutti i miei sensi pieni su e c'è un accentuazione di tutte le emozioni,0,2,neutral,0.5248594880104065,logit_class_2,bert_finetune
732264,"Ich fühle mich als müsste ich perfekt akzeptieren und bewegen sich von allem, was passiert ist zeigen h Liebe physisch und lassen Sie nicht einen meiner Schmerzen oder Schmerzen zeigen",0,1,positive,0.9945841431617737,logit_class_1,bert_finetune
732676,Todavía me parece muy extraño.,2,0,negative,0.49836623668670654,logit_class_0,bert_finetune
732775,"Gern geschehen! Übrigens, Sie sollten besser im Internet oder das Telefon nächstes Mal gebucht und dann kow, ob es Zimmer zur Verfügung oder nicht.",2,1,positive,0.6596199870109558,logit_class_1,bert_finetune
733461,Je me sentirais bizarre d'avoir la main de mon père sur mon estomac pour n'importe quelle quantité de temps surtout pendant plusieurs minutes pendant qu'il attend de se sentir taryn sauter là-dedans,2,0,negative,0.511288583278656,logit_class_0,bert_finetune
733938,J'espère que c'est à quelqu'un d'autre.,2,1,positive,0.5418562889099121,logit_class_1,bert_finetune
734033,“Oh you’d like that wouldn’t you?”,1,2,neutral,0.9241331815719604,logit_class_2,bert_finetune
734403,"Ich hatte das Gefühl, letzte Woche ging alles ins Cupboa",1,0,negative,0.9777891039848328,logit_class_0,bert_finetune
734752,Je deviens fou à Leas le sentiment est plus agréable pour eux peureux,0,1,positive,0.9922932386398315,logit_class_1,bert_finetune
734867,Ich liebe dich so sehr ich fühle mich überwältigt von meiner Liebe zu dir sie flüsterte,0,2,neutral,0.5096562504768372,logit_class_2,bert_finetune
734925,Ya he tenido suficiente.,0,2,neutral,0.9295045137405396,logit_class_2,bert_finetune
735246,aide à l'école maternelle,1,0,negative,0.9035841822624207,logit_class_0,bert_finetune
735442,Je trouve la vue des enfants de six ans habillés dans leur très meilleur à la fois adorable et étrangement dérangeant ceci était particulièrement à l'égard de la petite fille qui berçait une jupe gogo salope et blazer combo qui me faisait sentir envie à son style jusqu'à ce que je me souvienne qu'elle avait six ans,0,1,positive,0.891501247882843,logit_class_1,bert_finetune
735874,"Du musst eine Menge Stunden einplanen, die du kennst.",1,2,neutral,0.9811326861381531,logit_class_2,bert_finetune
735965,"sure , I ’ ll just go put the kettle on . Why don ’ t you have a seat on the sofa and I ’ ll go take care of things in the kitchen .",2,1,positive,0.6486155390739441,logit_class_1,bert_finetune
736535,"Mir geht es auch gut, danke.",1,2,neutral,0.6559612154960632,logit_class_2,bert_finetune
736623,"Ich meine, es fühlt sich ziemlich seltsam, aber sehr angenehm an",2,1,positive,0.5932981371879578,logit_class_1,bert_finetune
736746,Ich habe keine Ahnung. Ich möchte Ihren Vorschlag hören.,1,2,neutral,0.9796739220619202,logit_class_2,bert_finetune
737000,"Bueno, ¿qué tal si nos vemos en mi casa?",1,2,neutral,0.7703117728233337,logit_class_2,bert_finetune
737359,Je suis vraiment impatient de commencer parce que je sais cette fois je vais vraiment perdre le poids,0,1,positive,0.7494913339614868,logit_class_1,bert_finetune
737935,Mi sento come niente sarà mai abbastanza perché come incredibile come la vita può essere ti sarà sempre mancante da tutto ciò che faccio,1,2,neutral,0.5919080376625061,logit_class_2,bert_finetune
738085,Siento que la producción relaciona a Sandra.,1,2,neutral,0.9253321886062622,logit_class_2,bert_finetune
738709,Il y a une accusation que je n'ai jamais faite.,2,0,negative,0.7564815878868103,logit_class_0,bert_finetune
739343,Du solltest besser deine Hausaufgaben machen! Sie können am Sonntag üben.,0,2,neutral,0.9045714139938354,logit_class_2,bert_finetune
739458,Sono stato un po 'abbassato me stesso di tanto in tanto così questo ha aiutato,0,2,neutral,0.5898599624633789,logit_class_2,bert_finetune
739666,The shame of it is if it weren't for bwood it would be a LOT worse.,0,2,neutral,0.6353285312652588,logit_class_2,bert_finetune
740024,Gracias por ayudarme.,2,1,positive,0.7070454359054565,logit_class_1,bert_finetune
740052,C'est horrible. C'était la première fois que tu venais tard pour travailler?,0,2,neutral,0.9545454978942871,logit_class_2,bert_finetune
740278,Do you always assign people positions they don't hold to avoid accountability for being a failure? Or is this a recent development?,0,2,neutral,0.9938759207725525,logit_class_2,bert_finetune
740328,[NAME] poisoned them both,0,2,neutral,0.9621768593788147,logit_class_2,bert_finetune
740956,"E' un piacere. Signor. Ross, la tua visita lascia splendida memoria qui. E spero che il signor Halmiton, il presidente della vostra azienda può anche avere la possibilità di visitare la nostra azienda presto. Ricordati di me a lui, per favore.",1,2,neutral,0.7124247550964355,logit_class_2,bert_finetune
741095,Sehr gut. Lassen Sie uns die Hände schütteln über diese erfolgreiche Transaktion.,1,2,neutral,0.8304490447044373,logit_class_2,bert_finetune
741146,Me lo llevo.,2,1,positive,0.6305463314056396,logit_class_1,bert_finetune
741441,Me siento abrumado y estresado Me gusta salir de la ciudad y subir a las montañas,0,2,neutral,0.5343249440193176,logit_class_2,bert_finetune
741526,"Posso risolverlo, grazie.",1,2,neutral,0.6666930317878723,logit_class_2,bert_finetune
741566,"Ich wähle die länger, da ich wirklich nicht das Gefühl, zu sehr auf der Interstate, wenn etwas Schlimmes passiert",1,0,negative,0.8812586069107056,logit_class_0,bert_finetune
742230,No me sentí exactamente increíble después de la cena.,2,1,positive,0.5216395854949951,logit_class_1,bert_finetune
742784,Siento que hoy me siento un poco abrumado.,0,2,neutral,0.5522388815879822,logit_class_2,bert_finetune
742841,"Ich hoffe, du hast alle Vegetarier eingeladen!",2,1,positive,0.7506442666053772,logit_class_1,bert_finetune
742955,"I’m so sorry for your loss, I’ll drink a few extra for your fiancé",2,0,negative,0.8987424969673157,logit_class_0,bert_finetune
743072,Das ist so cool.,2,1,positive,0.6037267446517944,logit_class_1,bert_finetune
743405,"La cloche de la porte ne marche pas, l'évier fuit",0,2,neutral,0.997302770614624,logit_class_2,bert_finetune
743434,Siento lástima por ellos porque no son tan hermosos como minnie jaejoong,1,0,negative,0.7177659869194031,logit_class_0,bert_finetune
743950,"Surtout après la débâcle avec [NAME] sur ""si vous aimez votre plan, vous pouvez garder votre plan.""",2,1,positive,0.5670863389968872,logit_class_1,bert_finetune
744207,"Das Gegenteil von Depression ist Glück, seine Vitalität.",2,1,positive,0.6005065441131592,logit_class_1,bert_finetune
744237,Ho quella sensazione di prurito paranoico che ottengo quando im at uni che tutti sono più talentuosi meglio cool più artistico ha capelli migliori di me e dovrei andare a casa e chiudermi in camera mia con dita dipinti,1,0,negative,0.697298526763916,logit_class_0,bert_finetune
745032,Me siento extraño datos url http eagleandhammer,0,2,neutral,0.542718231678009,logit_class_2,bert_finetune
745123,Wann heiratet ihr?,1,2,neutral,0.9722841382026672,logit_class_2,bert_finetune
745244,Sento che qui è piuttosto secco.,2,1,positive,0.8299528956413269,logit_class_1,bert_finetune
745535,mi sento strana collegandomi ad una tradizione che mi sento un po' ambivalente verso,0,2,neutral,0.520161509513855,logit_class_2,bert_finetune
746314,Claro. Vamos. Acabamos de terminar de reconstruir todo.,1,2,neutral,0.6153994798660278,logit_class_2,bert_finetune
746773,Qué lástima.,0,2,neutral,0.7420076727867126,logit_class_2,bert_finetune
746873,Dis-le plus fort pour les Dwights dans les casiers.,0,1,positive,0.5598669648170471,logit_class_1,bert_finetune
747432,Pourquoi tu t'inquiètes de ce que quelqu'un d'autre utilise pour nettoyer ses dents? On dirait un troll dentifrice.,0,2,neutral,0.6330692172050476,logit_class_2,bert_finetune
748117,Es un buen clima.,1,2,neutral,0.6391840577125549,logit_class_2,bert_finetune
748255,"Sì, tutto inizia con [NAME]. Egli non è il peggior proprietario della nfl, ma sicuramente si trova nella metà inferiore.",0,2,neutral,0.6802448034286499,logit_class_2,bert_finetune
748356,i have to confess that i have been feeling overwhelmed by this life that i so love,0,2,neutral,0.5307006239891052,logit_class_2,bert_finetune
749199,Je m'intéresse à la science-fiction.,1,2,neutral,0.9908996820449829,logit_class_2,bert_finetune
749210,He estado sintiéndome muy raro este fin de semana.,0,2,neutral,0.5699747204780579,logit_class_2,bert_finetune
749239,"Ich weiß, dass es bedeutete, absolut erstaunlich zu sein, diese Abschlussprüfung auszuschlagen und sich die vollständige Liste der Prüfungen anzusehen, die alle durchgestrichen wurden.",2,1,positive,0.6039409637451172,logit_class_1,bert_finetune
750307,"Che ne dici di domenica, allora? Potremmo iniziare domattina.",1,2,neutral,0.5378819108009338,logit_class_2,bert_finetune
750352,"Ihr aber, das ist verdammt noch mal... es gibt einen Unterschied zwischen [NAME] und [NAME]. [NAME] ist gut, aber er ist nicht [NAME] ;)",0,2,neutral,0.9584001302719116,logit_class_2,bert_finetune
750590,"Ich liebe es, dies auf meinem ganzen Körper nach meiner Dusche in den Abenden kurz vor dem Bett und meine Haut fühlt sich nicht nur erstaunlich, sondern sieht unglaublich strahlend auch",2,1,positive,0.7724207043647766,logit_class_1,bert_finetune
750743,Warum bist du so verbittert? Niemand erzählt schlimmere Witze als du.,0,2,neutral,0.7430323362350464,logit_class_2,bert_finetune
751990,Mi sento davvero strano e consapevole del fatto che uso questo spazio per condividere sia i miei pensieri onesti sullo stato della mia vita così come un href http www,0,2,neutral,0.5110630989074707,logit_class_2,bert_finetune
753228,Ich habe es geschafft und ich fühle mich erstaunlich,2,1,positive,0.5696324706077576,logit_class_1,bert_finetune
753247,Je me sens très surprise de recevoir un bouquet de belles roses rouges aujourd'hui,1,2,neutral,0.9667854905128479,logit_class_2,bert_finetune
753275,"Non, le steak a été recommandé, mais il n'est pas très frais.",0,2,neutral,0.9544081091880798,logit_class_2,bert_finetune
754568,Very interesting !,1,2,neutral,0.6801963448524475,logit_class_2,bert_finetune
754791,Lo so. Questo è il motivo per cui l'ho comprato. Odio indossare gli stessi stili che indossano tutti gli altri.,1,0,negative,0.7143242359161377,logit_class_0,bert_finetune
755173,Le nostre mutande rosse non hanno fatto niente di buono!,0,2,neutral,0.902957022190094,logit_class_2,bert_finetune
755419,"Sì - l'estate, ed ero con i miei genitori che hanno fatto tutto il lavoro vero così ho avuto modo di rilassarmi con il bambino!",2,1,positive,0.9371556639671326,logit_class_1,bert_finetune
755583,"Porque su valor es el más bajo ahora.. Si mejora y marca goles para Mónaco, será vendido en verano.",0,2,neutral,0.8802133798599243,logit_class_2,bert_finetune
756468,"Ich verbringe mehrere Monate damit, in Depressionen zu saufen und zu rauchen, zu viel Streit mit geliebten Menschen, die nicht schlafen wie ein totaler Raumfall bei der Arbeit und Verzweiflung über die völlige Langeweile, die mein Leben ist",0,1,positive,0.5689993500709534,logit_class_1,bert_finetune
756576,Mais maintenant vous pouvez rester avec des amis et profiter de vacances aussi.,2,1,positive,0.4990274906158447,logit_class_1,bert_finetune
756869,Bah gawd dieser Fall Schritt gefälschte Pass Turnaround Jumper ist [NAME] Bewegung! Sie lieben sich wirklich!,2,1,positive,0.8764510750770569,logit_class_1,bert_finetune
758351,(NAME) Diese Uniform. Wenigstens hatte der Nazi [NAME] einen anständigen Modesinn. Das ist ein Verbrechen gegen Mode,0,2,neutral,0.9925570487976074,logit_class_2,bert_finetune
758876,Ce n'est pas illégal d'être ingrat. Tu ne peux pas forcer quelqu'un à prendre soin de quelqu'un comme tu le veux.,0,2,neutral,0.8728939890861511,logit_class_2,bert_finetune
759047,Gracias por su información.,2,1,positive,0.6757177114486694,logit_class_1,bert_finetune
759184,Penso che probabilmente fara' piu' male se non fosse distante. Fa freddo.,0,2,neutral,0.6819868087768555,logit_class_2,bert_finetune
759218,Non credo di aver mai sentito parlare di quella regola prima d'ora. Altre regole di cui vorresti parlarmi?,0,2,neutral,0.9804547429084778,logit_class_2,bert_finetune
759277,That fact that sub has so many subscribers hahahahaha,1,2,neutral,0.8840169310569763,logit_class_2,bert_finetune
760007,"Sì, questo ridurrà il numero di bambini che prendono pillole - rendono ancora più difficile godersi un drink in un festival!",1,2,neutral,0.9035966992378235,logit_class_2,bert_finetune
760326,J'espère que nous pourrons offrir les conditions les plus favorables.,2,1,positive,0.9676265120506287,logit_class_1,bert_finetune
760629,Tengo que hacer esto y el otro para la universidad por tal y tal fecha porque durante los últimos cuatro años he sentido siempre como que he estado necesitando hacer algo basado en la universidad y ahora no pero todavía tengo esa sensación de que es realmente raro me siento casi culpable de hecho,0,2,neutral,0.5064550042152405,logit_class_2,bert_finetune
760765,He ’ s won a dozen prizes for his pictures and roses .,2,1,positive,0.7691118121147156,logit_class_1,bert_finetune
761755,Me gustaría no ser abusado amplificador Ojalá mis padres no un puto amplificador de divorcio tienen que sentir que estoy tan solo todo el tiempo cuando todo el hermoso mundo está a mi alrededor amplificador no sólo que frente a mí,0,1,positive,0.9539673328399658,logit_class_1,bert_finetune
763473,This is just a terrible joke,0,2,neutral,0.6255232691764832,logit_class_2,bert_finetune
763621,Diese Website bietet sehr bequeme Flugtickets Buchung Service. Es ist schnell und präzise.,1,2,neutral,0.9922283291816711,logit_class_2,bert_finetune
763983,Et ce qui est impressionnant c'est qu'elle a réussi à vendre deux internets avant qu'elle ne soit si grossièrement interrompue... peut-être que votre Land Lady devrait envisager le télémarketing. :P,2,1,positive,0.7105969786643982,logit_class_1,bert_finetune
764995,"Warum gehen wir zusammen? Ich kann es dir zeigen. Ich denke, du wirst eine bessere Zeit haben.",1,2,neutral,0.9302634596824646,logit_class_2,bert_finetune
765008,Perché cerchiamo anche di avere cose belle T_T,0,2,neutral,0.74921053647995,logit_class_2,bert_finetune
765283,"Geh in die Schweiz, sie werden es dir geben. Tut mir leid, ich dachte, du meinst Natrium-Pentobarbital.",0,2,neutral,0.8992597460746765,logit_class_2,bert_finetune
765310,Imaginez avoir peur d'un ours noir,0,2,neutral,0.5093675255775452,logit_class_2,bert_finetune
766539,Non volevo fare del male a nessuno.,2,0,negative,0.6245932579040527,logit_class_0,bert_finetune
767093,mi sento un po'strano scrivere questo post perché è fondamentalmente tutto su di me e non mi piace l'attenzione su di me,2,0,negative,0.50385582447052,logit_class_0,bert_finetune
767832,Tiempos aterradores en los que vivimos.,2,0,negative,0.5341684818267822,logit_class_0,bert_finetune
768161,Eso es más conveniente.,2,1,positive,0.6752427220344543,logit_class_1,bert_finetune
769662,"Das muss so frustrierend sein. Klingt, als würde er seine Fersen eingraben und sich weigern, seine Fehler zu akzeptieren.",0,2,neutral,0.583632230758667,logit_class_2,bert_finetune
769800,[NAME] a l'air d'avoir une stire bâclée,1,2,neutral,0.8061186671257019,logit_class_2,bert_finetune
770347,"Genial, ¡muchas gracias! ¡Espero saber de ti! Adiós.",2,1,positive,0.7624620199203491,logit_class_1,bert_finetune
770662,"No he visto la respuesta de Chet, pero no puedo imaginarme no decirle a esa persona que vaya al infierno y disfrute de una existencia solitaria.",2,0,negative,0.50382000207901,logit_class_0,bert_finetune
771270,Warum sagst du solche Worte? Ich liebe dich sehr.,2,1,positive,0.5846694111824036,logit_class_1,bert_finetune
771395,Unser Vater wird uns beschützen <3,1,2,neutral,0.5556578636169434,logit_class_2,bert_finetune
772260,Tengo un gran momento de sentimiento que tira hacia el alter a la edad de y ese increíble sentimiento de paz y perdón que viene con la aceptación del señor,2,1,positive,0.5185319185256958,logit_class_1,bert_finetune
772340,"Ja, ich weiß. Kaufen, bis Sie fallen lassen.",1,2,neutral,0.9445168375968933,logit_class_2,bert_finetune
772702,"Sí, la temporada pasada sus trajes eran horribles.",0,2,neutral,0.8290854096412659,logit_class_2,bert_finetune
772724,Je me suis senti mal et je me suis sentie bien.,1,0,negative,0.8614255785942078,logit_class_0,bert_finetune
773444,Sie sind sehr bescheiden. Viel Glück in Ihrer neuen Position.,1,2,neutral,0.5001109838485718,logit_class_2,bert_finetune
773599,"Schön, dass sie zu [NAME] Dyslexie mit den beiden verschiedenen Schreibweisen von Deodorant zurückrufen",0,2,neutral,0.4794314503669739,logit_class_2,bert_finetune
773742,Tuve un romance a muy corto plazo durante las vacaciones de verano cuando nos conocimos por primera vez me sentí emocionado pero quería evitarlo después de que nos habíamos conocido un par de veces y así que propuse que nos mantengamos separados,0,1,positive,0.9992637038230896,logit_class_1,bert_finetune
773805,There's a guy that died after he let a horse do that. He'd probably have survived if he sought medical attention sooner.,0,2,neutral,0.9900894165039062,logit_class_2,bert_finetune
774339,"Ich lese, was ich will, wann immer ich will, es fühlt sich seltsam an, ein Buch zu beenden oder einen besonders Gedanken provozieren Artikel oder Stück Nachrichten und bewegen Sie sich ohne Markierung der Anlass in irgendeiner Weise",2,0,negative,0.5028401017189026,logit_class_0,bert_finetune
775630,"¡Hola de América! ¡Dile a [NAME] que también dije ""hola""!",1,2,neutral,0.9784377813339233,logit_class_2,bert_finetune
775653,He is like a bad cartoon that’s hard to turn off.,0,2,neutral,0.9222769737243652,logit_class_2,bert_finetune
775745,No puedo ganar el control de las emociones que siento sin embargo cuando digo algo a nadie sobre lo que estoy sintiendo o tomar cualquier acción en absoluto estoy abrumado con la culpa excesiva,0,2,neutral,0.5254019498825073,logit_class_2,bert_finetune
776397,The mosquitos are biting me !,2,0,negative,0.9449196457862854,logit_class_0,bert_finetune
776498,¿Te importa si lo vemos? Realmente me gusta verlo.,2,1,positive,0.5121949315071106,logit_class_1,bert_finetune
777095,"Nun, jetzt weißt du es. Gehen wir zum See da drüben. Einige Leute fischen dort drüben. Ich hatte keine Chance, in einem See zu fischen, ich möchte es wirklich versuchen.",1,2,neutral,0.9677920937538147,logit_class_2,bert_finetune
777514,Tenías un trabajo. ¡Y lo arruinó todo de todos modos!,0,2,neutral,0.6517924070358276,logit_class_2,bert_finetune
777703,Ich verliebte mich unerwartet in das gummierte Gefühl des Gehäuses und das verzierte ud Logo auf der Vorderseite,1,0,negative,0.9796913266181946,logit_class_0,bert_finetune
778026,Je pensais qu'elle faisait semblant de ne pas être honnête avec elle-même.,1,0,negative,0.6699824333190918,logit_class_0,bert_finetune
778057,¿De verdad está ahí? Todo esto parece tan surrealista que es una gran pesadilla.,0,2,neutral,0.5926177501678467,logit_class_2,bert_finetune
778060,I remember I had 4 polygamy porters in salt lake city at the airport while waiting on my next flight. The looks that people gave me were priceless.,1,2,neutral,0.868375301361084,logit_class_2,bert_finetune
778067,Potrei passare ore su un set e sentirmi incredibile,2,1,positive,0.5772433280944824,logit_class_1,bert_finetune
778264,Le leí un poco del manual sobre hormonas y el proceso de recuperación y tiempos de recuperación y efectos secundarios y inyecciones sin fin y empecé a sentirme abrumado otra vez.,0,2,neutral,0.531334638595581,logit_class_2,bert_finetune
778319,mi sono trovato simpatia per il contrabbandiere che originariamente torto Palmer non sarei in grado di tenere questo per me sia se l'alto prezzo e tagliare gotta i membri della band era una mossa cazzo,0,1,positive,0.9760829210281372,logit_class_1,bert_finetune
778794,"Nun, der Teddybär ist für mich!",2,1,positive,0.7969925403594971,logit_class_1,bert_finetune
779582,"WHERE THR HECK IS VOL'JIN AND MY TROLL EMPIRE, YEARS HAVE PASSED WE HAVE 2 PANDA AND STILL ONE TROLL",0,2,neutral,0.9341358542442322,logit_class_2,bert_finetune
779883,Ich vermisse Oma. Ich habe gestern von ihr geträumt.,0,2,neutral,0.7229004502296448,logit_class_2,bert_finetune
780593,Hat die Bibel auch schöne Passagen über die Steinigung von Ketzern? Moderate [NAME] sind wahrscheinlich häufiger als Sie denken.,1,2,neutral,0.9868177175521851,logit_class_2,bert_finetune
781010,Ich habe noch nie müde. Haben Sie ein Surfbrett?,2,1,positive,0.837835967540741,logit_class_1,bert_finetune
781017,Ho letto che qualcuno l'ha chiamato imbroglione e bugiardo! E ho notato che non spedirà all'estero.,2,0,negative,0.6101934909820557,logit_class_0,bert_finetune
782045,1. Le Conseil de l'Europe a adopté une résolution du Conseil de l'Europe sur la situation des droits de l'homme dans le monde. Ils ne comprennent pas les fondamentaux du football. Ils jouent [NAME]. 2. Le Président. — L'ordre du jour appelle le rapport (doc. Ils sont courts et veulent que quelqu'un s'identifie.,0,2,neutral,0.9859967827796936,logit_class_2,bert_finetune
782510,Mi chiedo se fossero amici e perche' si sente incuriosita e spaventata intorno a lui.,0,2,neutral,0.7549866437911987,logit_class_2,bert_finetune
782928,Me gustan mucho las novelas de Dickens. He leído casi todos ellos en la traducción al chino.,1,2,neutral,0.8732418417930603,logit_class_2,bert_finetune
782997,i mean who wouldnt love making people feel amazing,1,2,neutral,0.5404870510101318,logit_class_2,bert_finetune
783114,Ero andato in campeggio con i miei vecchi compagni di classe e c'era una tempesta eravamo in un raffreddore ma a quel tempo ho sentito l'amore e la preoccupazione dei miei amici,1,0,negative,0.7974569797515869,logit_class_0,bert_finetune
784155,Lo chiamavano un libcuck di fiocchi di neve.,1,2,neutral,0.9673068523406982,logit_class_2,bert_finetune
784363,nel tuo prossimo post lamenterai il male della povertà il socialismo è un disordine mentale,0,2,neutral,0.8041612505912781,logit_class_2,bert_finetune
784597,Me comí un tazón de cereales smorz un panqueque sin jarabe un pedazo de pan francés sin mantequilla tres bocados de fideos chow mein un cangrejo rangoon no he comido un animal en mucho tiempo pero me siento extraño últimamente bebí media coca cero agua creo que eso es todo,0,2,neutral,0.5363233685493469,logit_class_2,bert_finetune
784691,¡Suena genial! Pero eso no es lo que una dama debe hacer. La gente es fácil de perder la cabeza en un club nocturno y estar borracho.,2,1,positive,0.7875808477401733,logit_class_1,bert_finetune
785290,"Onestamente se erano così preoccupati per il tubo, è possibile tenerlo al sicuro con medicazioni ecc sul sito del tubo.",0,2,neutral,0.9499728679656982,logit_class_2,bert_finetune
785356,"Sabaton ist ziemlich cool. Ich nehme an, Sie würden auch Rammstein und Turmion Katilot mögen?",1,2,neutral,0.5129860639572144,logit_class_2,bert_finetune
786966,Talk about an oldddd school shit coin.,0,2,neutral,0.5874254703521729,logit_class_2,bert_finetune
787396,Nur Quatsch.,0,2,neutral,0.9700874090194702,logit_class_2,bert_finetune
787521,i showed up at the clarks pond cinemagic ready to hand over my ticket and subject myself to one of the most infamous movies that syfy which still feels weird to type has ever created,2,0,negative,0.5121941566467285,logit_class_0,bert_finetune
789107,"Großartig. Mein Assistent wird dir die Haare waschen, und dann bin ich wieder da, um dir zu helfen.",1,2,neutral,0.6348451972007751,logit_class_2,bert_finetune
789386,"Ich glaube am Ende von cis, dass ich mich mit den Kurszielen von",1,0,negative,0.9361540675163269,logit_class_0,bert_finetune
789497,Très bien! Je reviens à 9 h. Ne t'inquiète pas.,1,2,neutral,0.9452357292175293,logit_class_2,bert_finetune
790059,Du hast recht.,1,2,neutral,0.871479332447052,logit_class_2,bert_finetune
790094,"Holen Sie ihn aus meinen Augen Ich bin es leid zu verlieren und diejenigen, die dazu beitragen",0,2,neutral,0.622562825679779,logit_class_2,bert_finetune
791226,"Si', ho frainteso.",0,2,neutral,0.8324494361877441,logit_class_2,bert_finetune
791390,"Nein, danke. Ich hatte gestern Abend zu viel getrunken. Ich hatte heute Morgen einen schlimmen Kater. Mein Kopf fühlte sich schrecklich an.",1,2,neutral,0.8839830160140991,logit_class_2,bert_finetune
791398,J'ai commencé à comprendre ce que ça pourrait faire d'être retenu en otage pour être innocent et pourtant me sentir sale,1,0,negative,0.9989780187606812,logit_class_0,bert_finetune
791467,"Ich habe nur einen Upvote zu geben, sonst würdest du mehr bekommen.",0,2,neutral,0.9918305277824402,logit_class_2,bert_finetune
793519,"No, sembra fantastico.Perché fai sempre così quando fai shopping? Lo sai che sembra buono.",2,1,positive,0.8985293507575989,logit_class_1,bert_finetune
793738,"Ich nur mit Brüsten. Wann wird in der Lage sein, Körperteile zu traden [NAME]",0,2,neutral,0.981780469417572,logit_class_2,bert_finetune
793771,"Ich muss sagen, nachdem ich sowohl dieses als auch Dallas Käufer Club gesehen habe, fühle ich mich stark, dass Chiwetel Ejiofor bei den Oscars ausgeraubt wurde seine Performance in diesem Film war völlig erstaunlich und lupita nyongo verdiente ihren Oscar",2,1,positive,0.9989582300186157,logit_class_1,bert_finetune
794250,Je n'ai assisté au festival que le jour dernier j'étais encore complètement immergé dans tout cet autre monde qui m'a laissé le sentiment de contentement comme aucun autre un esprit élargi et cette tendre envie de revenir et de reprendre le même sens de l'accomplissement une fois de plus,0,1,positive,0.9997190833091736,logit_class_1,bert_finetune
794816,Bit of a clickbait title. He said it's normal for a big club to sack a manager that's lost a lot of points.,1,2,neutral,0.8870661854743958,logit_class_2,bert_finetune
795987,Ich fühle mich heute so überwältigt,2,0,negative,0.5058201551437378,logit_class_0,bert_finetune
796591,Perche' sarebbe peggio dell'arte 2D.,2,0,negative,0.5831480622291565,logit_class_0,bert_finetune
796765,"Entschuldige dich einfach. Welchen weiteren Rat könnten Sie benötigen? Du hast es vermasselt, jetzt komm damit klar.",0,2,neutral,0.9530364871025085,logit_class_2,bert_finetune
797241,"Genau. Das ist eine gute Idee. Ich hörte, dass Koks zuerst als Medizin verwendet wurde.",2,1,positive,0.5216028094291687,logit_class_1,bert_finetune
797258,De acuerdo. Gracias.,2,1,positive,0.6323469877243042,logit_class_1,bert_finetune
797850,Quando sono venuto al campus per la prima volta,1,0,negative,0.974324643611908,logit_class_0,bert_finetune
798091,E' fantastico. La cena inizia alle 6,2,1,positive,0.686512291431427,logit_class_1,bert_finetune
798274,Non significa che sia spaventoso per tutti. L'ho preso due volte e non ho avuto sintomi.,0,2,neutral,0.9075168967247009,logit_class_2,bert_finetune
798903,THIS MADE ME CRY,0,1,positive,0.5081540942192078,logit_class_1,bert_finetune
800545,J'ai l'impression que le sm divertissement s'est détaché de l'Asie et a fait le premier pas en Europe,0,1,positive,0.98919278383255,logit_class_1,bert_finetune
800654,"Credo che questo lavoro mi permetterebbe di andare avanti, ma potrebbe essere un po 'noioso per me.",2,0,negative,0.997234046459198,logit_class_0,bert_finetune
800922,Spero che man mano che vado avanti male mi senta meno colpa e orrore e più pace e gioia che Harley abbia portato tanta felicità e risate alla mia vita anche quando era un demone totale degenerato e che abbia ispirato una tale effusione di amore e simpatia nella sua morte,1,0,negative,0.9796828627586365,logit_class_0,bert_finetune
801665,Puedo decir que lo amo o lo amo no estoy muy seguro de lo que siento o lo que quiero y no estoy tratando de demostrar mi inocencia en todo esto todavía me culpo por todo pero al mismo tiempo después de todo lo que pasó en la ruptura no quiero que vuelva,1,0,negative,0.7791497707366943,logit_class_0,bert_finetune
801751,"Oh, dannazione. C'è un altro ingorgo di traffico sull'autostrada.",0,2,neutral,0.9952778816223145,logit_class_2,bert_finetune
802966,"Ich hoffe auch, dass er mich eines Tages mit einem Gefühl der Angst, mich zu verlieren lieben, aber ich glaube nicht, dass diese Methode ist Arbeit es mehr",0,1,positive,0.7926640510559082,logit_class_1,bert_finetune
803440,Je me sens un peu mal à l'aise d'étiqueter les gens comme peu sympathiques sur la seule base qu'ils ont un passe-temps très sérieux,0,1,positive,0.7036110162734985,logit_class_1,bert_finetune
803574,"Lo so, la frutta fresca aromatizzata è la migliore di sempre.",1,2,neutral,0.9174951910972595,logit_class_2,bert_finetune
803657,Quel sorrisetto alla fine e' proprio il motivo per cui sembra divertente.,2,1,positive,0.5057985782623291,logit_class_1,bert_finetune
804197,"Mientras que creo que es genial que estén tratando de conseguir que la gente deje de fumar, pero realmente no me importa el anuncio.",2,1,positive,0.5583961606025696,logit_class_1,bert_finetune
804659,PUTER!!!!!! Davvero stupendo!!!,2,1,positive,0.8067988753318787,logit_class_1,bert_finetune
805613,Lol. Construya su propio o haga algunos ajustes a la impresora.,0,1,positive,0.5879044532775879,logit_class_1,bert_finetune
805887,"Mi sento cosi' strano perche' all'improvviso mi sento un po' spaventato, ma mio marito mi ha assicurato che mi rende normale.",1,2,neutral,0.5091541409492493,logit_class_2,bert_finetune
805906,"Ich kann nicht glauben, dass ein Club $550k für Sandow bezahlt hat, das ist absurd.",0,2,neutral,0.9983952641487122,logit_class_2,bert_finetune
806150,"Hmm, das ist schlecht.",0,2,neutral,0.6377701759338379,logit_class_2,bert_finetune
806585,WE AINT NO RACISTS. EVERYONE CAN BE HATED EQUALLY.,0,2,neutral,0.8110066056251526,logit_class_2,bert_finetune
807449,It didnt fuck up his career at all. Hes got thousands of ravenous fangirls and still makes absolute bank.,0,2,neutral,0.9097679257392883,logit_class_2,bert_finetune
807594,"Senti, se hai bisogno di un'attrezzatura da campeggio carina, probabilmente non dovresti andare in campeggio.",1,2,neutral,0.5814419388771057,logit_class_2,bert_finetune
807643,J'aime qu'il sache déjà comment j'aime croire qu'il a un plan pour nous deux que nous n'avons pas été jetés ensemble par hasard,1,0,negative,0.5471441149711609,logit_class_0,bert_finetune
807695,"Es war ein runder Tag für mich. Meine Familie besucht die Abschlussfeier. Ich war so nervös. Ich konnte meine Mütze und mein Kleid nicht finden, aber alles funktionierte am Ende.",1,2,neutral,0.9251942038536072,logit_class_2,bert_finetune
807808,Están demasiado ocupados siendo asesinados y asaltados para dar una mierda por todos estos vigalantes,2,0,negative,0.661959707736969,logit_class_0,bert_finetune
808365,Sucede que vi la película de video esta es la primera parte de América en el lugar de mis amigos.,0,2,neutral,0.8488184809684753,logit_class_2,bert_finetune
809046,"Fait amusant, Son pantalon est à l'envers dans cette photo",2,1,positive,0.8056414723396301,logit_class_1,bert_finetune
809090,That ’ s it . I think we ’ re one block beyond .,1,2,neutral,0.9990237951278687,logit_class_2,bert_finetune
810205,Ich fühle mich immer noch seltsam für mich,0,2,neutral,0.5246186256408691,logit_class_2,bert_finetune
810223,Me temo que estaré ocupado mañana por la noche.,0,2,neutral,0.9155557155609131,logit_class_2,bert_finetune
811266,Why are you so fucking concerned with what someone else uses to clean their teeth? You sound like a toothpaste troll.,2,0,negative,0.9268132448196411,logit_class_0,bert_finetune
811522,Super fucking lucky,2,1,positive,0.6954823136329651,logit_class_1,bert_finetune
811940,Mes chaussures me pincent. Trouvons un siège et asseyons-nous un moment.,1,2,neutral,0.934235692024231,logit_class_2,bert_finetune
813509,Tu as toujours une puce sur ton épaule.,0,2,neutral,0.9133983254432678,logit_class_2,bert_finetune
814361,J'ai l'impression qu'il y a eu beaucoup trop de produits sur le blog ces derniers temps et j'ai raté l'étonnante maison,2,0,negative,0.987128496170044,logit_class_0,bert_finetune
814603,Me atrevo a asumir que tengo a alguien con quien querría salir en primer lugar.,2,0,negative,0.6445968151092529,logit_class_0,bert_finetune
814962,Ich denke daran ich fühle mich ein wenig überwältigt die Hilflosigkeit und die Abhängigkeit von mir selbst,2,0,negative,0.505801796913147,logit_class_0,bert_finetune
816115,Tuvimos suerte de poder recuperar tanto dinero para él. Le deseamos todo lo mejor en España.,2,1,positive,0.6837884187698364,logit_class_1,bert_finetune
816820,"Ich würde gerne, aber ich muss meine Eltern in einer Stunde zum Abendessen treffen. Wie wär's mit morgen?",1,2,neutral,0.9054470062255859,logit_class_2,bert_finetune
817176,in una certa occasione ho una lotta con il mio ragazzo durante la lotta ho chiuso la porta alla sua faccia è andato via ma è tornato il giorno dopo,0,1,positive,0.5715839862823486,logit_class_1,bert_finetune
817376,"Blas mir, du lausiger Idiot, ich war außerstaatlich.",0,2,neutral,0.7989810705184937,logit_class_2,bert_finetune
817404,Tuve esta sensación venir sobre mí y generalmente me divierto en ella estoy realmente bastante impresionado conmigo mismo que sueno tan coherente sobre algo en lo que no puedo pensar a veces y mucho menos hablar con alguien más sobre ello,2,1,positive,0.5628219842910767,logit_class_1,bert_finetune
817638,Me siento como la persona menos importante en el planeta jodidamente dulce,1,0,negative,0.9015661478042603,logit_class_0,bert_finetune
819096,"Yo también me siento así. Pero todas las cosas buenas deben llegar a su fin, como dicen.",1,2,neutral,0.8863025307655334,logit_class_2,bert_finetune
819312,"Je vous remercie. Maintenant, remplissez ça.",2,1,positive,0.6907697916030884,logit_class_1,bert_finetune
819947,"Tal vez el abandono de su madre. Algunas personas no lo verán como abusivo, pero realmente lo es.",0,2,neutral,0.9134091734886169,logit_class_2,bert_finetune
820539,Ti piace questo valzer?,1,2,neutral,0.7766048908233643,logit_class_2,bert_finetune
821066,I feel every drama as my story woohyun I start care about the mirror I know the amarous taste of coffee,1,0,negative,0.9998599290847778,logit_class_0,bert_finetune
821714,Maldito comunista.,0,2,neutral,0.6961514353752136,logit_class_2,bert_finetune
821970,"Bonjour, Jason!",2,1,positive,0.8245013952255249,logit_class_1,bert_finetune
822284,J'ai peur de ne pas avoir confiance en Dieu et je ne l'aime pas assez.,1,0,negative,0.9008679986000061,logit_class_0,bert_finetune
822587,"La campana de la puerta no funciona, no hay agua caliente, y el edificio se está desmoronando.",0,2,neutral,0.773510754108429,logit_class_2,bert_finetune
822739,i feel and this is a compliment that you should be the editor of something like mad magazine or a parody website i d be pretty good,0,1,positive,0.6543494462966919,logit_class_1,bert_finetune
822778,"Sehr gut. Ich will, dass sie verrückt bleiben. Mehr Gewinn für uns.",1,2,neutral,0.5868438482284546,logit_class_2,bert_finetune
822980,Je n'ai pas posté dans ce qui me fait penser à des années,0,1,positive,0.40022557973861694,logit_class_1,bert_finetune
823913,"Lo sé, se ven muy similares.",1,2,neutral,0.9880568981170654,logit_class_2,bert_finetune
824376,T'es un petit pote dérangé.,1,2,neutral,0.9423826932907104,logit_class_2,bert_finetune
824608,"Ich bin sicher, dass Adam zustimmen wird.",1,2,neutral,0.7620977163314819,logit_class_2,bert_finetune
824642,"Ich fühle mich seltsam nicht in der Lage, Ihnen zu helfen und nag Sie mehr, so stellen Sie sicher, dass Sie viel Gewebe im Vorrat Schrank vorrätig erinnern, um die Abwesenheit Bericht an Donnerstagen zu unterzeichnen und bitte lachen Sie jeden Tag und kümmern sich um einander zumindest für mich",2,0,negative,0.5739102959632874,logit_class_0,bert_finetune
825162,Ok. Suona bene.,2,1,positive,0.8286804556846619,logit_class_1,bert_finetune
825282,"Quiero ponerme en forma. Me siento como una niñera de cerca-no muy gordo, pero no realmente saludable.",2,1,positive,0.5941725969314575,logit_class_1,bert_finetune
825644,Je me connais moi-même et je sais que je vais sortir d'un long bus ou d'un train se sentant épuisé et perdu et je ne vais pas sentir du tout comme chercher l'hébergement très bon marché ou naviguer dans les rues inconnues pour trouver l'auberge de ruelle arrière,2,0,negative,0.9998025298118591,logit_class_0,bert_finetune
826492,"Oh god, going to a social event with someone and never leaving their side is me at almost every social event I go to.",2,1,positive,0.6190705895423889,logit_class_1,bert_finetune
826653,Je me sens un peu débordé par les façons dont j'ai demandé à utiliser mes talents pour aider d'autres personnes que j'essaie de garder cela à l'esprit,0,2,neutral,0.5216596126556396,logit_class_2,bert_finetune
826955,(NAME) Die letzte Drehung hat es royalerweise vermasselt. Hat [NAME] auch einen einzigen Mord mit ihren Spezialisten bekommen?,0,2,neutral,0.9825050234794617,logit_class_2,bert_finetune
827933,ich fühle mich schon müde,0,1,positive,0.9916512370109558,logit_class_1,bert_finetune
828060,"L'OP aime le ""thrill"" de la chasse, comme la plupart d'entre nous!",2,1,positive,0.9213055968284607,logit_class_1,bert_finetune
828224,It looks nice.How much is it ?,2,1,positive,0.6192796230316162,logit_class_1,bert_finetune
828352,"Qué lindo, la basura humana quiere ayuda.",2,1,positive,0.5408154726028442,logit_class_1,bert_finetune
828448,ich fühlte mich unglaublich überwältigt und depressiv und ängstlich,0,2,neutral,0.5049227476119995,logit_class_2,bert_finetune
828556,"What’s weird is. I never miss anyone. Like, ever.",1,2,neutral,0.7571315765380859,logit_class_2,bert_finetune
829570,Ja. Das wäre gut.,1,2,neutral,0.8247308731079102,logit_class_2,bert_finetune
829600,"Ich fühle mich seltsam, wenn ich mich für meine beurteilt",0,2,neutral,0.52663654088974,logit_class_2,bert_finetune
829907,Je sens ta douleur aussi sa beauté ici et im coincé à l'intérieur,1,0,negative,0.7669877409934998,logit_class_0,bert_finetune
830163,Tengo la sensación de que esto se verá increíble en el otoño,2,1,positive,0.6413918137550354,logit_class_1,bert_finetune
830171,"Sie beschwert sich gerne über ihren Macho-Mann und ihren Bambinos, aber sie liebt sie alle innig.",1,2,neutral,0.9296148419380188,logit_class_2,bert_finetune
830577,"Non ho mai paura delle tue paure, ti renderò impavido.",1,2,neutral,0.6694158315658569,logit_class_2,bert_finetune
831565,En realidad no. ¿Te gustan las películas biográficas / dramáticas?,2,1,positive,0.6112860441207886,logit_class_1,bert_finetune
832588,"Ich dachte, er trollt.",0,2,neutral,0.9790549278259277,logit_class_2,bert_finetune
833141,Gracias. Encantado de conocerte también. Soy John. ¿Es la primera vez que haces un viaje de larga distancia en avión?,1,2,neutral,0.7128183245658875,logit_class_2,bert_finetune
835024,Me siento más seguro estando bajo de azúcar en la sangre en mi propia casa.,0,1,positive,0.8339487314224243,logit_class_1,bert_finetune
835278,"Ich denke, Sie meinen die Ankündigung",2,1,positive,0.9650084376335144,logit_class_1,bert_finetune
835419,Esta incapacidad de las comunidades para entender el sarcasmo es absolutamente impresionante.,1,2,neutral,0.812834620475769,logit_class_2,bert_finetune
835471,"Oye, déjame que te lo traiga. Es tu regalo de cumpleaños.",2,1,positive,0.5957132577896118,logit_class_1,bert_finetune
835554,Me sentaría mirando en blanco porque no sé lo que siento incluso cuando soy un niño puedo decir que he sido bendecido y maldecido con emociones tan poderosas que ni siquiera mi mente puede hacer frente a,1,0,negative,0.8638594150543213,logit_class_0,bert_finetune
836086,"Oui, et je veux essayer.",1,2,neutral,0.8998476266860962,logit_class_2,bert_finetune
837296,Me siento un poco abrumado con las demandas del jardín de infantes,0,2,neutral,0.5333190560340881,logit_class_2,bert_finetune
837514,you too good sir,2,1,positive,0.7811046242713928,logit_class_1,bert_finetune
837570,als ich im Saunabad war,1,0,negative,0.936238169670105,logit_class_0,bert_finetune
837653,Parece que es del Efecto Molécula en Santa Fe. ¡Estupendo lugar!,2,1,positive,0.7370325922966003,logit_class_1,bert_finetune
837807,"Me siento tan abrumado por los nervios que estoy ansioso, asustado, no puedo soportar la visión de mí mismo.",2,0,negative,0.5679008960723877,logit_class_0,bert_finetune
838014,"Me despierto, me siento tan aturdido y letárgico.",2,0,negative,0.6902680397033691,logit_class_0,bert_finetune
838067,"my husband's parents flew out to meet my family when we got married in my hometown , so that was great . Some people spend ridiculous amounts of money on extravagant wedding receptions , but we agreed t",2,1,positive,0.593124508857727,logit_class_1,bert_finetune
838871,Non c'e' modo migliore per renderti infelice che paragonarti agli altri.,0,2,neutral,0.9730231761932373,logit_class_2,bert_finetune
839253,"Here is the thing . I was woke up by strange noises of the telephone several times last night . Even I unplugged it , it wouldn't stop beeping . I am also not satisfied with the housekeeping service in my room . So I want to change to a cleaner and quieter room .",0,2,neutral,0.9982510209083557,logit_class_2,bert_finetune
839800,"J'étais très jeune, j'aimais prendre des photos et je me sens très bien quand quelqu'un prend des photos pour moi j'aime montrer mon moi à d'autres et souvent sourire et faire des poses drôles",2,1,positive,0.9551904797554016,logit_class_1,bert_finetune
839921,"Je pensais juste à quelqu'un avec qui je suis allé à l'école, ce garçon avec qui j'étais très amical en troisième année. Nous avions l'habitude de traîner ensemble - il vivait à côté - mais ensuite mes parents ont déménagé et j'ai changé d'école et je ne l'ai jamais revu.",1,2,neutral,0.9739847183227539,logit_class_2,bert_finetune
840588,"C'était avant qu'il entende Stanley chanter! Je suppose qu'il ne pouvait plus supporter ça, donc il a décidé de l'essayer lui-même!",2,0,negative,0.631161630153656,logit_class_0,bert_finetune
840996,Les voix généreuses disent que tu es trop bon pour être vrai.,1,2,neutral,0.6740073561668396,logit_class_2,bert_finetune
841256,J'aime BOG et l'Italie à Epcot. Mais c'est juste moi. Il vaut mieux aller à Golive Arden.,2,1,positive,0.7810937166213989,logit_class_1,bert_finetune
841862,"¡Ja, sí, brillante!",1,2,neutral,0.6502314805984497,logit_class_2,bert_finetune
842077,"Ehh, ich weiß nicht, ich finde es immer noch irgendwie cringey mit dem [NAME]-Gespräch und all dem Zeug.",0,2,neutral,0.8812514543533325,logit_class_2,bert_finetune
842499,Yep. And if the reaction to the CovCath psyop is any indication there will be riots when her retirement or death is announced.,0,2,neutral,0.9471391439437866,logit_class_2,bert_finetune
842880,"Diablos, no me importa. No envíes un informe a tu compañía de seguros.",2,0,negative,0.7619017958641052,logit_class_0,bert_finetune
843407,Peut-être que si on demandait autour de nous on pourrait voir ce que les gens préféreraient.,1,2,neutral,0.9466855525970459,logit_class_2,bert_finetune
843694,¿Entrenador QB también? Mierda...,0,2,neutral,0.6712987422943115,logit_class_2,bert_finetune
844076,Me perdí el tiempo de hoy para el elenco en la radio,2,0,negative,0.912202000617981,logit_class_0,bert_finetune
844083,Siehst du die Kleine da drüben?,1,2,neutral,0.9888216257095337,logit_class_2,bert_finetune
844124,"No , I'm sorry we don't . We accept credit cards and cash .",0,2,neutral,0.945396363735199,logit_class_2,bert_finetune
845849,Creo que esto no es parte del acuerdo. Esta no es la amistad casual que construimos para hacer soportable el estar el uno alrededor del otro.,1,2,neutral,0.7783645987510681,logit_class_2,bert_finetune
847502,Sehr schön und sehr interessant. Aber warum hängen Sie sie in den Baum?,1,2,neutral,0.5800595879554749,logit_class_2,bert_finetune
847988,No tienes ni idea de lo que estás hablando.,0,2,neutral,0.8869209885597229,logit_class_2,bert_finetune
848157,"Well , sounds very attractive . I just tried their vanilla milkshake last time , and it was really delicious .",2,1,positive,0.8084596991539001,logit_class_1,bert_finetune
848532,"Happy cake day! It'll be tough, but stick to it and you will come out the other side better for it.",2,1,positive,0.7491351366043091,logit_class_1,bert_finetune
850549,Wir können den Rest der Welt dabei zerstören.,0,2,neutral,0.7403737902641296,logit_class_2,bert_finetune
850705,El peor CB que hemos tenido en la memoria reciente,2,0,negative,0.7645083665847778,logit_class_0,bert_finetune
850967,"Ich esse immer noch, also habe ich Zeit, nach der Arbeit zu laufen fühlt sich lächerlich an diesen Tagen",0,2,neutral,0.6710947751998901,logit_class_2,bert_finetune
851034,"Forse non ci credi, ma e' stata fatta da mia nonna.",1,2,neutral,0.9275940656661987,logit_class_2,bert_finetune
851087,Can't beat that ! Thank you accounting guy !,1,2,neutral,0.8017383217811584,logit_class_2,bert_finetune
851187,Sono sicuro che non eri vivo e non ricordo di averti mai specificatamente accusato di farlo.,0,1,positive,0.8720557689666748,logit_class_1,bert_finetune
851371,quando ho sentito che il mio amico aveva iniziato a bere birra,0,1,positive,0.5385501384735107,logit_class_1,bert_finetune
852329,"Es gibt nichts, was getan werden kann. Alles ist weg. Ich wünschte, ich könnte Ihnen etwas anderes sagen, aber was passiert ist, ist passiert. Wir müssen nur einen Weg finden, weiter zu gehen.",0,2,neutral,0.9841263294219971,logit_class_2,bert_finetune
852653,"Ich habe das Gefühl, es wird erstaunlich über weiß sein, weil meine Nägel wie Opale aussehen werden",1,2,neutral,0.518064558506012,logit_class_2,bert_finetune
852882,Es schneit stark. Wie wär's mit einem Spaziergang?,1,2,neutral,0.7350320219993591,logit_class_2,bert_finetune
852986,Stavo attraversando il mio divorzio mi sentivo un po' sopraffatto e francamente mi sentivo dispiaciuto per me stesso.,2,0,negative,0.5421164631843567,logit_class_0,bert_finetune
853686,"Wow, sembra che abbiamo tenuto le nostre trattative qui, bello da vedere.",1,2,neutral,0.5028407573699951,logit_class_2,bert_finetune
854863,Sound like everything is great .,1,2,neutral,0.6582809090614319,logit_class_2,bert_finetune
854868,"Es gibt einen Unterschied zwischen Rechten und Recht. Hör auf, die beiden zu verwirren.",0,2,neutral,0.6810421347618103,logit_class_2,bert_finetune
855178,my child,0,1,positive,0.6944282650947571,logit_class_1,bert_finetune
856254,You really can't live without candy .,1,2,neutral,0.8380258083343506,logit_class_2,bert_finetune
856301,"Ich kann nicht helfen, aber manchmal überwältigt fühlen",0,2,neutral,0.510060727596283,logit_class_2,bert_finetune
856313,Lo estoy haciendo muy bien.,1,2,neutral,0.6152743697166443,logit_class_2,bert_finetune
856774,[NAME] non fa nichilismo. E' devastata dalla guerra. Ergo deve riprendersi.,2,0,negative,0.6243488788604736,logit_class_0,bert_finetune
857629,"Doch. Sein Name ist [NAME]. Er war gute Freunde von [NAME] und machte YouTube-Videos mit [NAME], einem anderen Rapper.",2,1,positive,0.5295687913894653,logit_class_1,bert_finetune
857764,im praticare semplici regole per aiutarmi a non sentirmi travolto,2,0,negative,0.5474346280097961,logit_class_0,bert_finetune
858340,Je n'ai aucun doute qu'il a stocké certaines des armes les plus viles connues de l'homme.,0,2,neutral,0.6820683479309082,logit_class_2,bert_finetune
858359,im en mi espalda en el suelo hacia el fondo de la colina sintiéndose mareado y confundido,2,0,negative,0.9304223656654358,logit_class_0,bert_finetune
860092,"Ich weiß nicht, dass ich das Gefühl habe, zu sagen, aber ich bin m m m m m m m m m m m m m m m m m m m m m m",0,1,positive,0.5481160283088684,logit_class_1,bert_finetune
860383,Ich mag auch indisches Essen.,2,1,positive,0.5727920532226562,logit_class_1,bert_finetune
860773,"Es ist schön, fremdsprachige Filme zu sehen, die einen kleinen Einfluss auf Hollywood haben. Ich mag die beste Schauspielerin und Schauspielerin.",1,2,neutral,0.6081352829933167,logit_class_2,bert_finetune
861926,im nel secondo trimestre mi sento incredibile,2,1,positive,0.554774820804596,logit_class_1,bert_finetune
864733,Und wir wollten eine Collage für jeden von uns mit unseren Baby-Bildern machen...,2,1,positive,0.6026793122291565,logit_class_1,bert_finetune
865131,"Ich habe einer meiner besten Freunde gesimst und ihr gesagt, dass Hagel sich nicht gut anfühlte und ich sie anrufen konnte, als ich zum Ped ging.",1,0,negative,0.8589322566986084,logit_class_0,bert_finetune
866417,Per l'amor del cielo... quanto stiamo perdendo soldi?,0,2,neutral,0.9193375110626221,logit_class_2,bert_finetune
866936,Mi tipo favorito de galletas.,1,2,neutral,0.8485360741615295,logit_class_2,bert_finetune
867510,"Hey , let's go for a spin . You can try it out .",2,1,positive,0.5785517692565918,logit_class_1,bert_finetune
867856,Ravi de vous rencontrer aussi.,2,1,positive,0.7165141701698303,logit_class_1,bert_finetune
867939,"Als ob eines dieser Worte etwas anderes bedeuten würde als ""gib mir, was ich will, oder ich werde dich sozial beschämen!""",2,0,negative,0.7773938179016113,logit_class_0,bert_finetune
868062,Dumpster fire. I cant quit you Edmonton!!,2,0,negative,0.9175183773040771,logit_class_0,bert_finetune
868182,fanno male a farmi sentire altrimenti,2,0,negative,0.9956591129302979,logit_class_0,bert_finetune
868322,"Mi è piaciuto. Non ho pensato che le sue opere fossero capolavori, ma il certamente non erano uninspirating, a mio parere.",2,1,positive,0.698272705078125,logit_class_1,bert_finetune
870428,Ça a l'air si émouvant.,1,2,neutral,0.7103715538978577,logit_class_2,bert_finetune
871003,¿Sabes qué? Acabo de conseguir un nuevo trabajo en una compañía de computadoras.,1,2,neutral,0.9778435826301575,logit_class_2,bert_finetune
871132,Dannazione la carica pesante giù da 60 è brutale. Povero [NAME],0,2,neutral,0.847298800945282,logit_class_2,bert_finetune
871657,Damn schaller got tuned up. And maybe stop showing [NAME] his ugly toothless grin is burning my retinas,2,0,negative,0.8118696212768555,logit_class_0,bert_finetune
872570,"Absolument, je vais là-bas pour travailler trois fois par semaine, plier pendant 6 mois maintenant.",1,2,neutral,0.9444806575775146,logit_class_2,bert_finetune
872608,Das gefällt mir. Enden ließ mich glückliche Tränen weinen. Ich weine nicht oft,2,1,positive,0.5939338803291321,logit_class_1,bert_finetune
872669,Mi piace la minigonna.,2,1,positive,0.8917710781097412,logit_class_1,bert_finetune
872840,"Ich habe das Gefühl, wenn wir uns weiterhin um andere kümmern, sind wir es verdient, geschlagen zu werden.",1,0,negative,0.9715428352355957,logit_class_0,bert_finetune
872908,Mi sento strana per il numero però,0,2,neutral,0.50422203540802,logit_class_2,bert_finetune
873089,Ich fühle mich auf diese Weise weitgehend aus sentimentalen Gründen,0,1,positive,0.5261318683624268,logit_class_1,bert_finetune
873777,"No hay problema, señor. Todo estará listo cuando vuelvas.",1,2,neutral,0.7644146084785461,logit_class_2,bert_finetune
873857,Oh! C'est pas vrai! Vous êtes fiancés! Quelle belle bague de fiançailles! Pour qui?,1,2,neutral,0.7020583748817444,logit_class_2,bert_finetune
874795,Da Colts!!! Allez-y franchement!!Qu'est-ce qu'il y a?,0,2,neutral,0.9098635315895081,logit_class_2,bert_finetune
874936,Je cuisine à la maison son généralement bon et je me sens incroyable après si cependant c'est le diner dehors thats quand je deviens un peu stupide,2,0,negative,0.4296051263809204,logit_class_0,bert_finetune
874959,WHY HAVE I NOT SEEN YOU? WHERE THE HELL HAVE YOU BEEN?,0,2,neutral,0.8391731381416321,logit_class_2,bert_finetune
875185,Sure ! It's txyb@gmail.com .,2,1,positive,0.9674911499023438,logit_class_1,bert_finetune
875318,i lama y mi espíritu se siente como si estuviéramos a punto de embarcarnos en un viaje increíble,1,2,neutral,0.5675404071807861,logit_class_2,bert_finetune
875430,Mi sento come se lasciassi una strana prima impressione con le persone,0,2,neutral,0.5349819660186768,logit_class_2,bert_finetune
875489,ogni volta che diventa un po'bagnato e ventoso,2,0,negative,0.8894619345664978,logit_class_0,bert_finetune
875603,"Oh, temo che li abbiamo venduti. Erano molto popolari.",0,2,neutral,0.9165507555007935,logit_class_2,bert_finetune
875892,"Ich denke, meine Bemühungen sollten darauf ausgerichtet sein, die Menschen zwischen den schwarz-weißen Fragen der Wissenschaft und Pseudowissenschaft zu unterscheiden, anstatt die Graus der Politik",1,0,negative,0.5420282483100891,logit_class_0,bert_finetune
875996,Où est-ce que tu as fini par aller?,1,2,neutral,0.981090784072876,logit_class_2,bert_finetune
876671,Estoy seguro de que te vas a sentir increíble una vez que llegues al otro lado con todo ese peso sin embargo si lo tiras todo hacia abajo todo lo que necesitamos es equilibrio realmente,1,2,neutral,0.5071396827697754,logit_class_2,bert_finetune
876871,Ho pensato che il sano di mente fino a quando non ho ricevuto email minacciose dalle Risorse Umane,2,0,negative,0.9997871518135071,logit_class_0,bert_finetune
877063,Je me sens résistant et en cela je me pardonne que j'ai accepté et me suis permis de ne pas réaliser que je peux rester éveillé quand je me sens fatigué quand je résiste à travailler sur quelque chose et ne pas donner dans le href http eqafe,1,0,negative,0.9936580061912537,logit_class_0,bert_finetune
877494,J'ai peur que nous n'ayons à enquêter sur ces accusations.,2,0,negative,0.9071493744850159,logit_class_0,bert_finetune
877505,"Phsyically, not mentally or emotionally. It's literally only been one week since the end of episode 2 and the start of episode 3.",0,2,neutral,0.9903830885887146,logit_class_2,bert_finetune
877854,#CHECK THE TRIPLE,0,2,neutral,0.9984839558601379,logit_class_2,bert_finetune
877927,Vorrei avere una parte del personaggio. Quelli sono i miei preferiti.,2,1,positive,0.7388324737548828,logit_class_1,bert_finetune
878091,"Creo que eso también es lo que estoy diciendo, así que estamos bien.",2,1,positive,0.642656683921814,logit_class_1,bert_finetune
878095,Sie versteht Spanisch und Japanisch.,1,2,neutral,0.9866385459899902,logit_class_2,bert_finetune
878832,Babyvergewaltigung. Kann nicht einen lustigen Witz darüber machen.,1,2,neutral,0.893941342830658,logit_class_2,bert_finetune
879164,Sento un senso di realizzazione quando finisco un lavoro ed è venuto fuori proprio come avevo pianificato.,2,1,positive,0.8761125802993774,logit_class_1,bert_finetune
879398,Je me sens le plus calme et le plus en paix parce que le silence n'est pas perturbé par n'importe qui,1,0,negative,0.994436502456665,logit_class_0,bert_finetune
880148,"J'ai dit que c'était probablement la prochaine fois que le frigo est vide, mais je me sens plutôt impatiente de le faire.",0,1,positive,0.5814696550369263,logit_class_1,bert_finetune
880173,J'étais assis ici au travail à débattre si je devrais aller à une barre de chocolat et il m'a fait penser que j'ai récemment reconnecté avec un vieil ami et nous sommes allés dîner elle a commenté sur ma perte de poids qui m'a fait me sentir incroyable,2,1,positive,0.5050970911979675,logit_class_1,bert_finetune
881146,"Prima di tutto, è assolutamente stupendo.",1,2,neutral,0.818744957447052,logit_class_2,bert_finetune
881772,"Idk por qué, pero su comentario en particular me hizo audiblemente crack tf hasta",1,2,neutral,0.5320858955383301,logit_class_2,bert_finetune
882065,Avevo finalmente capito che la gioia non era tornare e stava soffrendo intensamente per l'ansia e sentirsi completamente sopraffatti,2,0,negative,0.5384150743484497,logit_class_0,bert_finetune
882647,Penso che sia abbastanza evidente che ero satirico nel dire Mississippi.,2,0,negative,0.7632729411125183,logit_class_0,bert_finetune
883543,"Malheureusement, je pense que c'est vrai et peut-être que c'est l'incitation dont les adultes ont besoin pour entrer en action.",0,2,neutral,0.6780915856361389,logit_class_2,bert_finetune
884468,Mi sento come se fossi parte di qualcosa di davvero incredibile facendo questo yoga,1,2,neutral,0.5990822911262512,logit_class_2,bert_finetune
885024,Penso che questo sia molto come muoversi nella mia vita in uno stato di sonno,0,2,neutral,0.7242341041564941,logit_class_2,bert_finetune
887055,"Felice di. La Fiera è un grande incontro che si svolge due volte all'anno, migliaia di uomini d'affari provenienti da più di centocinquanta paesi e regioni sono qui per commerciare con la Cina.",2,1,positive,0.589835524559021,logit_class_1,bert_finetune
887660,"Ich fühle mich manchmal ein wenig seltsam, wenn meine Mutter sie anführt, als ob sie ihre traumatische Gehirnverletzung wirklich einen Tribut an ihren geistigen und körperlichen Fähigkeiten tut",0,2,neutral,0.509937584400177,logit_class_2,bert_finetune
887673,"Life is like a box of chocolates , you never know what you're gonna get .",1,2,neutral,0.6539639830589294,logit_class_2,bert_finetune
887678,Podría meterme en el puto chocolate sin sentirme rara y gorda. ¿Tienes problemas para dormir por la noche?,0,2,neutral,0.8765239715576172,logit_class_2,bert_finetune
887750,Estaba caminando por la plantación viendo a la gente babeando pavos en la ventana sintiéndome muy extraña que no estuviera atada a mi pavo.,2,0,negative,0.5969136357307434,logit_class_0,bert_finetune
887779,i just don’t think we are aggressive 100% of the time,0,2,neutral,0.9796492457389832,logit_class_2,bert_finetune
888194,Ce n'est pas grave.,1,2,neutral,0.9144728183746338,logit_class_2,bert_finetune
888209,Cos'è quello? Prende il nome dal festival stesso. Questo è davvero divertente!,1,2,neutral,0.5296286940574646,logit_class_2,bert_finetune
888535,Ça a l'air amusant. Ça vous dérangerait une compagnie?,2,1,positive,0.6437240839004517,logit_class_1,bert_finetune
889012,"Lo siento, ¿vas a decir que querer destruir a Israel está completamente bien? ¿Y el rabino en cuestión parece estar en la cama con los negadores del Holocausto?",0,2,neutral,0.9794771671295166,logit_class_2,bert_finetune
889151,Ich bin in den Himmel gegangen!,1,2,neutral,0.7078111171722412,logit_class_2,bert_finetune
889825,Tu as tellement à apprendre mon adorable enfant d'été,2,1,positive,0.8874794244766235,logit_class_1,bert_finetune
890065,Je ne peux pas mettre mon doigt mais sentir une étrange familiarité,0,2,neutral,0.5107327103614807,logit_class_2,bert_finetune
890507,"""MY BABYS DEAD""",2,0,negative,0.753112256526947,logit_class_0,bert_finetune
890635,Tu devrais peut-être me faire part de ton plan. Je veux emmener mes enfants là-bas un jour. aussi.,2,1,positive,0.5328657627105713,logit_class_1,bert_finetune
890969,"Si sólo la vida fuera un anime de la basura isekai. Lástima que el género es simplemente proxenetista y descarada auto-inserción / deseo de cumplimiento. Oh, bien.",0,2,neutral,0.8245760798454285,logit_class_2,bert_finetune
892016,Ça a l'air bien. Où allons-nous?,2,1,positive,0.7490911483764648,logit_class_1,bert_finetune
892783,*Hey hat gerade bemerkt..* es ist dein **2nd Cakeday** Fleecethread! ^(Schwerpunkt) ^(Schwerpunkt) ^(Schwerpunkt) ^(Schwerpunkt) ^(Schwerpunkt) ^(Schwerpunkt) ^(Schwerpunkt) ^(Schwerpunkt) ^(Schwerpunkt) ^(Schwerpunkt) ^(Schwerpunkt) ^(Schwerpunkt) ^(Schwerpunkt) ^(Schwerpunkt) ^(Schwerpunkt) ^(Schwerpunkt) ^(Schwerpunkt) ^(Schwerpunkt) ^(Schwerpunkt) ^(Schwerpunkt) ^(Schwerpunkt) ^(Schwerpunkt) ^(Schwerpunkt) ^(Schwerpunkt) ^(Schwerpunkt) ^(Schwerpunkt) ^(Schwerpunkt) ^(Schwerpunkt) ^(Schwerpunkt) ^(Schwerpunkt) ^(Schwerpunkt) ^(Schwerpunkt),1,2,neutral,0.5696132779121399,logit_class_2,bert_finetune
893512,His misogyny is disturbing.,0,2,neutral,0.9980952143669128,logit_class_2,bert_finetune
894339,Sí. He hecho un par de tiros en Hornsby pequeño agujero y un día de pidgeon de arcilla en Lucas Heights.,2,1,positive,0.6152085661888123,logit_class_1,bert_finetune
894772,Golpear a un hombre neumático,2,0,negative,0.9729899764060974,logit_class_0,bert_finetune
894875,"Woo, ganz ruhig.",2,1,positive,0.9594804644584656,logit_class_1,bert_finetune
895772,ive a retenu l'écriture de ce post parce qu'il était difficile d'écrire exactement comment ive se sentait et b n'est pas sûr si mal continuer à sentir ainsi ou si sa juste va être une phase,1,0,negative,0.8555324673652649,logit_class_0,bert_finetune
895811,"En liquide, carte de crédit, chèque n'importe quoi. Je dois juste voir un docteur. Je souffre.",0,2,neutral,0.971886396408081,logit_class_2,bert_finetune
895873,"Quale papà?!!!!! Welp, impari qualcosa di nuovo!!!! Dannazione!!!",1,2,neutral,0.5006030797958374,logit_class_2,bert_finetune
897426,J'ai pris un cours de communication d'affaires l'an dernier et c'était génial.,2,1,positive,0.7820902466773987,logit_class_1,bert_finetune
897906,Grazie per avermi chiamato. Saro' li' in tempo.,2,1,positive,0.7873327732086182,logit_class_1,bert_finetune
898016,"Liebe, wie es hier keine ""Nicht-Unterstützer"" kommentieren. Sie haben nichts zu sagen. Nichts.",2,1,positive,0.6349102258682251,logit_class_1,bert_finetune
898153,Grazie. Mi è piaciuto molto il mio tempo qui. Sono cresciuto sia personalmente che professionalmente con questa azienda.,1,2,neutral,0.574422299861908,logit_class_2,bert_finetune
898512,"Ich dachte an diesen Punkt, ich würde aufgeregt und nervös fühlen, aber überraschenderweise die Realität dessen, was mich erwartet, hat sich nicht völlig eingesunken",1,0,negative,0.762097179889679,logit_class_0,bert_finetune
899138,"Les Fire sont aussi des poubelles et jouent à leurs jeux 45 minutes à l'extérieur de Chicago. Je vous aime fans de Fire, désolé pour votre propriété et FO.",1,2,neutral,0.4996369183063507,logit_class_2,bert_finetune
899206,"Scheiße, Scheiße, Megascheiße!",0,2,neutral,0.5037906169891357,logit_class_2,bert_finetune
899935,Sai quanto sono felice? The Ant Kingdom è un mondo perfetto con favole colorate. Sembra che l'aria sia fresca qui.,1,2,neutral,0.6238573789596558,logit_class_2,bert_finetune
900504,Me uní a los casuales en el sofá y me acurrucaba con horror mientras veía esto,0,1,positive,0.8644465804100037,logit_class_1,bert_finetune
900619,"This apartment is nice , but I'd like to find a cheaper one .",1,2,neutral,0.9964730143547058,logit_class_2,bert_finetune
900725,J'ai rencontré Amanda à travers une amie.,2,1,positive,0.9710666537284851,logit_class_1,bert_finetune
900860,"Ich habe das Gefühl, dass ich in den Bauch getreten wurde, dass das Gefühl, als hättest du etwas sehr Wichtiges für dich verloren und du hast große Sorge um deine Kinder Zukunft",0,1,positive,0.953784704208374,logit_class_1,bert_finetune
901234,"Nun, ich war noch nie in beiden, also dachte ich daran, für meine Flitterwochen nach Disneyworld zu gehen.",1,2,neutral,0.977287769317627,logit_class_2,bert_finetune
901482,La verdadera broma está siempre en los comentarios.,2,1,positive,0.7934305667877197,logit_class_1,bert_finetune
901798,"Me gusta la vainilla, es el mejor de los sabores.",1,2,neutral,0.6608067750930786,logit_class_2,bert_finetune
901979,"als ein alter Schulfreund mich anrief, um einen Termin zu arrangieren, um über alte Erinnerungen zu sprechen, hatte ich ihn jahrelang gesehen.",1,0,negative,0.8612052798271179,logit_class_0,bert_finetune
902267,C'est bien. Je sais que vous êtes capable d'être un excellent élève.,1,2,neutral,0.7442589998245239,logit_class_2,bert_finetune
902565,También fui intimidado en el trabajo. Estuve tomando litio por un tiempo. No estás sola.,0,2,neutral,0.7532243132591248,logit_class_2,bert_finetune
903439,Je suppose que vous ne réalisez pas combien je me sens souvent stupide d'être si dévoué à un homme qui m'aime quand il s'inscrit dans son emploi du temps,1,0,negative,0.995110809803009,logit_class_0,bert_finetune
903470,"Ich denke, wir sollten diese Rebellen nicht auf gewalttätige Weise unterstützen und ihnen vor allem keine Waffen oder Finanzmittel geben.",1,0,negative,0.9977864027023315,logit_class_0,bert_finetune
903530,J'ai été vraiment mauvais toute la semaine et mercredi je me suis réveillé me sentant un peu mieux,0,1,positive,0.9787325263023376,logit_class_1,bert_finetune
903615,Nunca he experimentado una montaña rusa. Quiero que te sientes a mi lado.,2,1,positive,0.4456408619880676,logit_class_1,bert_finetune
903668,"Je m'inquiétais des effets secondaires, mais jusqu'à présent, c'était bien.",0,1,positive,0.3945280909538269,logit_class_1,bert_finetune
904387,"Guten Tag, Paul. Ich habe dich schon lange nicht mehr gesehen.",1,2,neutral,0.8342921137809753,logit_class_2,bert_finetune
905086,Ich fühle mich oft überwältigt mit der gesamten Büro- und Verwaltungsarbeit des Lehrers,0,2,neutral,0.5061793923377991,logit_class_2,bert_finetune
906155,Je pensais que quelqu'un était en colère contre moi mais,1,0,negative,0.9950070381164551,logit_class_0,bert_finetune
906576,Waiter !,0,2,neutral,0.9980530738830566,logit_class_2,bert_finetune
906577,"[NAME] lo arruinó poniendo [NAME] en la lista de WS. Era horrible, y no había lanzado en semanas.",0,2,neutral,0.6670807003974915,logit_class_2,bert_finetune
907261,Siento nostalgia cuando pienso en Corea y toda la gente maravillosa que he conocido allí o podría ser el shock cultura inversa hablando,0,1,positive,0.5078492760658264,logit_class_1,bert_finetune
907465,He olvidado cómo sentirme vi este increíble documental en mi banda favorita cuando era la muñeca dresden ver aquí gt una clase twitter línea de tiempo enlace datos expandido url http vimeo,2,1,positive,0.5920025110244751,logit_class_1,bert_finetune
907630,I hope the opera will be more stupendous than the movie . Have you bought the tickets ?,2,1,positive,0.518792986869812,logit_class_1,bert_finetune
908324,"Lo sento mordere il mio collo non troppo grossolanamente, ma certamente non è gentile come il suo ritmo aumenta",1,0,negative,0.7893173694610596,logit_class_0,bert_finetune
908581,Riuscivo a sentire quel maledetto diavolo sulla mia spalla fare un'apparizione ed è molto forte volontà,1,0,negative,0.9284427165985107,logit_class_0,bert_finetune
910358,"Ich fand mich sogar wütend auf das Lied, weil ich das Gefühl habe, was für mich seltsam ist, denn ich spielte Gitarre und sang in der Kirche, wie die ganze Zeit und Musik war ein großer Teil meines Lebens in College und High School",2,0,negative,0.6745465397834778,logit_class_0,bert_finetune
910436,after my vacations,1,0,negative,0.8255839943885803,logit_class_0,bert_finetune
910583,"So froh, dass der Hund am Ende aufstand. Ich war super besorgt.",2,1,positive,0.9383471608161926,logit_class_1,bert_finetune
911027,I think all of our assets will end up in India to a dead guy!,2,0,negative,0.6299795508384705,logit_class_0,bert_finetune
911984,"Sicuro che lo e'. Servono anche tè, caffè e rinfreschi. I membri del personale del Centro sono anche cordiali e disponibili. Tutti li amano.",1,2,neutral,0.8194475769996643,logit_class_2,bert_finetune
912207,"Come on , Jenny , we are heading our way to the Opera House .",2,1,positive,0.622951090335846,logit_class_1,bert_finetune
912654,"That's Cathy . She is pretty , isn't she ? She likes dancing . Ask her to dance .",1,2,neutral,0.9539766907691956,logit_class_2,bert_finetune
912883,Il tipo mette sempre le ragazze in fila. Quando ti ha chiesto di sposarmi?,1,2,neutral,0.7441104054450989,logit_class_2,bert_finetune
913422,"Es war mir eine Freude, Frau. Nein, nein, nein, nein, nein, nein, nein, nein, nein, nein, nein, nein, nein, nein, nein, nein, nein, nein, nein, nein, nein, nein, nein, nein, nein, nein, nein, nein, nein, nein, nein, nein, nein, nein, nein, nein, nein, nein, nein, nein, nein, nein, nein, nein, nein, nein, nein, nein, nein, nein, nein.",1,2,neutral,0.5563938021659851,logit_class_2,bert_finetune
914183,"Good-bye . Miss Li , say hello to your husband and your son for me . See you soon .",1,2,neutral,0.6085502505302429,logit_class_2,bert_finetune
914513,I don ’ t want to .,0,2,neutral,0.9729918241500854,logit_class_2,bert_finetune
914552,OK . I'll take one .,1,2,neutral,0.5870047807693481,logit_class_2,bert_finetune
915162,"Wow, c'est vraiment vieux.",1,2,neutral,0.8786196708679199,logit_class_2,bert_finetune
916054,"in einem Kurs dachte ich, dass ich verdient gute Noten, aber ich habe nur normale Marken ohne Rechtfertigung, warum ich erhielt diese Marken",0,1,positive,0.49937161803245544,logit_class_1,bert_finetune
916962,"Para con esta historia revisionista, literalmente lo dejamos ir porque se acostó con él.",0,2,neutral,0.9880103468894958,logit_class_2,bert_finetune
917235,"Différentes personnalités, j'ai toujours été comme ça avec mes amis et ma famille.",1,2,neutral,0.5737109184265137,logit_class_2,bert_finetune
918063,"Odio decepcionarte, pero a diferencia de lo que la mayoría de la gente piensa, no todos somos exactamente lo mismo!",2,0,negative,0.8672876358032227,logit_class_0,bert_finetune
918633,Siento mi corazón dolor y mi anhelo de amor cada vez más fuerte,0,1,positive,0.7872744798660278,logit_class_1,bert_finetune
918814,"Fan de Fellow [NAME], qui fait des reportages. C'est mon personnage préféré dans la série Lol.",2,1,positive,0.9237643480300903,logit_class_1,bert_finetune
919124,YES YES YES VERY EPIC,0,1,positive,0.5579021573066711,logit_class_1,bert_finetune
919802,¿Estás listo para la fiesta de Navidad de esta noche?,1,2,neutral,0.897929847240448,logit_class_2,bert_finetune
921298,"Oui, un certain nombre de fois.",0,2,neutral,0.9934254884719849,logit_class_2,bert_finetune
921373,Solía mirar y reírme de la gente mientras sentían dolor o pronto iban a ser asesinados porque crecí solo preocupándome por mis abuelos.,1,0,negative,0.9993380904197693,logit_class_0,bert_finetune
921820,"Beh, è la classica storia d'amore tra due persone provenienti da contesti contrastanti. Ma oltre ad una bella storia, la cinematografia è grande. C'è un filmato davvero drammatico. E 'davvero una bella festa visiva. E la colonna sonora si sta muovendo.",1,2,neutral,0.8471820950508118,logit_class_2,bert_finetune
922762,"Lo siento, señor. Estamos reservados hasta las 9:10.",0,2,neutral,0.5291669368743896,logit_class_2,bert_finetune
922771,"Non so perché, ma non riesco a trovare parole esatte per tradurre ciò che mi sento strano",2,0,negative,0.4996953010559082,logit_class_0,bert_finetune
923435,Go on. I'd love to hear more about this.,1,2,neutral,0.9117996692657471,logit_class_2,bert_finetune
924251,"Ich habe es satt, den Job anderer Leute zu erledigen und dafür verantwortlich zu werden, dass ich es nicht richtig mache.",0,2,neutral,0.5622290372848511,logit_class_2,bert_finetune
924320,"Wow, je ne savais pas! Ça a toujours l'air cool et facile dans les films!",1,2,neutral,0.7513189911842346,logit_class_2,bert_finetune
924545,It makes sense to me. I am a republican in that sense but hate the GOP for the most part.,0,2,neutral,0.9982041120529175,logit_class_2,bert_finetune
924573,Sono tutti così magri! I suoi zigomi sono fantastici.,2,1,positive,0.8356630802154541,logit_class_1,bert_finetune
924925,"¡Ja, ja, ja! Sí, supongo que me lo merecía. Déjame explicarte, ¿de acuerdo?",2,1,positive,0.582124650478363,logit_class_1,bert_finetune
925400,Eso estaría muy bien. Sólo que ’ llegaré un poco tarde. ¿Está bien?,1,2,neutral,0.9251482486724854,logit_class_2,bert_finetune
925696,"im nicht wirklich Gefühl begeistert war ich nur aufgeregt, dass sie diese Emotion zu verwenden haha",2,1,positive,0.9542350769042969,logit_class_1,bert_finetune
925969,"Okay , thin crust . Your total is $ 21.50 and yourorder will arrive in thirty minutes or it ’ s free !",1,2,neutral,0.8243237733840942,logit_class_2,bert_finetune
926312,Tienen los alimentos más frescos allí.,1,2,neutral,0.6462057828903198,logit_class_2,bert_finetune
926806,"#Vaffanculo, [NAME].",2,0,negative,0.9730519652366638,logit_class_0,bert_finetune
927074,"Me siento irrespetado en su nombre, aunque Dios nos ha engañado.",0,1,positive,0.6400574445724487,logit_class_1,bert_finetune
927983,Je sens que mon travail pour le seigneur vaut la peine ou je suis tenté de me sentir découragé lorsque les résultats ne sont pas facilement évidents,1,0,negative,0.9284762144088745,logit_class_0,bert_finetune
928787,i para uno sería difícil identificar este trabajo como cualquier cosa que se asemeja a un esfuerzo de intención jocular y me alegro de que han continuado subtitulando tal tontería para aquellos de nosotros que sienten que referirse a algo como humor debería significar que contiene algo divertido,1,2,neutral,0.8802672624588013,logit_class_2,bert_finetune
929157,"¿Qué hay de ti? Usted gasta tanto o más dinero en sus navajas de afeitar, después de afeitarse, colonia y gel! Sin mencionar cuánto gastas en ropa y...",0,2,neutral,0.8877644538879395,logit_class_2,bert_finetune
929752,"ho inteso trasmettere un sacco di emozioni attraverso le crepe e rotture dure e fare il pubblico sperimentare una certa emozione o sentimento in reazione ad esso, ma Im tempo non sicuro o non è quello che accade",1,0,negative,0.914423942565918,logit_class_0,bert_finetune
930647,"Je suis déçu parce que nous n'avons peut-être rien à congeler, mais je suis optimiste à ce sujet et les médecins aussi.",1,0,negative,0.8068552613258362,logit_class_0,bert_finetune
931175,Bleiben Sie nicht zu lange oder Sie könnten Nakamoto gehen : P,0,2,neutral,0.9881145358085632,logit_class_2,bert_finetune
931423,A real man ain't be ashamed of crying. I cry with you my bro. Let's all cry together!,0,2,neutral,0.6903987526893616,logit_class_2,bert_finetune
931763,el día que recibí la llave de mi apartamento y pudimos entrar en él,1,0,negative,0.7252360582351685,logit_class_0,bert_finetune
932134,"Im Gefühl verkorkst über die Tatsache, dass meine Co-Arbeiter am vergangenen Wochenende getötet wurde nur irgendwie schockiert wirklich",2,0,negative,0.9896369576454163,logit_class_0,bert_finetune
932326,Comment le simulateur de surf est-il ouvert si la piscine s'ouvre en mars?,0,2,neutral,0.54397052526474,logit_class_2,bert_finetune
932636,Das wäre sehr schön. Vielen Dank.,2,1,positive,0.8175545334815979,logit_class_1,bert_finetune
932988,"- Nein, nein, nein, nein, nein, nein, nein, nein, nein, nein, nein, nein, nein, nein, nein, nein, nein, nein, nein, nein, nein, nein, nein, nein, nein, nein, nein, nein, nein, nein, nein, nein, nein, nein, nein, nein, nein, nein, nein, nein, nein, nein, nein, nein, nein, nein, nein, nein, nein, nein, nein, nein, nein, nein, nein, nein, nein, nein! nein, nein, nein, nein! nein, nein, nein, nein! nein, nein, nein! nein, nein, nein, nein! nein, nein! nein! Ich mag die Art, wie sie sich überall fühlen.",1,2,neutral,0.6808015704154968,logit_class_2,bert_finetune
933217,Creo que te queda bien.,2,1,positive,0.5619147419929504,logit_class_1,bert_finetune
933493,contratiempos,0,2,neutral,0.9135879278182983,logit_class_2,bert_finetune
933898,Realmente siento mareo en el movimiento del viaje en el tiempo es uno de los álbumes experimentales más evolucionados y valiosos en años si no décadas,1,0,negative,0.835078239440918,logit_class_0,bert_finetune
934303,tellement abusés...,0,2,neutral,0.7807379364967346,logit_class_2,bert_finetune
934419,"Oh, die Freuden des Marine Corps Boot Camp!- Nein, nein, nein, nein, nein, nein, nein, nein, nein, nein, nein, nein, nein, nein, nein, nein, nein, nein, nein, nein, nein, nein, nein, nein, nein, nein, nein, nein, nein, nein, nein, nein, nein, nein, nein, nein, nein, nein, nein, nein, nein, nein, nein, nein, nein, nein, nein, nein, nein, nein, nein, nein, nein, nein, nein, nein, nein, nein, nein, nein, nein, nein! nein, nein, nein, nein! nein, nein, nein, nein, nein! nein, nein, nein! nein, nein! nein!",1,2,neutral,0.8687618374824524,logit_class_2,bert_finetune
937030,"Oh querido, vamos a perder nuestro tren.",0,2,neutral,0.7312060594558716,logit_class_2,bert_finetune
937424,"Okay, dann. Ich denke, wir werden uns alle draußen treffen?",1,2,neutral,0.760524332523346,logit_class_2,bert_finetune
937488,Herrgott noch mal! Es ist zu blutig. Wie können die Menschen so grausam sein?,0,2,neutral,0.944331169128418,logit_class_2,bert_finetune
937513,Empiezo a sentirme un poco como los libianos del año pasado que fueron presionados para demostrar públicamente su apoyo a Gaddafi mientras que ya sabían muy bien que sus días estaban contados,1,0,negative,0.9989109039306641,logit_class_0,bert_finetune
938532,J'ai l'impression de penser moi-même que je ne peux pas m'empêcher de parler avec des nanas.,0,1,positive,0.6530949473381042,logit_class_1,bert_finetune
938611,Ich würde beides zerschlagen.,0,2,neutral,0.9527534246444702,logit_class_2,bert_finetune
939013,Ich weine. Ihre Gesichter..............................................................................................................................................................................................................................................................,0,2,neutral,0.5338796377182007,logit_class_2,bert_finetune
939065,"Ich könnte scheinen, in einem ziemlich guten Ort gerade jetzt schauen, was im tun mit hellem Enthusiasmus, wie ich das Gefühl, ich sollte, weil dies ist verdammt erstaunlich, aber ich war nicht immer",1,2,neutral,0.5356397032737732,logit_class_2,bert_finetune
939949,"Finche' esiste la cieca fortuna, non c'e' limite massimo alla stupidita'.",0,2,neutral,0.9976047277450562,logit_class_2,bert_finetune
940384,"im una persona di grande immagine quindi mi sembra strano per essere quello di dire questo, ma penso che abbiamo bisogno di pensare a singoli morsi più spesso",0,2,neutral,0.5122365951538086,logit_class_2,bert_finetune
940440,"Wir hatten jemanden beschweren, dass wir Ankündigungen einmal aus genau diesem Grund",2,0,negative,0.6568679213523865,logit_class_0,bert_finetune
940602,i keep teetering between soaking it up and feeling pretty overwhelmed,0,2,neutral,0.6229893565177917,logit_class_2,bert_finetune
941247,Acconsento a uccidere tutti i bambini,2,0,negative,0.8259750008583069,logit_class_0,bert_finetune
943271,"Ignore him, he is a spiteful little rat who is mad because someone did something good and it reminds him how pathetic he is.",0,2,neutral,0.7004510164260864,logit_class_2,bert_finetune
943692,"No , that ’ s perfect . We can leave directly from here .",1,2,neutral,0.6206395626068115,logit_class_2,bert_finetune
944486,"Eh bien, je dois écrire la proposition. Je suis plutôt excitée par ça.",1,2,neutral,0.7069280743598938,logit_class_2,bert_finetune
944499,"No te preocupes, me duele.",2,0,negative,0.7893633842468262,logit_class_0,bert_finetune
944894,Jemand war im Weg.,2,0,negative,0.7045441269874573,logit_class_0,bert_finetune
944997,Exactement.,1,2,neutral,0.6812012791633606,logit_class_2,bert_finetune
946035,"Nun, ich hasse es immer noch, eine Ausgangssperre zu haben.",0,2,neutral,0.5682996511459351,logit_class_2,bert_finetune
946239,Ho ricevuto una lettera dal mio college che mi dice che non sarei permesso di sedersi per gli esami a causa della mia bassa frequenza in classe e la cattiva esperienza negli esami terminali,0,1,positive,0.6317249536514282,logit_class_1,bert_finetune
946477,"Großartig, ich will es würzig.",1,2,neutral,0.5163346529006958,logit_class_2,bert_finetune
946851,i also feel overwhelmed with the amount of assessments i have to complete within the next two frkn weeks t t and on top of all that im still coping with the drastic event that occurred exactly a week ago,2,0,negative,0.501891016960144,logit_class_0,bert_finetune
946912,Non posso fare a meno di sentire una strana empatia per lui,0,2,neutral,0.5171719193458557,logit_class_2,bert_finetune
947517,"¡Muchas gracias! Espero con interés las buenas noticias. Por favor, llámeme a este número entre las nueve y las once de la mañana.",2,1,positive,0.7086277008056641,logit_class_1,bert_finetune
948265,Génial. Combien ça va coûter?,1,2,neutral,0.6663637757301331,logit_class_2,bert_finetune
948908,"Por supuesto, señor. ¿Podría firmar aquí, por favor? ... Gracias.",1,2,neutral,0.937025249004364,logit_class_2,bert_finetune
949352,"Wow, bien por ti. Suena como mucho trabajo. ¡Estoy orgulloso de ti! ¿Este es el rojo de la construcción?",2,1,positive,0.7985873222351074,logit_class_1,bert_finetune
950636,¿Mary y su marido estarán listos para irse de luna de miel?,1,2,neutral,0.9915748238563538,logit_class_2,bert_finetune
950765,Tengo aquí en la uni se va a sentir muy extraño,0,2,neutral,0.5201847553253174,logit_class_2,bert_finetune
951468,"lusingato penso che questo significa che devo essere in collegamento con lei e la cura per lei in un modo speciale, ma d'altra parte ci si sente un po'strano ha una madre e anche se lei non vive con lei lo fa vederla regolarmente",2,0,negative,0.5162580609321594,logit_class_0,bert_finetune
951923,Ho fatto qualcosa di sbagliato?,0,2,neutral,0.9730592966079712,logit_class_2,bert_finetune
952279,"Doch! Wir hätten ihm Gerechtigkeit geben sollen, indem wir an Ansprüche ohne Verdienst geglaubt haben! Genau. Nein, nein, nein, nein, nein, nein, nein, nein, nein, nein, nein, nein, nein, nein, nein, nein, nein, nein, nein, nein, nein, nein, nein, nein, nein, nein, nein, nein, nein, nein, nein, nein, nein, nein, nein, nein, nein, nein, nein, nein, nein, nein, nein, nein, nein, nein, nein, nein, nein, nein, nein, nein, nein, nein, nein, nein, nein, nein. nein, nein, nein, nein. nein, nein, nein, nein, nein. nein, nein, nein, nein, nein, nein. nein, nein, nein, nein. nein. [NAME] hat mich vor 30 Jahren vergewaltigt! Schnappt ihn euch!",0,2,neutral,0.6017250418663025,logit_class_2,bert_finetune
952372,"Schauen Sie, wenn Sie nicht lieben mich, es ist nicht eine Sache, in Ordnung, wir Ve hatten unsere lacht, aber ich weiß nicht zu schätzen... vielleicht ist es gerade Zeit wir...",1,2,neutral,0.9055884480476379,logit_class_2,bert_finetune
952483,On devrait être contents d'avoir un nouveau héros.,2,1,positive,0.7852505445480347,logit_class_1,bert_finetune
953156,"Sí, es genial.",2,1,positive,0.5197479724884033,logit_class_1,bert_finetune
953472,Siento que necesito un tesauro ya que he estado sobreutilizando palabras como increíble hermosa gloriosa y maravillosa,2,1,positive,0.9540194272994995,logit_class_1,bert_finetune
953982,"Yes , that would be lovely .",2,1,positive,0.8627837300300598,logit_class_1,bert_finetune
954259,"Basierend auf Ihrem Beitrag, Ich möchte Ihnen eine Gehaltserhöhung. Ihr monatliches Gehalt wird um 800 Yuan erhöht. Diese Erhöhung beinhaltet eine 80 %-Verheiratung auf der Grundlage Ihrer Leistungen und die Erhöhung der Verantwortlichkeiten und dann die zusätzliche 20 %-Verteuerung wurden die Veränderungen der Lebenshaltungskosten widerspiegeln.",1,2,neutral,0.9786681532859802,logit_class_2,bert_finetune
955054,"Oh bene, entra pure, per favore.",1,2,neutral,0.8367828726768494,logit_class_2,bert_finetune
955108,im physiquement très bien reposé et en bonne santé je me sens souvent comme immaculé flottant à travers la vie éveillée,2,1,positive,0.9991175532341003,logit_class_1,bert_finetune
956016,Esto es horrible... una de mis peores pesadillas en realidad.,1,0,negative,0.724004864692688,logit_class_0,bert_finetune
956741,Great . Are there any landmarks nearby ?,2,1,positive,0.5169347524642944,logit_class_1,bert_finetune
956981,"Ich weiß schon, womit sie es zu tun haben, ich kann einfach nicht helfen, ohne sie emotional zu verletzen oder sie anzulügen.",2,0,negative,0.9176779389381409,logit_class_0,bert_finetune
958883,Excepto que [NAME] es peor,0,2,neutral,0.9738761782646179,logit_class_2,bert_finetune
959308,"Frappe sa main si elle essaie de te forcer à faire quoi que ce soit! Dis-lui de ne pas te mettre la main dessus, et de l'appliquer à chaque fois.",0,2,neutral,0.6083902716636658,logit_class_2,bert_finetune
959716,Almost two years ? Your English is very good .,1,2,neutral,0.9930577278137207,logit_class_2,bert_finetune
961525,Il me reste une autre période d'incertitude.,0,2,neutral,0.5061914324760437,logit_class_2,bert_finetune
961560,Ich fühle mich aufgeregt über gehen in den Kühlschrank und ich habe hart an der Aufrechterhaltung einer href http lifemarried,0,1,positive,0.959337592124939,logit_class_1,bert_finetune
961622,Alors allons-nous déjeuner ensemble? J'aime t'emmener cette fois.,2,1,positive,0.5580626130104065,logit_class_1,bert_finetune
962222,Anche io vado lì per un tour. E' il tuo primo viaggio in Cina?,1,2,neutral,0.972369372844696,logit_class_2,bert_finetune
962227,"Questo non e' un debito, amico! Questa e' la superbolla!",0,2,neutral,0.8750057220458984,logit_class_2,bert_finetune
963465,"Suena divertido, ¿no?",2,1,positive,0.5292776823043823,logit_class_1,bert_finetune
963677,"*La policía procede a deslizarse por la colina* *Salto rápidamente en un crucero policial, como amigo sostiene el parachoques*",0,2,neutral,0.9496381878852844,logit_class_2,bert_finetune
963766,"J'adore ça! Je suis les designers d'intérieur, natgeo, et Better Homes and Gardens lol. Ça me donne de la décoration et de la cuisson inspo! Pas de culpabilité ni de comparaison.",2,1,positive,0.8626540899276733,logit_class_1,bert_finetune
964775,"""Being asked not to rape is oppressing me""",2,0,negative,0.7183712720870972,logit_class_0,bert_finetune
965208,J'ai l'impression que certaines personnes n'ont peut-être pas aimé le look du shoot à cause de sa palette saturée contrastant rouge avec rose bleu et orange ou à cause du mélange ludique de sexy et mignon utilisant des motifs de coeur mais j'adore ça,1,0,negative,0.9764950275421143,logit_class_0,bert_finetune
965553,Wir werden da sein! Danke für die Hilfe!,2,1,positive,0.8707435131072998,logit_class_1,bert_finetune
966634,Voglio commettere da morire.,2,0,negative,0.6737203001976013,logit_class_0,bert_finetune
966970,Finora ho più di 500 collezioni.,1,2,neutral,0.9003735780715942,logit_class_2,bert_finetune
967196,i feel really strange about this,2,0,negative,0.5167110562324524,logit_class_0,bert_finetune
968246,I'm afraid of the darkness .,0,2,neutral,0.7524821162223816,logit_class_2,bert_finetune
968488,J'ai l'impression que l'œil analytique est aiguisé en disséquant les nuances et les défauts supposés des films contemporains,1,0,negative,0.5845786929130554,logit_class_0,bert_finetune
968871,"J'espère avoir le temps de visiter grand mur quand je suis ici, je veux toujours y aller, je pense que ce serait une vraie honte est venu tout le chemin à Pékin et n'a pas fait le mur, pensez-vous que j'ai une chance de le voir?",2,0,negative,0.544838011264801,logit_class_0,bert_finetune
969646,"denkend, dass ich gesehen worden war, Rauchen in der Schule von einem Lehrer wartend, zum Direktorenbüro geladen zu werden",0,2,neutral,0.5701819658279419,logit_class_2,bert_finetune
969697,"Me pasó a mí la semana pasada también con mango, las cápsulas estaban medio vacías y mojadas. manejarlos hizo que las puntas de mis dedos me dolieran después de un tiempo.",0,2,neutral,0.5215440392494202,logit_class_2,bert_finetune
970195,"C'est incroyable! Tu joues si bien, mais tu n'as jamais été chez un vrai professeur. Vous serez certainement célèbre dans un proche avenir.",2,1,positive,0.5377383828163147,logit_class_1,bert_finetune
970940,Je me sens un peu énervé par le fait que tant de gens sont si excités de lire sur les choses agenouillées et liantes et soumises,1,0,negative,0.9985097050666809,logit_class_0,bert_finetune
971043,Je ne pouvais pas être plus d'accord!,1,2,neutral,0.7343342304229736,logit_class_2,bert_finetune
971229,"Okay, machen wir weiter!",2,1,positive,0.668231189250946,logit_class_1,bert_finetune
971381,Voy todo lo que puedo. Me encanta el senderismo porque realmente se puede ponerse en contacto con la naturaleza.,2,1,positive,0.5010103583335876,logit_class_1,bert_finetune
971937,Pensé que sería totalmente engañoso decir que como un niño y creciendo con la cierta negligencia de apoyo y estrecha mente pista mis padres habían hecho este efecto cómo quería sentir y tener otros en mis relaciones se sienten emocionalmente apegados a mí,0,1,positive,0.753775954246521,logit_class_1,bert_finetune
973764,Grazie per i tuoi complimenti.,2,1,positive,0.9612532258033752,logit_class_1,bert_finetune
974159,"I swear, I don't know where the bombs are! Only the miners know that!",2,0,negative,0.8926405906677246,logit_class_0,bert_finetune
974444,Qu'est-ce qui ne va pas avec ça? La cigarette est la chose pour laquelle je deviens folle.,0,2,neutral,0.9074903130531311,logit_class_2,bert_finetune
974944,INSEGNARE UNA GIF DI NODING BASTIANO IN SODDISFAZIONE DALLA SCATOLA NELLA MIA VEINA,2,0,negative,0.9181190729141235,logit_class_0,bert_finetune
975475,Siento que ya no se preocupa por nada.,0,1,positive,0.9390746355056763,logit_class_1,bert_finetune
976760,"Ich dachte, dass der Kerl, mit dem ich seit über einem Jahr verbunden war, ging aus oder mal mit einem Highschool-Mädchen, das er behauptete, nicht zu mögen",0,1,positive,0.7409489154815674,logit_class_1,bert_finetune
977518,la intravedo quando mi sento costretto da altri anche quando le loro intenzioni sono innocenti per essere qualcosa di diverso da me stesso,1,0,negative,0.6040111780166626,logit_class_0,bert_finetune
977658,J'ai l'impression qu'ils se fient à leur pure innocence.,0,1,positive,0.9948816299438477,logit_class_1,bert_finetune
977910,J'ai l'impression d'être dans un mauvais mode de pensée salacieuse car il est si adapté pour tout ce qui est plus risque sur le site lj,1,0,negative,0.9611591696739197,logit_class_0,bert_finetune
978074,"Non fare il finto tonto, ci sono partiti politici che promuovono il liberalismo e il conservatorismo come loro principali filosofie.",0,2,neutral,0.9346181154251099,logit_class_2,bert_finetune
978827,"Non, je suis sérieux. Tu as faim? On va chercher quelque chose à manger?",1,2,neutral,0.9342469573020935,logit_class_2,bert_finetune
979471,Come mai questa non è discriminazione? Domanda seria.,0,2,neutral,0.944794237613678,logit_class_2,bert_finetune
979818,perfect !,1,2,neutral,0.5909954309463501,logit_class_2,bert_finetune
979979,"Ich denke, ich bevorzuge es zu fühlen, wie ich tatsächlich etwas besitzen, wenn ich etwas kaufe, wenn dies nicht der Fall ist, sollte ich nicht mit dem Kauf etwas direkt und gehen Sie einfach für einen Abo-Service s",0,1,positive,0.9970537424087524,logit_class_1,bert_finetune
980652,quand j'ai obtenu les résultats de l'examen à mi-parcours,0,1,positive,0.9948167204856873,logit_class_1,bert_finetune
980865,"¡Dios mío, se ve tan diferente sin un ceño o una sonrisa en su cara! Se ve realmente feliz.",2,1,positive,0.7769988179206848,logit_class_1,bert_finetune
981191,Ça te plaît? C'est de la musique irlandaise.,1,2,neutral,0.6777662634849548,logit_class_2,bert_finetune
981395,Non ero molto divertente nell'ultimo post e a causa della materia ho una sensazione che questo non sarà molto divertente sia,1,2,neutral,0.7382427453994751,logit_class_2,bert_finetune
981458,"Sì, in realtà è la mia seconda visita. Ero lì lo scorso ottobre.",1,2,neutral,0.895662248134613,logit_class_2,bert_finetune
981489,Je me sens comme l'enfer toussant toussant toussant et fou et triste tout à la fois,0,1,positive,0.9769113659858704,logit_class_1,bert_finetune
981891,Je me sens maintenant impatient d'être guéri et il n'y a pas si longtemps je faisais de mon mieux pour accepter que c'était la nouvelle normale,0,1,positive,0.5849747657775879,logit_class_1,bert_finetune
981927,I can't be the only one who's on this sub because I love it instead of being afraid,2,1,positive,0.7464694976806641,logit_class_1,bert_finetune
982163,>it is fleshy I am horrified to learn that my flesh is fleshy,2,0,negative,0.9728922843933105,logit_class_0,bert_finetune
983061,"Fantastico! Mi piacerebbe ottenere un po'meglio sconto di 6 %, ma se la vostra azienda fornisce l'assicurazione, che ci farà risparmiare qualche dollaro...",2,1,positive,0.5936470627784729,logit_class_1,bert_finetune
984403,Je ne m'en réjouis pas trop.,1,0,negative,0.5298706889152527,logit_class_0,bert_finetune
984708,J'aime le Dr [NAME] et [NAME] au 8 West Dental au centre-ville. Éditer : a appelé le Dr [NAME] le mauvais nom.,1,2,neutral,0.6287950277328491,logit_class_2,bert_finetune
985061,E' una buona idea! Quindi non devi preoccupartene.,2,1,positive,0.5727809071540833,logit_class_1,bert_finetune
986715,Tengo ganas de besarme con él ahora mismo sintiendo su pelo con mis manos sintiendo que se excita y quiero probarle su polla su boca su cuello pero en cambio él sólo se para allí con una expresión enrojecida pero ligeramente en blanco,1,0,negative,0.5007959604263306,logit_class_0,bert_finetune
986769,"Che cazzo e', Mog?!",2,0,negative,0.6847912669181824,logit_class_0,bert_finetune
986888,Then keep up the good work .,1,2,neutral,0.9790425896644592,logit_class_2,bert_finetune
986890,"als ich gebeten wurde, eine Patin zu sein",1,0,negative,0.8284841775894165,logit_class_0,bert_finetune
986919,Ich fühle vielleicht Wut Traurigkeit bereuen Reue Angst und Sehnsucht,1,0,negative,0.8579961061477661,logit_class_0,bert_finetune
987834,Grazie per la cura abbastanza per controllare i tuoi punteggi; continuare a studiare!,1,2,neutral,0.5916204452514648,logit_class_2,bert_finetune
987978,Ich liebe über Feiertage ist das Extra nicht schuldig Zeit für das Lesen,0,1,positive,0.9895999431610107,logit_class_1,bert_finetune
988250,That will be fine . I'll take it .,2,1,positive,0.5989507436752319,logit_class_1,bert_finetune
988315,ho serbato la mia lista amici a causa di questo se siete stati cancellati e sentire che ho sbagliato la relazione non esitate a salutare e inviare una e-mail,0,1,positive,0.9972510933876038,logit_class_1,bert_finetune
988947,Je n'aime pas les olympiques je me sens très peu amical esprit de voisinage de jeux qui se trouve être compétitif,1,0,negative,0.94659823179245,logit_class_0,bert_finetune
989108,"Ich dachte, ich fühlte nichts mehr es war vorbei es war in Ordnung heute eine andere Geschichte ich fühle ihn ich will ihn mein Herz schmerzt denken, er wird nicht um ich immer noch wollen ihn um ich denke, seine noch gültig",1,0,negative,0.9841320514678955,logit_class_0,bert_finetune
989740,boyfriend chatting up another girl,0,2,neutral,0.8693678975105286,logit_class_2,bert_finetune
989915,*Hey vient de remarquer..* c'est votre **10e Cakeday** comme des bigbouttons! ^(hug),2,1,positive,0.8573781251907349,logit_class_1,bert_finetune
989967,Ich konnte das seltsame Gefühl vor allem beim Trinken von Wasser spüren,0,2,neutral,0.5090811252593994,logit_class_2,bert_finetune
990660,J'ai remarqué le week-end que ma gorge me fait rire presque comme son plus petit quand je bois ou mange quelque chose qui finit par me blesser l'estomac,2,0,negative,0.9546496868133545,logit_class_0,bert_finetune
991023,Me gusta que el AC1 siga intacto. Al menos por ahora.,2,1,positive,0.8170660734176636,logit_class_1,bert_finetune
991164,Dang.. I’m none of them. :-(,0,2,neutral,0.8882547616958618,logit_class_2,bert_finetune
991197,N'en parle pas. C'était le moins que je pouvais faire.,1,2,neutral,0.8927097916603088,logit_class_2,bert_finetune
992698,Merci pour votre soutien et vos soins.,2,1,positive,0.592816948890686,logit_class_1,bert_finetune
992868,"Sehr froh, etwas über Sie wissen, dann, was werden Sie tun, wenn Sie beenden.",1,2,neutral,0.7025083899497986,logit_class_2,bert_finetune
993004,"Don't just distance yourself, BLOCK them",0,2,neutral,0.6749310493469238,logit_class_2,bert_finetune
993171,"ich hatte mich seit der Kirche tief gefühlt und erkannte dass mein Gefühl zum Teil darauf zurückzuführen war, dass ich zum Dienst suchte, um mich zu erfüllen",0,1,positive,0.8398885726928711,logit_class_1,bert_finetune
993515,[NAME] es más barato también. Si hubiéramos mantenido [NAME] habríamos tenido que extenderlo a más de $4mil.,1,2,neutral,0.9742386937141418,logit_class_2,bert_finetune
994014,"Infatti! Oh [NAME], sei dentro per una vita orribile...",0,2,neutral,0.5955241322517395,logit_class_2,bert_finetune
994183,)== Einzelnachweise == Ich hab dir Brotha besorgt. Dame sagt hallo,2,0,negative,0.6929872035980225,logit_class_0,bert_finetune
994361,"Thank you , but I really want to relax myself . I ’ m very sorry .",0,2,neutral,0.8404964208602905,logit_class_2,bert_finetune
994691,Je joue Ligue des légendes et [NAME] est mon personnage préféré c'est pourquoi mon nom a Thresh dedans :),2,1,positive,0.8976962566375732,logit_class_1,bert_finetune
995371,Mi sento particolarmente strano se esprimo detto emozioni a qualcun altro,0,2,neutral,0.5144516229629517,logit_class_2,bert_finetune
995485,J'étais censé être dans son show à la maison ce week-end aussi bien mais j'ai eu une fusion et je me sens dépassée,0,2,neutral,0.5844041109085083,logit_class_2,bert_finetune
995623,Hey this is right around the corner from where I live! The skyline viewed from those little park peninsulas along Lakeshore are definitely some of my favorite sights.,2,1,positive,0.903389573097229,logit_class_1,bert_finetune
996526,"Dieser Faden ist ein guter Indikator dafür, dass Kanada eine Menge Rassisten hat, die Reddit auch lieben.",2,1,positive,0.9044092297554016,logit_class_1,bert_finetune
996804,Non puo' essere vero.,1,2,neutral,0.9590286016464233,logit_class_2,bert_finetune
996856,i feel like i belong when i m near it which is a strange sensation for me sometimes,2,0,negative,0.5664522051811218,logit_class_0,bert_finetune
997095,Ich fühle mich ziemlich mies über alles thi,1,0,negative,0.9893239140510559,logit_class_0,bert_finetune
998660,Le fait qu'ils volent leur drone sous la pluie me donne de l'anxiété.,0,2,neutral,0.8138572573661804,logit_class_2,bert_finetune
998753,"Ma lo è! Prendete questa mattina per esempio. La metropolitana era così piena questa mattina, sono stato completamente schiacciato da circa un centinaio di pendolari impegnati sulla strada per il lavoro.",0,2,neutral,0.978232741355896,logit_class_2,bert_finetune
998933,I totally agree !,1,2,neutral,0.610716700553894,logit_class_2,bert_finetune
999408,Je ressens mes larmes et mon vide tant d'années,1,0,negative,0.9957265853881836,logit_class_0,bert_finetune
999415,"I can wait , but my toothache can't !",0,2,neutral,0.9892911314964294,logit_class_2,bert_finetune
999554,Any more comments calling me SWERF for caring about sex workers will be blocked and reported I s2g,2,0,negative,0.7456989288330078,logit_class_0,bert_finetune
1000054,"Ho leccato il succo del viso del Maestro dei maestri ogni giorno, non importa quanto sia acida...",0,2,neutral,0.9980202913284302,logit_class_2,bert_finetune
1001768,"Ich lache, damit ich nicht weine",1,0,negative,0.429584264755249,logit_class_0,bert_finetune
1001827,"Ich erinnere mich, wie es sich anfühlt, uncoole Klamotten zur Schule zu tragen",1,0,negative,0.877717912197113,logit_class_0,bert_finetune
1002809,J'ai l'impression qu'il y a parfois un danger que les entreprises ajoutent trop de choses libres et se coupent la gorge,1,0,negative,0.9032724499702454,logit_class_0,bert_finetune
1003372,Notre président et notre capitole ont appris une leçon difficile et pourront en tirer profit au cours des quatre prochaines années et adoucir la profonde fracture que cette élection a promue.,1,2,neutral,0.9269565343856812,logit_class_2,bert_finetune
1003713,je ne sais pas comment je me sens parfois j'espère mais parfois je me sens comme si j'allais avoir de mauvaises nouvelles ça dépend vraiment beaucoup de mon humeur,1,0,negative,0.9749047756195068,logit_class_0,bert_finetune
1004172,">Era profondamente e completamente insicuro, ed era patetico. Lo e' ancora. E lo e' ancora.",2,0,negative,0.5393228530883789,logit_class_0,bert_finetune
1004489,*poorly It's an adverb. Happy New Year.,1,2,neutral,0.8912708163261414,logit_class_2,bert_finetune
1004751,Des émissions de télévision. Et parfois des films. J'ai arrêté Interstellar à ce stupide discours d'amour. Je ne l'ai jamais fini.,0,2,neutral,0.8523264527320862,logit_class_2,bert_finetune
1005449,Ok. Ne prendo uno.,1,2,neutral,0.8212658166885376,logit_class_2,bert_finetune
1005591,No sé lo que me pasó. Acabo de perderlo.,0,2,neutral,0.783907413482666,logit_class_2,bert_finetune
1006257,Pareces muy enfadado. Tal vez deberías... ir a masturbarte.,0,2,neutral,0.9672759771347046,logit_class_2,bert_finetune
1006552,C'est bien ce que j'ai fait. Je pensais juste que soutenir pour faire les séries éliminatoires en quelques années était un objectif déprimantment bas.,0,2,neutral,0.9241668581962585,logit_class_2,bert_finetune
1006876,Il n'est pas trop chaud et aucun d'entre nous ne l'est et il a dit non.,1,2,neutral,0.885657548904419,logit_class_2,bert_finetune
1007207,¡Pobre gatito! ¡Puedo oír ese aullido y ver esa cara! ¡La traicionaste! * * * * * * * * * * * * * * * * * * * * * * * * * * * * * * * * * * * * * * * * * * * * * * * * * * * * * * * * * * * * * * * * * * * * * * * * * * * * * * * * * * * * * * * * * * * * * * * * * * * * * * * * * * * * * * * * * * * * * * * * * * * * * * * * * * * * * * * * * * * * * * * * * * * * * * * * * * * * * * * * * * * * * * * * * * * * * * * * * * * * * * * * * * * * * * * * * * * * * * * * * * * * * * * * * * * * * * * * * * * * * * * * * * * * * * * * * * * * * * * * * * * * * * * * * * * * * * * * * * * * * * * * * * * * * * * * * * * * * * * * * * * * * * * * * * * * * * * * * * * * * * * * * * * * * * * * * * * * * * * * * * * * * * * * * * * * * * * * * * * * * * * * * * * * * * * * * * * * * * * * * * * * * * * * * * * * * * * * * * * * * * * * * * * * * * * * * * * * * * * * * * * * * * * * * * * * * * * * * * * * * * * * * * * * * * * * * * * * * * * * * * * * * * * * * * * * * * * * * * * * * * * * * * * * * * * * * * * * * * * * * * * * * * * * * * * * * * * * * * * * * * * * * * * * * *,0,2,neutral,0.7508052587509155,logit_class_2,bert_finetune
1007862,"Estoy aquí sin ti, bebé pero aún estás en mi sola mente. Pienso en ti bebé y sueño contigo todo el tiempo. * * * * * * * * * * * * * * * * * * * * * * * * * * * * * * * * * * * * * * * * * * * * * * * * * * * * * * * * * * * * * * * * * * * * * * * * * * * * * * * * * * * * * * * * * * * * * * * * * * * * * * * * * * * * * * * * * * * * * * * * * * * * * * * * * * * * * * * * * * * * * * * * * * * * * * * * * * * * * * * * * * * * * * * * * * * * * * * * * * * * * * * * * * * * * * * * * * * * * * * * * * * * * * * * * * * * * * * * * * * * * * * * * * * * * * * * * * * * * * * * * * * * * * * * * * * * * * * * * * * * * * * * * * * * * * * * * * * * * * * * * * * * * * * * * * * * * * * * * * * * * * * * * * * * * * * * * * * * * * * * * * * * * * * * * * * * * * * * * * * * * * * * * * * * * * * * * * * * * * * * * * * * * * * * * * * * * * * * * * * * * * * * * * * * * * * * * * * * * * * * * * * * * * * * * * * * * * * * * * * * * * * * * * * * * * * * * * * * * * * * * * * * * * * * * * * * * * * * * * * * * * * * * * * * * * * * * * * * * * * * * * * * * * * * * * * * * * * * * * * * * * * * * * * * * *",0,2,neutral,0.918816089630127,logit_class_2,bert_finetune
1008031,No puedo decirte lo increíble que fue saber que estoy ayudando a un extraño total que necesita ayuda con el regalo de aceite de calefacción gratis,1,2,neutral,0.813153862953186,logit_class_2,bert_finetune
1008172,"Creo que puedes averiguar si hay una posibilidad de romance en el primer segundo de conocer a alguien, así llamado amor a primera vista.",2,1,positive,0.5314067006111145,logit_class_1,bert_finetune
1008235,"Non volevo offendere, scusa se l'ho fatto. Un credente fermo in meno vetro (telefoni) e più carne/sangue.",0,2,neutral,0.6761650443077087,logit_class_2,bert_finetune
1009052,"Du musst mich lieben, du musst mich lieben, du musst mich lieben.",0,1,positive,0.9274051785469055,logit_class_1,bert_finetune
1009126,Je sens que mon corps endolorit,0,2,neutral,0.7439768314361572,logit_class_2,bert_finetune
1009597,Me siento tan ansioso e impaciente pero sé que tomará algún tiempo,1,0,negative,0.9997082352638245,logit_class_0,bert_finetune
1010009,Davvero! Ho iniziato a pensare a quello che volevo dire tre settimane fa.,1,2,neutral,0.6030036211013794,logit_class_2,bert_finetune
1010370,They love me!,2,1,positive,0.8217051029205322,logit_class_1,bert_finetune
1010763,Je me sens débordé d'émotion quand je m'imagine dans une mission enseignant l'évangile en espagnol ayant des compagnons et apprenant à apprendre les mystères de Dieu,0,2,neutral,0.5009093880653381,logit_class_2,bert_finetune
1010984,Non ti credo.,0,2,neutral,0.9455060362815857,logit_class_2,bert_finetune
1011267,Il faut qu'on s'en aille.,1,2,neutral,0.9157034158706665,logit_class_2,bert_finetune
1011362,Ich habe immer Platz für etwas Süßes!,1,2,neutral,0.5230895280838013,logit_class_2,bert_finetune
1011527,Je pense que vous pouvez aller visiter le musée. Ça vaut le coup de voir. Vous pouvez aller sur la place une autre fois.,1,2,neutral,0.8292076587677002,logit_class_2,bert_finetune
1011908,"Bien, aquí está y tener un gran semestre!",2,1,positive,0.8528739213943481,logit_class_1,bert_finetune
1012301,Hablando de serpientes,0,2,neutral,0.7198087573051453,logit_class_2,bert_finetune
1012491,Ich bin mit Staffel 7 fast fertig. Diese Show und das Büro waren wahrscheinlich meine zwei beliebtesten Shows.,1,2,neutral,0.917326033115387,logit_class_2,bert_finetune
1012571,i feel like in some strange parallel universe louis shane nicole and sinitta actually is this shows judging panel,2,0,negative,0.5411026477813721,logit_class_0,bert_finetune
1013118,"Ich habe nicht die Energie, in Details zu gehen, aber ich war das Gefühl der Verzweiflung der menschlichen Rasse im Allgemeinen und meine Fähigkeit, mit ihnen im Besonderen umzugehen und wurden abgenutzt und deprimiert den ganzen Tag stampft über pittsburgh Hirten der Studenten",0,1,positive,0.9684232473373413,logit_class_1,bert_finetune
1013796,J'aimerais être célèbre et avoir des milliers de fans adorables.,2,1,positive,0.6726178526878357,logit_class_1,bert_finetune
1014181,J'ai un fort sentiment d'arrogance de la part d'Edward.,1,0,negative,0.9725469946861267,logit_class_0,bert_finetune
1014333,¿De qué lado estás?,1,2,neutral,0.9506463408470154,logit_class_2,bert_finetune
1014938,"Well , if you need some money to tide you over until payday , I can loan you some .",1,2,neutral,0.9623758792877197,logit_class_2,bert_finetune
1014994,"Si eso es cierto, es muy desesperado. Uno pensaría que tenía una mejor manera de comunicarse.",0,2,neutral,0.9642261862754822,logit_class_2,bert_finetune
1015529,"Ich musste das hören. Ich gebe meine gut bezahlte FT-Seele auf, um etwas Neues auszuprobieren. Wünsch mir Glück!",2,1,positive,0.9781132340431213,logit_class_1,bert_finetune
1015839,"Mira, la razón por la que vine a tu tienda es porque estaba pasando el día con Annabell y Matt. Y yo les estaba comprando regalos. Yo ’ soy el tipo de chico que le gusta comprar su camino en los corazones de los niños que son su pariente. Y sólo hay un lugar para encontrar un libro para niños en el vecindario. No siempre será así. Y era tuyo. Y es una pequeña librería encantadora. Probablemente usted vende lo que 350.000 vale la pena de libros en un año.",2,1,positive,0.936627984046936,logit_class_1,bert_finetune
1017018,Me siento abrumado con todos estos pensamientos que me acompañan,0,2,neutral,0.5302829742431641,logit_class_2,bert_finetune
1017207,Je me sens plus excitée que hésitante xdd hohoho regardant vers l'avant tmr xd cya tmr,0,1,positive,0.8585818409919739,logit_class_1,bert_finetune
1017498,I don’t like dogs so I don’t care.,0,2,neutral,0.9777677655220032,logit_class_2,bert_finetune
1017876,"Lo entiendo. Quieres encontrar un guía, ¿no?",1,2,neutral,0.9354951977729797,logit_class_2,bert_finetune
1018158,Je suis censé me sentir flatté que quelqu'un vient de m'assassiner avec un doigt.,0,1,positive,0.9561015963554382,logit_class_1,bert_finetune
1018928,Je me sens déçue par quelqu'un que j'admire et que je respecte vraiment.,1,0,negative,0.996559202671051,logit_class_0,bert_finetune
1019715,Que sean tres tazas. Aquí viene Harry.,1,2,neutral,0.993843674659729,logit_class_2,bert_finetune
1020070,Puedo decir con confianza basado en casi todas las discusiones que tengo en casa abogados es que hay una demanda ilimitada de servicios legales en cualquier negocio y el departamento legal a menudo se siente abrumado e incapaz de hacer frente a,0,2,neutral,0.5324908494949341,logit_class_2,bert_finetune
1020821,Est-ce que tu te fous de l'esprit,0,2,neutral,0.5465295910835266,logit_class_2,bert_finetune
1022748,Maybe it's more exciting not knowing .,1,2,neutral,0.5635563731193542,logit_class_2,bert_finetune
1022751,"what a strange, sad, moronic 3 day old account...",2,0,negative,0.9440852403640747,logit_class_0,bert_finetune
1023029,"¡Votar por ti, y compartir la inteligencia con mi esposa!",2,1,positive,0.8244901299476624,logit_class_1,bert_finetune
1023498,¡Hemos pasado por esto cientos de veces! ¡No vamos a conseguir una mascota!,0,2,neutral,0.9339625835418701,logit_class_2,bert_finetune
1024684,Komisch wie.,2,1,positive,0.6236401200294495,logit_class_1,bert_finetune
1024726,"Pas de cette marque, j'en ai peur.",0,2,neutral,0.6163480877876282,logit_class_2,bert_finetune
1025133,"Sure , here you are .",1,2,neutral,0.8976500630378723,logit_class_2,bert_finetune
1025153,"Ich wünschte, dass Pickel würde sich beeilen und gehen weg usw. aber ich ehrlich lieben und bin dankbar, dass ich einen Körper, der funktioniert ist mobil gesund und kann alle Lebensgefühle angenehm Amp unangenehm fühlen",1,0,negative,0.7611696124076843,logit_class_0,bert_finetune
1025220,"Dann ist ja gut. Wir werden sie bitten, ein paar rote Chilis darauf zu setzen.",2,1,positive,0.8412913084030151,logit_class_1,bert_finetune
1025842,"Okay, das werde ich. Das hast du schon oft gesagt.",1,2,neutral,0.8611862063407898,logit_class_2,bert_finetune
1026013,"Vielen Dank! Freitags... und Samstags... und Sonntags... werden alle lange dauern, lol. - Nein, nein, nein, nein, nein, nein, nein, nein, nein, nein, nein, nein, nein, nein, nein, nein, nein, nein, nein, nein, nein, nein, nein, nein, nein, nein, nein, nein, nein, nein, nein, nein, nein, nein, nein, nein, nein, nein, nein, nein, nein, nein, nein, nein, nein, nein, nein!",2,1,positive,0.6016873121261597,logit_class_1,bert_finetune
1026177,Was für ein brillantes Lächeln!,1,2,neutral,0.9309547543525696,logit_class_2,bert_finetune
1026774,J'ai peur que [NAME] abandonne une future carrière en me présentant au poste de président.,0,2,neutral,0.5837386846542358,logit_class_2,bert_finetune
1027335,Son muy divertidos de comer. Usted puede chupar todo el revestimiento de primero...,1,2,neutral,0.8699571490287781,logit_class_2,bert_finetune
1027429,Mon niveau de stress est à peu près ce qui est habituellement.,0,2,neutral,0.9660027027130127,logit_class_2,bert_finetune
1028926,Estaba pensando en ir en coche a la playa.,1,2,neutral,0.655593991279602,logit_class_2,bert_finetune
1029798,Mi sento sopraffatto come un genitore,2,0,negative,0.5349196195602417,logit_class_0,bert_finetune
1029950,"It is special , isn't it ?",1,2,neutral,0.8872044682502747,logit_class_2,bert_finetune
1030446,Because I love the snow .,2,1,positive,0.6864060163497925,logit_class_1,bert_finetune
1030727,Il me rend nerveux. Il me regarde drôlement. Et il n'achète jamais rien!,0,2,neutral,0.6744756102561951,logit_class_2,bert_finetune
1030951,"Ça ne sert à rien de se plaindre.Si on avait assez d'argent, on ne supporterait pas ça!",0,2,neutral,0.7561393976211548,logit_class_2,bert_finetune
1031118,"Ja, du auch!",1,2,neutral,0.6994764804840088,logit_class_2,bert_finetune
1031144,Gracias por el picnic también. Era la cena.,2,1,positive,0.8502757549285889,logit_class_1,bert_finetune
1031361,Ella se ve tan feliz y bien descansada,2,1,positive,0.6306840181350708,logit_class_1,bert_finetune
1031375,"Ich hatte immer das Gefühl, dass ich mich zensiert habe, um sicherzustellen, dass ich potenzielle Leser nicht beleidigt habe, indem ich etwas mit Gott verwandte",1,0,negative,0.9511076807975769,logit_class_0,bert_finetune
1031449,Regarde! Votre eau de thé coule sur.,2,1,positive,0.5214967727661133,logit_class_1,bert_finetune
1031549,"Ja, Menschen sterben in Bürgerkriegen. Stop.acting wie die [NAME] sind nur töten [NAME] während Spouting gebildet Zahlen",0,2,neutral,0.5754381418228149,logit_class_2,bert_finetune
1031872,Me siento como una perra sucia y guarra.,1,0,negative,0.9924966096878052,logit_class_0,bert_finetune
1032107,Si je refuse l'hospitalité car elle fait partie intégrante de la société et que les rôles de l'hôte et de l'invité sont très importants,0,1,positive,0.5352566838264465,logit_class_1,bert_finetune
1032447,Es klingt interessant.,1,2,neutral,0.5778101682662964,logit_class_2,bert_finetune
1033054,Now I wanna know how the hell did you stole the body of an NPC :o,0,2,neutral,0.7417877316474915,logit_class_2,bert_finetune
1033756,Puis-je apporter mon appareil photo avec moi?,1,2,neutral,0.9338617920875549,logit_class_2,bert_finetune
1034436,( En la playa ) Mi bolsa es tan pesada. Pongamos las cosas debajo del árbol.,1,2,neutral,0.6416252255439758,logit_class_2,bert_finetune
1035189,"Io uso il gruppo, ma c'e' un gruppo pronto per la guarigione? Sono in console e non credo di averlo visto.",0,2,neutral,0.9812834858894348,logit_class_2,bert_finetune
1035291,Avresti dovuto applaudire tutto il momento in cui il razzista con un personaggio razzista e' entrato in scena.,0,2,neutral,0.7547769546508789,logit_class_2,bert_finetune
1036080,"Ich glaube daran. Nun, die Vorstellung beginnt gleich. Seien wir still.",1,2,neutral,0.8853634595870972,logit_class_2,bert_finetune
1037190,No sé si sentirme halagado o aturdido o simplemente asqueado sea lo que sea va a ser resuelto finalmente porque esta es la forma en que la vida funciona gracias a Dios por eso porque todas las cosas funcionan para el bien de aquellos que aman al señor que han sido llamados de acuerdo a su propósito,2,1,positive,0.40549346804618835,logit_class_1,bert_finetune
1037391,J'ai reçu une montre-bracelet par ma première fille et après deux jours une autre fille m'a aussi donné une montre-bracelet,0,1,positive,0.9364160895347595,logit_class_1,bert_finetune
1037964,"Well , we have some special projects coming up . Would you be interested in working on any of those ?",1,2,neutral,0.9965115189552307,logit_class_2,bert_finetune
1038254,Genial. Pero no bueno impresionante.. impresionante la forma en que las bombas nucleares y los huracanes son impresionantes.,1,2,neutral,0.7168445587158203,logit_class_2,bert_finetune
1038434,"Wollen Sie damit sagen, dass ich die Schuld nicht feststellen kann, indem ich die Hautfarbe und das angespannte Lächeln einer Person sehe, Sie verdammter Rassist?",0,2,neutral,0.6103536486625671,logit_class_2,bert_finetune
1039432,Nessun dispiacere ancora cercando,2,0,negative,0.6262540221214294,logit_class_0,bert_finetune
1039472,"Oh, si'! A volte piove molto.Che ne dici di qui a Pechino?",2,1,positive,0.5600081086158752,logit_class_1,bert_finetune
1039888,My parents are always saying I am not good enough .,0,2,neutral,0.9885407090187073,logit_class_2,bert_finetune
1041058,"Bien por él, la mayoría de los chicos son como [NAME] y la llevarían de vuelta en un instante.",1,2,neutral,0.843396782875061,logit_class_2,bert_finetune
1041974,"Nun, das ist toll.",2,1,positive,0.5344082713127136,logit_class_1,bert_finetune
1042005,"Hmmm poi diventa circa la formulazione di proporre di cenare insieme, non è vero?",1,2,neutral,0.8886290192604065,logit_class_2,bert_finetune
1042620,i have had the blinders removed from my eyes and it feels so amazing,2,1,positive,0.6361234188079834,logit_class_1,bert_finetune
1042913,"Je me sens satisfait de ce que j'ai réalisé jusqu'à présent, je deviens déraisonnablement ennuyé par des choses comme des verbes irréguliers",0,1,positive,0.9995231628417969,logit_class_1,bert_finetune
1043098,Wo immer sie [NAME] und [NAME] fanden. Es ist wie ein Pool von Trotteltaschen mit unterlegenen Wut-Problemen. Beängstigend AF,2,0,negative,0.5607271790504456,logit_class_0,bert_finetune
1043166,Sento che lo show si è sbilanciato in uno strano livello di mediocrità dove la sua appena abbastanza interessante da continuare a guardare ma non abbastanza noioso da cadere,0,2,neutral,0.5329115986824036,logit_class_2,bert_finetune
1043663,"Beh, consiglio davvero la Spagna. Dovresti proprio andare. Comunque, è stato bello recuperare, ma devo andare, questo è il mio piano. Parlare di nuovo presto spero.",1,2,neutral,0.8803954720497131,logit_class_2,bert_finetune
1043922,Er liebte seine Familie und seine Landsleute und seine Freiheit.,1,2,neutral,0.8997742533683777,logit_class_2,bert_finetune
1044674,Ive just given up. Learning to become selfish.,2,0,negative,0.9959524869918823,logit_class_0,bert_finetune
1044823,I think it's just a crush . You can't be serious .,2,1,positive,0.6326565742492676,logit_class_1,bert_finetune
1045968,Ich weine nicht! Du weinst!,2,0,negative,0.8112452030181885,logit_class_0,bert_finetune
1046028,"Nicht viel, nur eine Hausparty mit einigen Freunden.",1,2,neutral,0.965335488319397,logit_class_2,bert_finetune
1047294,Guess what I've brought for you .,1,2,neutral,0.8830171227455139,logit_class_2,bert_finetune
1048802,Siento que realmente no he tenido tiempo para asustarme o sorprenderme por el hecho de que estoy a mitad de camino a través del mundo de cualquier cosa familiar,2,0,negative,0.9398380517959595,logit_class_0,bert_finetune
1048885,"Sí, sí, lo hice. ¡Por favor, entren! ¡Estoy tan contenta de que hayas venido! ¡Esta vieja casa se está desmoronando! Vamos al baño. Mira, aquí, hay agua goteando por todas partes!",2,1,positive,0.5432800054550171,logit_class_1,bert_finetune
1048949,Its hard not to lol,2,0,negative,0.7035010457038879,logit_class_0,bert_finetune
1049989,Je pouvais sentir le regard des piétons sur moi à cet échange curieux et j'ai essayé de m'échapper aussi vite que mes jambes me porteraient,1,2,neutral,0.998551070690155,logit_class_2,bert_finetune
1050494,"¿Es violación después de que ambos consintieron? Eres lo que está mal con la sociedad hoy en día, tratar de ser menos de una mierda en el futuro.",0,2,neutral,0.5606610774993896,logit_class_2,bert_finetune
1050532,Deve odiare suo padre.,0,2,neutral,0.8509217500686646,logit_class_2,bert_finetune
1050890,Injustificablemente a la facilidad de despreocupación se podría decir,1,0,negative,0.7732794880867004,logit_class_0,bert_finetune
1050957,Me siento ansioso.,1,0,negative,0.9451471567153931,logit_class_0,bert_finetune
1052345,Le mie braccia sembrano piccole solo perché le mie maniglie d'amore sono così grandi,2,1,positive,0.5258034467697144,logit_class_1,bert_finetune
1052445,Quando si parla di cultura dello stupro significano cose del genere. Perché sì è stato fuori e spazzato via e non infuriato sopra,0,2,neutral,0.9577493667602539,logit_class_2,bert_finetune
1053149,Trouver une excuse est évidemment dans votre ruelle. Et essayer d'éviter de prendre soin des enfants est ce que vous êtes bon à.,0,2,neutral,0.84092777967453,logit_class_2,bert_finetune
1053269,Shaï-Hulud! Bénissez le créateur et son eau,1,2,neutral,0.7793511748313904,logit_class_2,bert_finetune
1053775,Penso che sia disrispettoso.,1,2,neutral,0.7782258987426758,logit_class_2,bert_finetune
1053863,i just finished week of my summer vacation amp im already feeling overwhelmed frustrated exhausted major headache everyday basically i dont feel relaxed like my summer should be,0,2,neutral,0.5409457683563232,logit_class_2,bert_finetune
1054009,"Well , I just spend 15 minutes as so checking my stock bonds and booking an air ticket for my mother . Anyway , I have done all my work and it is about the time to leave .",1,2,neutral,0.9988986253738403,logit_class_2,bert_finetune
1054109,Eso es bueno. ¿Qué tipo de trabajo eléctrico hiciste?,2,1,positive,0.6016420125961304,logit_class_1,bert_finetune
1054117,"Esta habitación no es apta para humanos. Quiero otra habitación, y quiero un reembolso para esta noche.",0,2,neutral,0.9986546039581299,logit_class_2,bert_finetune
1054959,"Yes , I love my new life .",2,1,positive,0.8436455130577087,logit_class_1,bert_finetune
1055188,im désolé mais im ne se sent pas se faire casser dans l'air à plusieurs reprises et im ne pas faire confiance à ma vie à une bande de caoutchouc,1,0,negative,0.9950778484344482,logit_class_0,bert_finetune
1055338,Steigen Sie ein.,1,2,neutral,0.9502248764038086,logit_class_2,bert_finetune
1055714,"Oh, eso sería encantador. ¿ Diremos siete ’ reloj?",1,2,neutral,0.5454015731811523,logit_class_2,bert_finetune
1056352,ho sentito pressione da un sacco di aree della mia vita e ho sentito questo bisogno di aggrapparsi ai miei dispiaceri per farmi diventare una persona migliore,1,0,negative,0.9991046786308289,logit_class_0,bert_finetune
1056412,"Penso che la cosa strana sia che nessuno dei due sta sbocciando, anche se nessuno dei due è esigente.",0,2,neutral,0.5707898139953613,logit_class_2,bert_finetune
1056759,im che si occupa di forte pressione sul lavoro e sentirsi un po'sopraffatti da quando ho iniziato la mia dieta e piano di allenamento,2,0,negative,0.5222876667976379,logit_class_0,bert_finetune
1056972,También siento que no estoy abrumado por la gran magnitud de libras para perder,0,2,neutral,0.5201860666275024,logit_class_2,bert_finetune
1057480,"Oui, vous devriez parler à un avocat.",0,2,neutral,0.9988057613372803,logit_class_2,bert_finetune
1057840,"That woman gave me nightmares as a child. Also, you probably know this but she also plays [NAME] aunt in the third movie!",0,2,neutral,0.9932958483695984,logit_class_2,bert_finetune
1059154,Die Geschichte passt hier -- arrogant vergessene Kunden aus einem anderen Blickwinkel.,1,2,neutral,0.8477956056594849,logit_class_2,bert_finetune
1059289,Sento profondamente i miei tempi non così freddi,1,0,negative,0.913061261177063,logit_class_0,bert_finetune
1059387,"Oh, ja. Nein, nein, nein, nein, nein, nein, nein, nein, nein, nein, nein, nein, nein, nein, nein, nein, nein, nein, nein, nein, nein, nein, nein, nein, nein, nein, nein, nein, nein, nein, nein, nein, nein, nein, nein, nein, nein, nein, nein, nein, nein, nein, nein, nein, nein, nein, nein, nein, nein, nein, nein, nein, nein, nein, nein, nein, nein, nein, nein, nein, nein. nein, nein, nein, nein, nein. nein, nein, nein, nein, nein. nein, nein, nein. nein, nein. Ich hörte, es gäbe einen Opernfanclub. Sie werden wahrscheinlich jetzt üben. Willst du mal sehen?",1,2,neutral,0.8049553632736206,logit_class_2,bert_finetune
1059572,Mi sento sopraffatto pensando a tutto quello che ho davanti a me,2,0,negative,0.5282145738601685,logit_class_0,bert_finetune
1060793,i feel overwhelmed and fearful,0,2,neutral,0.5817427635192871,logit_class_2,bert_finetune
1061671,"Ich sage nichts über ihren Lauf, ich rede von ihrem Promo-Foto",2,1,positive,0.902441680431366,logit_class_1,bert_finetune
1061727,J'ai eu l'impression que ma tête et mon cou n'ont que des douleurs intermittentes.,1,0,negative,0.9678042531013489,logit_class_0,bert_finetune
1063608,"Hamada, c'est mon préféré",2,1,positive,0.7257962822914124,logit_class_1,bert_finetune
1063791,Fui a la escuela de verano. Me retiré de dos de mis clases el año pasado por lo que quería hacer para arriba.,2,0,negative,0.9045413732528687,logit_class_0,bert_finetune
1064094,"No way , Kate . I mean it's just not my fault .",0,2,neutral,0.9606437087059021,logit_class_2,bert_finetune
1064883,"Ich freue mich wirklich darauf, von dir wegzukommen. Weit weg von dir!",0,1,positive,0.7460748553276062,logit_class_1,bert_finetune
1065037,Creo que no dediqué suficiente tiempo a la participación en los foros de discusión.,1,2,neutral,0.812046468257904,logit_class_2,bert_finetune
1065215,"Me siento un poco avergonzada por esto, pero tengo mucha curiosidad.",2,0,negative,0.7220473289489746,logit_class_0,bert_finetune
1066506,Sí. Y no quiero volver a hacerlo.,0,2,neutral,0.8854604363441467,logit_class_2,bert_finetune
1067423,"Liebe es, wenn die Frau geht lässt es gehen Retro. Auch lieben es, wenn sie bekommt, dass der Welpe gewachst.",2,1,positive,0.7791324853897095,logit_class_1,bert_finetune
1067824,You obviously didn’t get one,0,2,neutral,0.9991859793663025,logit_class_2,bert_finetune
1067945,"Yeah , they can enjoy themselves in the day time and it is not so hot .",1,2,neutral,0.5702537894248962,logit_class_2,bert_finetune
1068194,"Lo siento por la mala analogía, la tuya es mucho mejor.",2,0,negative,0.789220929145813,logit_class_0,bert_finetune
1069931,im starting to feel a bit weird like im hardly eating any carbs but im not getting tired or being unable to do physical things where is this energy coming from,0,2,neutral,0.5567737817764282,logit_class_2,bert_finetune
1070162,Por supuesto. Una carta simple de su banco sería bastante satisfactoria.,1,2,neutral,0.9832046627998352,logit_class_2,bert_finetune
1071015,that's great . I knew you'd do a good job as a manager .,2,1,positive,0.7447202205657959,logit_class_1,bert_finetune
1071022,That was so damn cute. She looks just like [NAME] and I bet it just melts his heart to see how mature that girl is,1,2,neutral,0.7420498728752136,logit_class_2,bert_finetune
1072511,i feel emotionally overwhelmed,0,2,neutral,0.517419695854187,logit_class_2,bert_finetune
1072646,"Je me suis sentie si inspirée que je me réveille, j'ai eu l'impression de vouloir aller à Schol qui est bizarre cz j'ai eu l'habitude de me sentir dat b",0,2,neutral,0.5347825884819031,logit_class_2,bert_finetune
1072878,"Ich weiß die Überweisung zu schätzen, Doktor.",2,1,positive,0.6473382711410522,logit_class_1,bert_finetune
1073160,"C'est enfin officiel, on a [NAME]",1,2,neutral,0.8857871294021606,logit_class_2,bert_finetune
1073848,L'ho letto anche su NRK. Mi ha portato lacrime agli occhi.,0,2,neutral,0.9117099046707153,logit_class_2,bert_finetune
1073969,"Someone will actually spend their money on this too, that’s the sad part",2,0,negative,0.9291233420372009,logit_class_0,bert_finetune
1074856,Se parece a Snooki Bro.,0,2,neutral,0.8289564847946167,logit_class_2,bert_finetune
1074876,"Well , I can't make it on Friday either , but I'm free on Saturday night . What time does it start ?",1,2,neutral,0.9946755170822144,logit_class_2,bert_finetune
1075276,¡Mira! Se está aclarando.,2,1,positive,0.5458350777626038,logit_class_1,bert_finetune
1075491,"Toma una ducha hermano, puedo olerte a través de mi teléfono",2,1,positive,0.4895961880683899,logit_class_1,bert_finetune
1076722,Ce l'ho già. Grazie.,2,1,positive,0.6154309511184692,logit_class_1,bert_finetune
1076804,Et ensuite?,1,2,neutral,0.997052788734436,logit_class_2,bert_finetune
1076847,Hai davvero gli occhi agghiaccianti.,1,2,neutral,0.8466007709503174,logit_class_2,bert_finetune
1077836,"You are welcome , sir . Good-bye .",1,2,neutral,0.6193625330924988,logit_class_2,bert_finetune
1078245,"Je ne sais pas si nous en avons maintenant. Des livres de ce genre sont sur cette étagère. Eh bien, j'ai bien peur qu'on ait vendu.",0,2,neutral,0.906254231929779,logit_class_2,bert_finetune
1078776,"Yo, ah..., Tengo retraso.",0,2,neutral,0.9737536311149597,logit_class_2,bert_finetune
1079817,"No more , thank you very much .",2,1,positive,0.5694471001625061,logit_class_1,bert_finetune
1080458,Qui sait! Ça pourrait arriver plus tard.,0,2,neutral,0.7300458550453186,logit_class_2,bert_finetune
1081453,"Merci, j'ai hâte d'avoir des nouvelles de vous. Au revoir.",2,1,positive,0.8693569898605347,logit_class_1,bert_finetune
1081562,En realidad no me siento como una madre del año no estoy seguro de lo que los criterios de selección de concursos se basarán en pero lo que sea que sean estoy seguro de que no califico,1,0,negative,0.8143479228019714,logit_class_0,bert_finetune
1081888,"Me salto adelante para la claridad después de los sentimientos abrumadores iniciales me golpeó sólo para darse cuenta de que no es proporcionar ninguna claridad, pero para entonces estoy tan abrumado que todo está nadando antes de mí",2,1,positive,0.44098106026649475,logit_class_1,bert_finetune
1081975,"Je n'ai peut-être pas l'impression d'être quelqu'un d'extraordinaire, mais je ne veux jamais que quelqu'un dans ma vie remette en question mes sentiments à leur égard.",1,2,neutral,0.4730367064476013,logit_class_2,bert_finetune
1082385,Je me sens très bizarre comme si tout était surréaliste,2,0,negative,0.5027970671653748,logit_class_0,bert_finetune
1082767,Bien. Estaré libre mañana por la tarde. Tomaré un taxi para llegar allí.,1,2,neutral,0.62848299741745,logit_class_2,bert_finetune
1083713,No puedo seguir sintiéndome así por más tiempo.,0,1,positive,0.9162153005599976,logit_class_1,bert_finetune
1083882,Comment oses-tu manquer de respect à mon fils?,2,0,negative,0.962028980255127,logit_class_0,bert_finetune
1085040,Odio sentirme aturdido.,0,2,neutral,0.5798863172531128,logit_class_2,bert_finetune
1085313,"Ich werde versuchen, verletzlich transparent zwischenpersönlich usw. mit ihr zu fühlen, wie sie möchte, dass ich",0,1,positive,0.9952604174613953,logit_class_1,bert_finetune
1086570,"Gracias, Sr. Janus. Por supuesto que confío en ti, pero las regulaciones son las regulaciones.",1,2,neutral,0.7206981778144836,logit_class_2,bert_finetune
1086617,Esto fue increíble.,2,1,positive,0.7050492763519287,logit_class_1,bert_finetune
1086837,"Buenos días, Bob. ¡Qué gusto verte aquí!",2,1,positive,0.7200691103935242,logit_class_1,bert_finetune
1086873,"Non, non, non, non. Je suis juste en train de naviguer. Merci quand même.",1,2,neutral,0.5694270730018616,logit_class_2,bert_finetune
1087122,Sembra meraviglioso.,2,1,positive,0.8343694806098938,logit_class_1,bert_finetune
1088030,Penso che i miei genitori sarebbero dei buoni manifestanti se prestassero davvero attenzione alle notizie.,1,2,neutral,0.7574013471603394,logit_class_2,bert_finetune
1089462,Devo ammettere che anche se è bello a volte fare ciò che si desidera sentimenti di solitudine e desiderio soprattutto per il bambino che non ho visto per settimane ora sono spiacevoli,1,0,negative,0.8031406402587891,logit_class_0,bert_finetune
1090202,J'espère renverser mon manque de concentration et blesser les sentiments aussi petits et futiles qu'ils pourraient être en quelque chose de positif.,0,1,positive,0.82559734582901,logit_class_1,bert_finetune
1091024,"Die Dinge laufen super! Es ist lustig, dich so zu treffen. Riecht gut, erst letzte Woche bin ich Matt auch begegnet.",2,1,positive,0.9674426317214966,logit_class_1,bert_finetune
1091188,"Sie sind Analogien sind schrecklich und beweisen das Gegenteil von dem, was Sie argumentiert haben, Taubkopf.    ..................................................................................................................................................................................................................................................",0,2,neutral,0.5192348957061768,logit_class_2,bert_finetune
1091450,Estaba tocando su cabello sintiendo cómo se me pasó por los dedos dejando extraños sentimientos de hormigueo que no podía parar,0,2,neutral,0.5511256456375122,logit_class_2,bert_finetune
1091800,A volte mi sento come questa roba può essere la vita reale.,2,1,positive,0.6630579829216003,logit_class_1,bert_finetune
1092050,"Oui. Oh, c'est toi, Linda. Je ne vous ai pas vu depuis longtemps.Eh bien, entrez et asseyez-vous.Que diriez-vous de boire quelque chose?",1,2,neutral,0.7202449440956116,logit_class_2,bert_finetune
1092694,No me importa lo tonto que me veo cuando uso zapatos negros con mis pantalones de vestir para mi milla y media a pie para trabajar,1,0,negative,0.9957630634307861,logit_class_0,bert_finetune
1093796,"Sí verdad, es una mierda que el modo de teatro no funciona su roto como el infierno en este juego",0,2,neutral,0.5195702910423279,logit_class_2,bert_finetune
1093889,"Yikes. - Nein, nein, nein, nein, nein, nein, nein, nein, nein, nein, nein, nein, nein, nein, nein, nein, nein, nein, nein, nein, nein, nein, nein, nein, nein, nein, nein, nein, nein, nein, nein, nein, nein, nein, nein, nein, nein, nein, nein, nein, nein, nein, nein, nein, nein, nein, nein, nein, nein, nein, nein, nein, nein, nein, nein, nein, nein, nein, nein, nein, nein, nein, nein, nein, nein. nein, nein, nein, nein, nein, nein. nein, nein, nein, nein, nein. nein, nein, nein. nein. Das hört sich schrecklich an.",0,2,neutral,0.895457923412323,logit_class_2,bert_finetune
1094368,C'est Jack! Tu veux voir une photo de mon nouveau chiot?,1,2,neutral,0.8625806570053101,logit_class_2,bert_finetune
1094482,"Ich dachte, ich könnte all die nervösen Angstgefühle vertuschen, indem ich allen erzähle, wie aufgeregt ich für diese neue große Veränderung war.",1,0,negative,0.795697033405304,logit_class_0,bert_finetune
1095496,"Poor cat got his ass kicked by a crab, rope and broom.",0,2,neutral,0.52362060546875,logit_class_2,bert_finetune
1096049,"Ich habe das Gefühl vermisst, als hätte ich dazu beigetragen, uns zu unterstützen und ich habe es verpasst, meinen Mann zu behandeln.",1,0,negative,0.7713767290115356,logit_class_0,bert_finetune
1096756,¡Me siguió todo el camino a casa!,0,2,neutral,0.6874759197235107,logit_class_2,bert_finetune
1097645,Ich fühle mich überwältigt ich will rausgehen und einfach laufen,0,2,neutral,0.50133216381073,logit_class_2,bert_finetune
1099036,No tuve que estar allí para sentir remordimiento o simpatía por aquellos que han perdido seres queridos o por aquellos que perdieron sus vidas ni tuve que perder a alguien allí.,1,0,negative,0.9841715693473816,logit_class_0,bert_finetune
1099137,"Je sais que tous les boulots qui pourraient en valoir la peine seront là à New York, mais c'est comme pourquoi je me suis refait ça.",1,0,negative,0.6673717498779297,logit_class_0,bert_finetune
1099279,ich fühle mich wirklich betäubt winfrey erzählte ein erschreckt aussehen frey wer leckte seine Lippen oft vor sprechen,0,2,neutral,0.9605897068977356,logit_class_2,bert_finetune
1099299,ive a eu une mini-attaque de panique le premier jour complet où le bébé était à la maison je me sentais tellement débordé et sans soutien que j'ai commencé à flipper,0,2,neutral,0.5405429601669312,logit_class_2,bert_finetune
1099388,Voici la piscine et nous pouvons nager plus tard.,1,2,neutral,0.9667232036590576,logit_class_2,bert_finetune
1099656,Je trouve regrettable que nous nous sentions obligés de nous tenir sous nos parapluies de sécurité que nous connaissons comme étant de routine.,0,1,positive,0.5760202407836914,logit_class_1,bert_finetune
1099663,Mi sento come se fossi parte di questo miracolo incredibile,1,2,neutral,0.5783348083496094,logit_class_2,bert_finetune
1099827,Non mi sento più come chiunque altro può fare o rompere i miei obiettivi di salute e che si sente incredibile,1,2,neutral,0.5018163919448853,logit_class_2,bert_finetune
1099872,No importa. Hay un auténtico restaurante degustación de la olla caliente no lejos de las Torres del Comercio Mundial de China en Chang An Street. ¿Has estado allí?,1,2,neutral,0.6926852464675903,logit_class_2,bert_finetune
1100075,"Esattamente, giusto? E' stato allora che ho pensato che fosse davvero orribile.",0,2,neutral,0.7805419564247131,logit_class_2,bert_finetune
1101397,Ok! Andiamo.,1,2,neutral,0.5298209190368652,logit_class_2,bert_finetune
1102150,Un alboroto sería una escalada de su comportamiento y si empieza a acosarme en la vida real o a amenazarme.,2,0,negative,0.7371262907981873,logit_class_0,bert_finetune
1103255,Il tasso del miele non gliene frega un cazzo!,0,2,neutral,0.6307901740074158,logit_class_2,bert_finetune
1103398,Pas mal. Quel genre de film a - t - il produit depuis le début jusqu'au milieu des années 30?,1,2,neutral,0.9892295002937317,logit_class_2,bert_finetune
1103682,"Les photos de bébé, putain de merde, il y a tellement de photos de bébé maintenant.",2,0,negative,0.5750321745872498,logit_class_0,bert_finetune
1104700,"No estoy en desacuerdo, pero si está abierto va a disparar",0,2,neutral,0.9605982899665833,logit_class_2,bert_finetune
1105194,Te confesaré que he tenido momentos de sentirse abrumado y mal admitiré ser un poco melancólico,2,0,negative,0.5914275050163269,logit_class_0,bert_finetune
1105704,"No es un hombre poco atractivo, va a necesitar cirugía plástica real para arreglar eso.",0,2,neutral,0.9958401918411255,logit_class_2,bert_finetune
1106493,he estado en mi propia pequeña esquina luchando sintiéndose abrumado y preparado para el trabajo que estoy haciendo o falta allí porque me siento como si estoy constantemente jugando ponerse al día y sólo capaz de la mitad de hacer todo lo que en mi lista para hacer,0,2,neutral,0.5228673815727234,logit_class_2,bert_finetune
1107478,"Ich fühlte mich überwältigt, gelinde gesagt",0,2,neutral,0.5043047070503235,logit_class_2,bert_finetune
1107982,"Ça me rappelle des costumes. (À l'heure actuelle, on est sur le point de commencer la quatrième saison.)",2,1,positive,0.5077795386314392,logit_class_1,bert_finetune
1107996,"Das ist in Ordnung, solange der kreative Regisseur noch da ist... Obwohl das Talent wird vermisst werden",1,2,neutral,0.9697898030281067,logit_class_2,bert_finetune
1108080,Exactement? C'est là que je pensais qu'elle était vraiment horrible.,0,2,neutral,0.7871760129928589,logit_class_2,bert_finetune
1108519,i had been feeling weird all week moody and annoyed,0,2,neutral,0.5596216917037964,logit_class_2,bert_finetune
1108721,Sono solo arrabbiata perche' la direzione non riesce a vedere dietro le sue semplici bugie.,2,0,negative,0.7233158349990845,logit_class_0,bert_finetune
1109178,"No, por lo menos hoy no. Disfrute de su visita a los Estados Unidos, señor. Lee.",2,1,positive,0.8174061179161072,logit_class_1,bert_finetune
1110447,"Ganz neue Coaching-Philosophie ist erforderlich. Genug verschwendete Besitztümer, umkämpfte iso Mittelklasse-Pullover mit 15 Sekunden auf der Schussuhr und schreckliche 3pt Verteidigung.",0,2,neutral,0.9352830648422241,logit_class_2,bert_finetune
1110488,Allora ci vediamo domani.,1,2,neutral,0.5289479494094849,logit_class_2,bert_finetune
1110717,Yeah keep filming your kid kicking a dog in the face. I'm suprised this isn't on r/funny,1,2,neutral,0.9913504123687744,logit_class_2,bert_finetune
1111327,"LA n'est pas une équipe de gommage, une victoire ici pourrait vraiment nous booster.",2,1,positive,0.6711523532867432,logit_class_1,bert_finetune
1111557,La beauté coûte cher! Que pensez-vous de cette robe? Tu crois que ça me va?,2,1,positive,0.5129358172416687,logit_class_1,bert_finetune
1111561,"Dis ce que tu veux de moi, je peux le prendre... mais arrête de calomnier le pauvre sans défense...",0,2,neutral,0.9097167253494263,logit_class_2,bert_finetune
1111917,ich fühle mich wie ich möchte mehr Zeit nehmen und mehr Mühe in meine Fotos und tun ein macht mich zu schnell fühlen,0,1,positive,0.9867746829986572,logit_class_1,bert_finetune
1112037,[NAME] malditos comionistas,0,2,neutral,0.6123576164245605,logit_class_2,bert_finetune
1112536,"Ich fühlte mich sehr seltsam darüber, Jason von meiner Verknallung in ihn zu erzählen.",0,2,neutral,0.509138286113739,logit_class_2,bert_finetune
1112546,"Ich bin menschlich, so wie sie und ich Schmerz und Schmerz und Frustration sowie fühlen",0,1,positive,0.6174620389938354,logit_class_1,bert_finetune
1112846,i think i only feel weird about my situation because im not in utah anymore,0,2,neutral,0.5111757516860962,logit_class_2,bert_finetune
1113220,La mejor hija que un padre podría pedir.,1,2,neutral,0.9744500517845154,logit_class_2,bert_finetune
1113443,"On m'a donné un coup de pied, et apparemment, je ne me soucie plus de partager sur Reddit à ce sujet.",0,2,neutral,0.9452807903289795,logit_class_2,bert_finetune
1113578,What about some drink ?,1,2,neutral,0.9850192070007324,logit_class_2,bert_finetune
1113709,Me encanta la sensación de ver una película y no estar seguro exactamente donde he visto a un actor antes y me encanta aún más la sensación de finalmente darse cuenta de quién es ese actor,1,0,negative,0.7597540616989136,logit_class_0,bert_finetune
1113811,J'ai coupé ma dose en deux aujourd'hui et je me sens beaucoup plus hyper qu'agité donc ça fait du bien,0,1,positive,0.8964343667030334,logit_class_1,bert_finetune
1114527,That's a good choice . How do you want to pay for it ?,1,2,neutral,0.5712963938713074,logit_class_2,bert_finetune
1114810,Je ne voulais pas ressentir la douleur de perdre quelqu'un d'amour inconditionnel,1,0,negative,0.6215595602989197,logit_class_0,bert_finetune
1115346,J'avais peur que vous pensiez que c'était trop loin pour conduire.,2,0,negative,0.9472222924232483,logit_class_0,bert_finetune
1115347,Je sais ce que c'est de ne pas être aimé par la personne que tu aimes et je ne veux pas laisser les autres souffrir aussi.,1,0,negative,0.9951926469802856,logit_class_0,bert_finetune
1115821,He loved his family and his countrymen and his freedom .,1,2,neutral,0.8483411073684692,logit_class_2,bert_finetune
1115923,"dude, thats grave danger for sure. thats terrifying. he was a predator for young men interested in sports cars. luring in for diabolic purposes!!",2,0,negative,0.7950253486633301,logit_class_0,bert_finetune
1116555,No. Li ho registrati dai tuoi Cd.,2,1,positive,0.7222642302513123,logit_class_1,bert_finetune
1116655,Me siento raro en este momento no sé si es tristeza o algo más,0,2,neutral,0.574995219707489,logit_class_2,bert_finetune
1116828,Hay un nuevo restaurante que se abrirá en la ciudad el próximo mes.,1,2,neutral,0.8652435541152954,logit_class_2,bert_finetune
1117272,Sei eccellente.,2,1,positive,0.736785888671875,logit_class_1,bert_finetune
1117496,i feel uglier and more strange deformed and awkward looking than i had already felt,2,0,negative,0.7060308456420898,logit_class_0,bert_finetune
1118453,J'ai un spasme de nausées et de vertiges.,2,0,negative,0.9100453853607178,logit_class_0,bert_finetune
1118686,"Wer denn? Der eine Kerl, der in der Wüste gestrandet ist und sein Leben schon hasst...",2,0,negative,0.5389783382415771,logit_class_0,bert_finetune
1118939,"Ich fühle, aber die schockierenden Momente sicher wettgemacht für das",1,2,neutral,0.9238322973251343,logit_class_2,bert_finetune
1118953,"No problem , sir . But it will cost you extra .",1,2,neutral,0.8831707239151001,logit_class_2,bert_finetune
1119482,"Un autre endroit où le Canada gagne. C'est dingue. En gros, il n'y a pas de surveillance de la médecine alternative ici. Caveat emptor, je suppose.",1,2,neutral,0.9968337416648865,logit_class_2,bert_finetune
1119840,Ho avuto una sensazione più palpabile di essere lì in qualche modo strano di nuovo quella sensazione della mia anima che salta fuori dal mio corpo a quelle altezze terribili,2,0,negative,0.5832571387290955,logit_class_0,bert_finetune
1120444,"Ich konnte meine Reizbarkeit nach der Tatsache, dass mein Wunsch nach Auflösung verständlich Bedeutung Eigentum zu spüren",0,1,positive,0.9978435039520264,logit_class_1,bert_finetune
1120523,"It will be expensive , but we think it will be worth .",1,2,neutral,0.9192811846733093,logit_class_2,bert_finetune
1121151,"J'ai l'impression qu'il est incroyable et qu'il se débrouille bien et que d'autres jours, j'ai l'impression d'être constamment après lui pour avoir séparé la maison.",1,2,neutral,0.5007821917533875,logit_class_2,bert_finetune
1121160,Man being unattractive in appearance has pretty much taken any joy out of my life,1,0,negative,0.7387758493423462,logit_class_0,bert_finetune
1121196,"ich erinnere mich, dass ich in der folgenden Woche am Strand herumwanderte und diese seltsame Traurigkeit fühlte",2,0,negative,0.5434107780456543,logit_class_0,bert_finetune
1121427,¡Todavía me gusta mi camiseta de bowl profesional de Casey Hampton!¡¡¡¡¡¡¡¡¡¡¡¡¡¡¡¡¡¡¡¡¡¡¡¡¡¡¡¡¡¡¡¡¡¡¡¡¡¡¡¡¡¡¡¡¡¡¡¡¡¡¡¡,2,1,positive,0.7916051149368286,logit_class_1,bert_finetune
1121441,Mi aspettavo che il commento in cima fosse il copypasta. Felice di vedere che non era il caso.,2,1,positive,0.9101502299308777,logit_class_1,bert_finetune
1121610,"Gracias, señor. ¿Podría firmar el vale aquí, por favor?",1,2,neutral,0.9339141249656677,logit_class_2,bert_finetune
1121698,Come ho detto per favore buona giornata!,1,2,neutral,0.7698251605033875,logit_class_2,bert_finetune
1121732,"Hell , I don't care . Just don'T submit a report to your insurancecompany .",2,0,negative,0.53111732006073,logit_class_0,bert_finetune
1122817,¿Por qué el fuuuhhh,0,2,neutral,0.7399160265922546,logit_class_2,bert_finetune
1122828,Il y a neuf cafards dans ma chambre. Je n'ai pas le temps pour ton incrédulité!,0,2,neutral,0.763547956943512,logit_class_2,bert_finetune
1123228,"Je m'assieds les jambes comme si elles bougeaient constamment parce qu'elles faisaient mal et quand je marche, elles ont l'impression qu'elles rayonnent de douleur.",0,1,positive,0.9935823082923889,logit_class_1,bert_finetune
1123357,Das ist eine bessere Liebesgeschichte als Twilight!,1,2,neutral,0.5225916504859924,logit_class_2,bert_finetune
1123373,Mi chiedo sempre se dovrei sentirmi un po'strano che la maggior parte della mia lettura viene dalla sezione bambini giovani adulti,2,0,negative,0.5027178525924683,logit_class_0,bert_finetune
1124698,Je me sens immédiatement docile et obéissante.,0,1,positive,0.9778264760971069,logit_class_1,bert_finetune
1124706,Mi sento come se dovessi unirmi a un'università quasi tanto per incontrare persone sole ma intelligenti quanto per studiare e andare avanti nella vita,0,1,positive,0.9986458420753479,logit_class_1,bert_finetune
1125805,Cosi' nervosa e disperata.,0,2,neutral,0.8020763993263245,logit_class_2,bert_finetune
1126005,Stasera alle sette.,2,1,positive,0.5584381222724915,logit_class_1,bert_finetune
1126039,i am feeling much like the guy in the pic above a little overwhelmed and starved for time but very delighted to be making new work and preparing my little florida bungalow for thanksgiving guests this weekend,2,0,negative,0.5016780495643616,logit_class_0,bert_finetune
1126405,I really love how rain clears the air .,2,1,positive,0.8967220783233643,logit_class_1,bert_finetune
1127099,Non ho amici.,0,2,neutral,0.9227132201194763,logit_class_2,bert_finetune
1127386,Speriamo che lo sia.,1,2,neutral,0.7129530310630798,logit_class_2,bert_finetune
1128892,Io sono stato fallito inglese e sono insegnante senza colpa nemmeno frum Inghilterra,2,0,negative,0.8783044815063477,logit_class_0,bert_finetune
1129591,2010: L'année où nous avons fait le Super Bowl,2,1,positive,0.6000224351882935,logit_class_1,bert_finetune
1129798,Sembri divertente.,2,1,positive,0.7037531137466431,logit_class_1,bert_finetune
1130456,Mi è piaciuto fare qualcosa che sento è uno sfogo molto importante per me per digerire tutte le cose intorno a me,1,0,negative,0.5779733657836914,logit_class_0,bert_finetune
1130463,Gehen wir raus und schauen uns das an.,1,2,neutral,0.9687424302101135,logit_class_2,bert_finetune
1130468,C'est lent. Dépêchez-vous! Le bus va de vingt à huit heures.,0,2,neutral,0.9096210598945618,logit_class_2,bert_finetune
1130633,"Ich liebe meine Red Wings, weil sie unglaublich stilvoll sind und ich immer noch das Gefühl habe, ich könnte ein Dreckloch in jemandes Arsch stampfen",1,0,negative,0.8988393545150757,logit_class_0,bert_finetune
1130980,Anch'io. Quel film mi ha portato lacrime agli occhi.,1,2,neutral,0.5004811882972717,logit_class_2,bert_finetune
1131033,when i applied for a job which i thought i had a good chance of getting,0,1,positive,0.8542563915252686,logit_class_1,bert_finetune
1132106,im pronto a prendere la settimana prossima con intensità e andare nella stagione delle vacanze sensazione ancora più sorprendente che ho fatto l'anno scorso,2,1,positive,0.5158707499504089,logit_class_1,bert_finetune
1132190,"The vagoo has been stretched over the bike, it allows for a comfortable and pleasurable ride, pretty innovative and cleaver way to operate a locomotive.",2,1,positive,0.8995266556739807,logit_class_1,bert_finetune
1132619,"Maintenant, vous devez monter à bord de l'avion.Nous sommes désolés que nous n'avons pas fait beaucoup pour vous aider lorsque vous êtes resté en Chine.",1,2,neutral,0.9872187376022339,logit_class_2,bert_finetune
1133282,"Sie ist wirklich hübsch, nicht wahr? Ihre Haut sieht so babyglatt aus!",2,1,positive,0.532024621963501,logit_class_1,bert_finetune
1133449,C'est ça? Merci beaucoup.,1,2,neutral,0.649874746799469,logit_class_2,bert_finetune
1133590,C'est un idiot.,0,2,neutral,0.8795439004898071,logit_class_2,bert_finetune
1134423,"Das ist eine gute Idee. Aber vielleicht sollten wir das Auto bewegen, damit der Hagel ihn nicht befällt.",2,1,positive,0.5127326846122742,logit_class_1,bert_finetune
1134930,Me gusta cómo la última foto es de [NAME] radiante sonrisa y ni siquiera tanto sobre el tatuaje en absoluto.,1,2,neutral,0.6076306700706482,logit_class_2,bert_finetune
1135349,"Quería llevarlo a un lugar más duro y oscuro, pero ahora que ese viaje que he hecho ha tenido éxito, siento que el próximo puede llevarlo a un lugar un poco más gracioso de nuevo.",1,2,neutral,0.555444061756134,logit_class_2,bert_finetune
1135517,"Es gibt kein heißes Wasser, und das Gebäude fällt auseinander!",0,2,neutral,0.6022193431854248,logit_class_2,bert_finetune
1137147,"Trova un nuovo dottore. Se non è disposto a curare le persone a causa dell'affiliazione politica, allora è un medico orribile e una persona ancora peggiore.",0,2,neutral,0.7070961594581604,logit_class_2,bert_finetune
1137641,"Beh, metto l'orologio alle quattro. Grazie.",1,2,neutral,0.7510373592376709,logit_class_2,bert_finetune
1138228,"Mi piace giocare come un bravo ragazzo' ** Lassoes qualcuno e li dà in pasto ad alcuni coccodrilli per insultare il mio senso della moda.Ehi, ehi, ehi, ehi, ehi, ehi, ehi, ehi, ehi, ehi, ehi, ehi, ehi, ehi, ehi, ehi, ehi, ehi, ehi, ehi, ehi!",2,1,positive,0.5160230398178101,logit_class_1,bert_finetune
1138529,Allora va bene con il mio maglione?,1,2,neutral,0.9603018164634705,logit_class_2,bert_finetune
1138796,J'ai l'impression que ma maison est des monicas qui font référence au personnage d'amis dans le placard.,0,1,positive,0.8042363524436951,logit_class_1,bert_finetune
1139873,"Dieses Haus ist sehr schön für mich, aber ich kann es mir in einer Pauschale leisten.",0,1,positive,0.608373761177063,logit_class_1,bert_finetune
1140440,J'ai l'impression d'être débordée.,0,2,neutral,0.5136289596557617,logit_class_2,bert_finetune
1141096,Pas de regrets.,1,2,neutral,0.8428953886032104,logit_class_2,bert_finetune
1141399,just breathe deeply when you feel yourself getting upset .,2,1,positive,0.5146710872650146,logit_class_1,bert_finetune
1141547,Ne t'inquiète pas. Je vais construire votre pont avec un look simple mais classique.,1,2,neutral,0.6421183347702026,logit_class_2,bert_finetune
1142053,Diventerai la stessa cosa che hai giurato di distruggere.,0,2,neutral,0.6731858849525452,logit_class_2,bert_finetune
1142258,J'essaie de surmonter mes problèmes et j'ai confiance en moi. Il m'a traînée.,1,2,neutral,0.5869817733764648,logit_class_2,bert_finetune
1142774,"Mamá, esto es para ti.",1,2,neutral,0.7922415733337402,logit_class_2,bert_finetune
1143362,ich kam weg und fühlte mich aufgeregt,1,0,negative,0.8873076438903809,logit_class_0,bert_finetune
1144264,Lol tal vez no lo es pero creo que mi punto sigue en pie,1,2,neutral,0.9922958612442017,logit_class_2,bert_finetune
1145291,Recibí una carta de unos amigos.,0,1,positive,0.9895842671394348,logit_class_1,bert_finetune
1145514,No me siento seguro de decir lo que los libros he leído lo que mi política es lo que mis pensamientos sobre las mujeres en la iglesia son cómo veo la predestinación y dios etc etc,1,0,negative,0.548019528388977,logit_class_0,bert_finetune
1146230,Divertente detto dalla festa che e' la numero uno nell'uccidere i bambini.,0,1,positive,0.5263911485671997,logit_class_1,bert_finetune
1148099,On dirait qu'Hitreg en général est plutôt pauvre ces derniers temps.,0,2,neutral,0.7010789513587952,logit_class_2,bert_finetune
1148446,"Como dijo la operación, [NAME] es más un dador, así que creo que [NAME] sería feliz mientras [NAME] sería feliz",1,2,neutral,0.6347731947898865,logit_class_2,bert_finetune
1148961,Je me suis dit que je dépensais de l'argent pour les cours et que je voulais aller à quelque chose qui me laisse me sentir pompé au lieu d'irriter.,0,1,positive,0.6696534752845764,logit_class_1,bert_finetune
1149176,Je me sens très appelé au mariage et je suis si impatient d'attendre un mari,0,1,positive,0.8704026341438293,logit_class_1,bert_finetune
1149480,I don't know whether we are in a dream .,1,2,neutral,0.9883086681365967,logit_class_2,bert_finetune
1149832,Mi sento imbottigliato come un fantasma e bisognoso di esorcismo come amato,1,0,negative,0.9959962368011475,logit_class_0,bert_finetune
1150228,Das ist eine gute Idee. Wann hast du es gekauft? Ist es eine Namensmarke?,1,2,neutral,0.6009004712104797,logit_class_2,bert_finetune
1151613,Je n'aime pas vraiment son enfant non plus.,1,2,neutral,0.6583051085472107,logit_class_2,bert_finetune
1152376,Je veux dire aller dans une série de rencontres quand tu as une petite amie quand même,2,0,negative,0.5885927677154541,logit_class_0,bert_finetune
1154059,Natürlich. Bitte sehr.,1,2,neutral,0.7227185964584351,logit_class_2,bert_finetune
1154761,Riesco a sentire le pressioni delle persone e non ci occhi gentili,0,1,positive,0.7992330193519592,logit_class_1,bert_finetune
1155134,Je n'ai pas aimé la fin de la famille mais j'ai aimé la fin de l'Atlantide surtout que nous savons que nous allons en voir plus dans DLC2.,2,1,positive,0.8915233612060547,logit_class_1,bert_finetune
1155279,Me siento tan raro en esmalte de uñas brillante,0,2,neutral,0.5530062913894653,logit_class_2,bert_finetune
1155444,J'ai l'impression d'avoir une conversation avec les intervieweurs.,1,2,neutral,0.6225086450576782,logit_class_2,bert_finetune
1155760,Omg [NAME] est si mignon dans ce style d'art,1,2,neutral,0.6873690485954285,logit_class_2,bert_finetune
1156018,Okay . Please take some fruit salad and crackers for me .,1,2,neutral,0.9726294279098511,logit_class_2,bert_finetune
1157543,Die einsamen Ranger,2,0,negative,0.8409183025360107,logit_class_0,bert_finetune
1157567,"Je pense habituellement en termes de tissu et de couleur, donc ça a du sens que mes sentiments ressemblent à un tas de tissu de luxe pour moi.",0,1,positive,0.9883124232292175,logit_class_1,bert_finetune
1158142,el mismo hecho sobre la niña años,0,2,neutral,0.5016639828681946,logit_class_2,bert_finetune
1158181,"Oui, et être amical et avoir une bonne attitude m'aident aussi à me détendre.",2,1,positive,0.5733706951141357,logit_class_1,bert_finetune
1158654,"Pas sûr, mais si oui, c'est malheureux. J'ai vraiment aimé leur bombe à fromage plat profond. =[***************************************************************************************************************************************************************************************************************************.************************************************************************************************************************************************************************************************************************************************************************************************",1,2,neutral,0.5377311706542969,logit_class_2,bert_finetune
1158721,Je suis une personne qui a peur mais les gens pensent que j'ai l'air sans peur,0,1,positive,0.9761282205581665,logit_class_1,bert_finetune
1159196,"Ho anche portato una bottiglia d'acqua e alcune provviste. Se hai fame, puoi farmelo sapere.",1,2,neutral,0.869545578956604,logit_class_2,bert_finetune
1159504,"Je ne pense pas qu'ils aient raison. J'ai fait de mon mieux et ça suffit. Il est injuste qu'ils disent toujours ces choses. Parfois, je me sens même profondément blessé.",0,2,neutral,0.8621354103088379,logit_class_2,bert_finetune
1159915,Non pensate che questi festival siano più interessanti!,1,2,neutral,0.8694257140159607,logit_class_2,bert_finetune
1160274,"Ouais, c'est très drôle. Tu l'as déjà regardé?",2,1,positive,0.5463439226150513,logit_class_1,bert_finetune
1160452,No recomendaría marcas caras en este subreddit. La gente se enoja irracionalmente y condescendiente.,0,2,neutral,0.5850303769111633,logit_class_2,bert_finetune
1160530,"It's strange i don't understand how work reddit, i drop a link when i create a post but it doesn't work",0,2,neutral,0.9953627586364746,logit_class_2,bert_finetune
1161807,Non mi piacciono le olimpiadi mi sento Theres molto poco amichevole vicino spirito di giochi che capita di essere competitivi,1,0,negative,0.9999103546142578,logit_class_0,bert_finetune
1163315,¿Estarías interesado en unirte a mí?,1,2,neutral,0.7902076244354248,logit_class_2,bert_finetune
1164316,*Je vous maudis à une éternité de marcher pieds nus sur un monde de Lego!*,0,2,neutral,0.5732133984565735,logit_class_2,bert_finetune
1164712,"Das kann ich nicht schlagen! Danke, dass du Buchhalter bist!",1,2,neutral,0.6148965358734131,logit_class_2,bert_finetune
1165030,Je n'ai pas choisi de me laisser comme si je ne faisais pas assez de b faire ce que je fais mal c pas aimé par les gens qui travaillent étroitement avec d être délibérément laissé hors de la boucle e ne pas faire un bon travail,1,0,negative,0.9678494930267334,logit_class_0,bert_finetune
1165077,Ich fühlte mich von meinen Kindern überwältigt,2,0,negative,0.5052086710929871,logit_class_0,bert_finetune
1165142,"Certo, una promessa è una promessa.",1,2,neutral,0.8486140966415405,logit_class_2,bert_finetune
1165749,I genitori dovrebbero almeno monitorare l'attività dei bambini o mettere un blocco adulto sui siti web,0,2,neutral,0.9976069927215576,logit_class_2,bert_finetune
1166018,"Scusa, era stato esaurito.",0,2,neutral,0.6202499270439148,logit_class_2,bert_finetune
1166325,Mi dispiace per Jamie Lynn e la sua situazione dice Cysouw che l'ha sostenuta al telefono da Edmonton.,1,0,negative,0.9268748760223389,logit_class_0,bert_finetune
1166447,Es interesante. Déjame ver.,2,1,positive,0.610629677772522,logit_class_1,bert_finetune
1168222,The joys of being raised by a child psychologist... Lab rat childhood...,0,2,neutral,0.902990460395813,logit_class_2,bert_finetune
1168461,"Mi dispiace per il problema della qualità, ma vi propongo di compensare per il 3 % del valore totale a parte la tassa di ispezione.",2,0,negative,0.7913904786109924,logit_class_0,bert_finetune
1168548,i have been feeling overwhelmed with my financial situation and trying to juggle school work and personal life which at this point is none existing,0,2,neutral,0.5126039981842041,logit_class_2,bert_finetune
1169131,Je reconnais que certains de mes lecteurs pensent que je n'aime pas l'Amérique quand je parle comme ça.,0,1,positive,0.8837899565696716,logit_class_1,bert_finetune
1169557,Ich spüre diese seltsame Art von Schutz gegen ihn,0,2,neutral,0.5372271537780762,logit_class_2,bert_finetune
1170410,He oído hablar del spibelt. Me sentí cómodo corriendo con un smartphone.,1,2,neutral,0.5586133003234863,logit_class_2,bert_finetune
1170633,Je sens en fait un peu d'espoir rouler à travers moi en voyant ce bit flicker de l'instinct biologique insalubre infiltrer le brouillard de la psychose de l'alcool humain avant le retour rapide à la malédiction de la conscience,0,1,positive,0.914787232875824,logit_class_1,bert_finetune
1170914,"Of course not , help yourself .",2,1,positive,0.5604116916656494,logit_class_1,bert_finetune
1171277,Eso estaría bien.,1,2,neutral,0.5220398902893066,logit_class_2,bert_finetune
1172105,Je pense qu'elle est très jolie.,2,1,positive,0.7732128500938416,logit_class_1,bert_finetune
1172374,Of course !,1,2,neutral,0.5865424275398254,logit_class_2,bert_finetune
1172896,Papa'! Mi prenderò un raffreddore!,0,2,neutral,0.8232678771018982,logit_class_2,bert_finetune
1172962,Je me sens un peu dépassé par ce blog comme il a été deux mois depuis ive posté,0,2,neutral,0.566909670829773,logit_class_2,bert_finetune
1173099,uso per divertirsi facendo post settimanali giovedì perché mi sento come ci sia sempre qualcosa da ringraziare per se è grande o piccolo,1,2,neutral,0.8306600451469421,logit_class_2,bert_finetune
1173642,Ich nahm das Tempo und hielt einen anständigen Clip Gefühl ein seltsames Stück Konkurrenz zu Fuß kommen über mich immer ein paar Meilen in der Nähe,2,0,negative,0.5082164406776428,logit_class_0,bert_finetune
1173748,que ’ es una buena idea. Usted ’ Ve tiene un moretón desagradable en su mano.,2,1,positive,0.5682790279388428,logit_class_1,bert_finetune
1174030,Probablemente podría intentar más para analizar este pero me siento bastante aturdido en este momento,0,2,neutral,0.560886561870575,logit_class_2,bert_finetune
1174225,"Ich fühle mich geschmeichelt, dass das Ministerium so zuversichtlich in mir ist, dass sie denken, dass ich in der Lage bin, ein Lager zu führen, aber ich persönlich fühle mich nicht in der Lage, dies zu tun",0,1,positive,0.9996663331985474,logit_class_1,bert_finetune
1175064,"Ahora puedo oír [NAME]: ""¿Por qué no tengo un micrófono? ¿Por qué no tengo un micrófono?",0,2,neutral,0.9712305665016174,logit_class_2,bert_finetune
1175327,les histoires de ma tante qui a été battue et humiliée par mon oncle,0,2,neutral,0.5336588025093079,logit_class_2,bert_finetune
1175451,"Fool you twice, shame on you",0,2,neutral,0.6050240993499756,logit_class_2,bert_finetune
1176221,"Questo ain ait it cheeeifff. l'amore è amore, don't importa chi riceve",2,1,positive,0.6332613825798035,logit_class_1,bert_finetune
1176481,[NAME] Lo siento cariño,0,2,neutral,0.5517326593399048,logit_class_2,bert_finetune
1176755,"Ich fürchte, dieser Kurs ist für vier Personen.",0,2,neutral,0.635563850402832,logit_class_2,bert_finetune
1177288,"Je me sens tellement débordée de cette vie de ce garçon de la façon dont tout semble aller, mais c'est comme ça que j'arrive aux vacances.",0,2,neutral,0.5226349830627441,logit_class_2,bert_finetune
1177608,"Ok, lassen Sie uns das noch einmal durchgehen. Ich will nicht mehr ruiniert oder gefärbt Blusen!",0,2,neutral,0.7771209478378296,logit_class_2,bert_finetune
1178125,"Cazzo, le les brons.",0,2,neutral,0.5413414239883423,logit_class_2,bert_finetune
1178131,"Ich fühle mich, als ob ich dieses Blog vernachlässigt habe, aber ich bin nicht sehr gerne zu entlüften mein persönliches Jammern in diesem Blog",1,0,negative,0.8813625574111938,logit_class_0,bert_finetune
1178132,"J'ai toujours mangé pour couvrir mes sentiments, mais je ne sais pas pourquoi.",0,1,positive,0.5247489809989929,logit_class_1,bert_finetune
1178181,"Un peu me rappelle mon oncle, [NAME].",0,2,neutral,0.8271521925926208,logit_class_2,bert_finetune
1178792,"J'étais confuse, je me suis ennuyée et je n'ai pas eu envie de regarder plus loin, mais ça m'a rappelé.",1,0,negative,0.9038643836975098,logit_class_0,bert_finetune
1179285,"Ich weiß, die Gefühle stark genug, um über all die ive durch gewesen zu vergessen und es klingt obszön, aber laute Worte nie störte mich, wie sie tun, um Sie Ich will zurück zum ersten Mal der erste Platz",1,0,negative,0.6627554297447205,logit_class_0,bert_finetune
1179692,No tengas tanto miedo. Es sólo una habilidad.,1,2,neutral,0.9435651302337646,logit_class_2,bert_finetune
1179849,If only we could eat there once more !,1,2,neutral,0.6288458108901978,logit_class_2,bert_finetune
1180219,i cannot even begin to express in words the depth of sorrow that i feel having not posted any of my ludicrous rants over the passed days,2,0,negative,0.5132454633712769,logit_class_0,bert_finetune
1180346,Je sens que je suis l'une des rares personnes qui croient vraiment qu'un tricot shaggy odieux et teint de cravate maxi jupe est l'épitome de casual,0,1,positive,0.7539663314819336,logit_class_1,bert_finetune
1180404,"Ja, mein Schatz. Du hast recht.",1,2,neutral,0.7936819791793823,logit_class_2,bert_finetune
1180977,C'était très bien. Je l'ai suivi jusqu'à la fin.,1,2,neutral,0.9120992422103882,logit_class_2,bert_finetune
1181463,i feel which is ludicrous,2,0,negative,0.5044033527374268,logit_class_0,bert_finetune
1181513,"Bob, je suis vraiment en colère contre toi.",0,2,neutral,0.9568327069282532,logit_class_2,bert_finetune
1182382,"Ich konnte mir nicht vorstellen, dass ich von meinem Körper eingesperrt war.",2,0,negative,0.9084519147872925,logit_class_0,bert_finetune
1182527,Me siento como todos los días me vuelvo más y más confuso o más curioso si algo,0,2,neutral,0.8134601712226868,logit_class_2,bert_finetune
1183099,Feeling is exhausting. They used to feel those things and now they feel nothing because they're so burnt out and tired,0,2,neutral,0.719953715801239,logit_class_2,bert_finetune
1183409,Odio sentirmi come se non mi piacessi o amassi più correre a causa di alcune corse orribili,1,0,negative,0.9827683568000793,logit_class_0,bert_finetune
1184214,AW YES MUCHOS GANADORES PARA EL FEMINISMO Y LAS MUJERES MIGRANTES,1,2,neutral,0.9261049628257751,logit_class_2,bert_finetune
1186093,# I feel have I say # # even jailyful #,1,0,negative,0.9867087602615356,logit_class_0,bert_finetune
1188391,The applause came from [NAME] and his group.,2,1,positive,0.7773042917251587,logit_class_1,bert_finetune
1188563,"Ich habe das Gefühl, dass du es fast tun musst, sonst werden einige Stammgäste versuchen, eine schnelle zu ziehen, die an deine grüne Bohne denkt.",2,0,negative,0.4306413233280182,logit_class_0,bert_finetune
1189773,"Nein, dieser Verbrechermeister wusste es!",0,2,neutral,0.8126339316368103,logit_class_2,bert_finetune
1190040,Wir haben großes Vertrauen in Sie.,1,2,neutral,0.9300918579101562,logit_class_2,bert_finetune
1190381,"""Parla di nuovo dei vaccini e il tuo prossimo colpo verra' dalla mia pistola... di cristalli inondati di oli essenziali.""",0,2,neutral,0.995722770690918,logit_class_2,bert_finetune
1190535,"Ihr seid herzlos, smfh.",0,2,neutral,0.5077357888221741,logit_class_2,bert_finetune
1191181,Romper mal de nuevo.,2,0,negative,0.5498629808425903,logit_class_0,bert_finetune
1191428,"Vous pouvez le dire encore une fois. Susan frère est tombé de l'extérieur de la ville, alors j'ai offert de le mettre en place pour quelques jours. Mais il me pousse vers le haut d'un mur. Ce type est sans fond.",0,2,neutral,0.9989452958106995,logit_class_2,bert_finetune
1191532,"Sai che tutti i politici fanno questo / hanno fatto questo o cose simili al loro risarcimento, giusto? Odio il gioco, non il giocatore",2,0,negative,0.9429641366004944,logit_class_0,bert_finetune
1191893,She is a real star . Not a onetime thing .,1,2,neutral,0.9248862266540527,logit_class_2,bert_finetune
1192343,"Ich kann nicht mehr zustimmen, Schatz. Wir müssen von Zeit zu Zeit von der Arbeit weg.",1,2,neutral,0.9713584780693054,logit_class_2,bert_finetune
1192933,"Oui, tout commence par [NAME]. Il n'est pas le pire propriétaire de la Nfl, mais il est certainement dans la moitié inférieure.",0,2,neutral,0.5508279800415039,logit_class_2,bert_finetune
1193223,Im sensazione di tempo ben esaurito per una pentola di tè e preparare per un po 'di sonno,0,1,positive,0.9769458174705505,logit_class_1,bert_finetune
1193584,Sei sempre così. Ti ho detto molte volte di non dirglielo.,0,2,neutral,0.913144588470459,logit_class_2,bert_finetune
1193828,"Vedi, ora ti è successo qualcosa di buono in un viaggio in autobus!",2,1,positive,0.7844170331954956,logit_class_1,bert_finetune
1195253,i am even contemplating giving up running but i feel weird not having that goal in front of me to work toward and accomplish,0,2,neutral,0.5064917802810669,logit_class_2,bert_finetune
1195457,"Nur um eine größere Misserfolgsgeschichte in den nächsten Tagen aufzubauen. Ich glaube, die Jungs zu Epochenzeiten arbeiten dieses Wochenende mehr Stunden.",0,2,neutral,0.9938169121742249,logit_class_2,bert_finetune
1195546,CROISSEZ LE BOYLEN,0,2,neutral,0.9985204339027405,logit_class_2,bert_finetune
1195601,Bizarre comment ils ont chaussé le personnage d'un spectacle de télévision en cours dans Celebrity Big Brothter. Heureux qu'ils se soient débarrassés de lui après un épisode.,1,2,neutral,0.6374051570892334,logit_class_2,bert_finetune
1196410,Sto andando molto bene. Mi sono sposato circa tre anni fa. Ora ho due figli.,1,2,neutral,0.7809243202209473,logit_class_2,bert_finetune
1196547,"C'est ce qui me fait penser que OP est secrètement le ""bien"" ici.",1,2,neutral,0.8170444965362549,logit_class_2,bert_finetune
1196713,I will always love ohare because it is the home alone airport,2,1,positive,0.9918739199638367,logit_class_1,bert_finetune
1197222,"Ich denke, es kommt, als sie missbraucht wurde, als sie schwanger war und das Baby verlor.",2,0,negative,0.970990002155304,logit_class_0,bert_finetune
1197516,Et tous leurs mouvements sont si élégants. C'est comme danser dans l'eau.,1,2,neutral,0.8502112030982971,logit_class_2,bert_finetune
1198537,Very nice .,1,2,neutral,0.5178924202919006,logit_class_2,bert_finetune
1198741,You bet there is . Feast your eyes on this puppy !,2,1,positive,0.7999735474586487,logit_class_1,bert_finetune
1198751,"Bitte sehr, Sir. Bezahlen Sie den Kassierer an der Tür.",1,2,neutral,0.9936177730560303,logit_class_2,bert_finetune
1199108,J'utilise quand je me sens impatient de passer à la prochaine chose et il vient du premier film de Bridget Jones,0,1,positive,0.7049031257629395,logit_class_1,bert_finetune
1199190,Necesito mi cuerpo para tener mucho descanso y hacer ejercicio cuando estoy cansado no es bueno como me siento aturdido en el gimnasio,0,2,neutral,0.581724226474762,logit_class_2,bert_finetune
1199193,OK . Do you like these candles ? They are on sale now .,2,1,positive,0.5246909856796265,logit_class_1,bert_finetune
1199436,Das klingt ziemlich einfach. Lassen Kaninchen dein Haus riechen?,1,2,neutral,0.9555811285972595,logit_class_2,bert_finetune
1199853,i find myself feeling a strange mix of stressed out and bored when i watch,0,2,neutral,0.5193475484848022,logit_class_2,bert_finetune
1200615,"ne sentant pas la pression et la frénésie, mais plutôt une certaine sérénité et un calme mêlés à une détermination sous-jacente",0,1,positive,0.7987395524978638,logit_class_1,bert_finetune
1201207,Tenía la sensación de que me estaba haciendo algo en la computadora pero no estaba seguro de lo que estaba haciendo.,1,0,negative,0.5026785731315613,logit_class_0,bert_finetune
1201459,"Ich tendiere dazu, das Gefühl für das Wasser ziemlich schnell zu verlieren, wenn im nicht im Wasser jeden zweiten Tag und ich fühlte dies während des Rennens",1,0,negative,0.625503659248352,logit_class_0,bert_finetune
1201963,"Honnêtement, à l'époque, voir son écureuil aurait été parfait. Je suis légèrement curieux de voir si elle a toujours peur de moi.",0,2,neutral,0.8144601583480835,logit_class_2,bert_finetune
1202046,i actually feel a strange return to the way i felt in my early twenties before miring myself in a string of long term relatioships that lasted up until fairly recently,2,0,negative,0.5080626010894775,logit_class_0,bert_finetune
1202323,"We do many things . In the morning , we go swimming and boating . In the afternoon , we play basketball or tennis . We sit around a camp fire at night.We sing or tell stories .",1,2,neutral,0.7786465287208557,logit_class_2,bert_finetune
1202579,Siento el frío en sus alas mientras me cepillan la cara y caminan a través de mi mano extendida,1,0,negative,0.9905527830123901,logit_class_0,bert_finetune
1202776,im festeggiando all'ora di cena abbasso le luci della cucina e accendo le luci del centrotavola,1,0,negative,0.5030388236045837,logit_class_0,bert_finetune
1203081,Todavía estoy entumecido. Cuestiono todo sobre lo que siento y aterrado de confiar en todos mis sentimientos.,0,1,positive,0.9789779782295227,logit_class_1,bert_finetune
1203449,"Je ne serai jamais d'accord et j'ai l'impression d'avoir des lésions cérébrales, mais mes parents refusent de me laisser faire un scan.",1,0,negative,0.9779757857322693,logit_class_0,bert_finetune
1205368,Et si elle était aussi la propriétaire de la franchise qui aime mieux connaître ses clients?,1,2,neutral,0.9644288420677185,logit_class_2,bert_finetune
1205679,"No te preocupes, [NOMBRE] está ahí.",0,2,neutral,0.7956494092941284,logit_class_2,bert_finetune
1205946,"Je sens que je veux aimer qui je suis mais je ne suis pas parfaitement, donc je me sens toujours mal à l'aise comme il y a quelque chose dont j'ai besoin ou une façon de penser ou d'être",0,1,positive,0.6535730957984924,logit_class_1,bert_finetune
1206028,ive s'est sentie assez débordée de regrets ces derniers jours,2,0,negative,0.5568433403968811,logit_class_0,bert_finetune
1206255,"Derselbe Benutzer, der Angst vor dem Stillen hatte lmao",1,2,neutral,0.6683048009872437,logit_class_2,bert_finetune
1206263,ive depuis a eu l'abstrait de mon superviseur qui a dit que c'était génial et elle a vraiment aimé ce sentiment particulièrement faible,1,0,negative,0.9408669471740723,logit_class_0,bert_finetune
1206435,"Je n'ai pas confiance en toi, ça m'a causé de la peine.",1,0,negative,0.5707331299781799,logit_class_0,bert_finetune
1207335,"Je commence à me sentir mal, c'est tellement relatif.",0,1,positive,0.681609570980072,logit_class_1,bert_finetune
1207496,Wow . Look how polite your son has become .,1,2,neutral,0.8352668285369873,logit_class_2,bert_finetune
1207592,Das unheimliche Tal von gruselig.,0,2,neutral,0.6141349673271179,logit_class_2,bert_finetune
1208641,"Fui a visitar a un cliente en la Compañía IVS el otro día. Sus oficinas fueron muy impresionantes, especialmente su empresa Logo que está por todo el lugar. Hay modelos de logotipo en metal, cobre, clavo, papel. Incluso se imprimen en el papel de pared y las bolas de las luces de mesa. Es realmente la identidad decorada.",1,2,neutral,0.8583917021751404,logit_class_2,bert_finetune
1209125,Jung j'ai posé beaucoup de questions comme quel genre d'émotion est ce comment devrais-je montrer ce sentiment et l'ennuyé de telle manière quand nous avons tiré comment rencontrer le voisin parfait,0,1,positive,0.9142417907714844,logit_class_1,bert_finetune
1209179,Jeden Tag außer Dienstag.,1,2,neutral,0.9774985313415527,logit_class_2,bert_finetune
1210009,"¡Oh, en serio! Se ve tan diferente. Nuestro viejo lugar se convierte en un nuevo lugar.",1,2,neutral,0.7189809083938599,logit_class_2,bert_finetune
1211284,De acuerdo. Te echaré de menos. Espero que podamos vernos de nuevo pronto.,2,1,positive,0.7136849164962769,logit_class_1,bert_finetune
1211403,Sono piuttosto bravo.,1,2,neutral,0.9530297517776489,logit_class_2,bert_finetune
1212964,"The Fire are also trash and play their games 45 minutes outside of Chicago. Love you Fire fans, sorry about your ownership and FO.",1,2,neutral,0.7874190807342529,logit_class_2,bert_finetune
1213249,Claro que lo es. El Gran Cañón es realmente una obra maestra. Ningún hombre podría hacer algo así.,1,2,neutral,0.7263867855072021,logit_class_2,bert_finetune
1213305,"Excusez-moi, pourriez-vous me dire comment retourner à l'hôtel Hilton. J'ai peur d'avoir perdu mon chemin.",0,2,neutral,0.8872503042221069,logit_class_2,bert_finetune
1213841,Je suppose que c'est mieux que de me sentir en colère et victorieux parce que je l'ai mis à sa place ou en colère et amer,1,0,negative,0.999254047870636,logit_class_0,bert_finetune
1214573,Tal vez se dio cuenta de que lo que hizo fue muy estúpido así que estaba tratando de ocultar su cara para que su vergüenza de alguna manera desaparecería.,0,2,neutral,0.8378647565841675,logit_class_2,bert_finetune
1214618,Leck mich.,0,2,neutral,0.8731926679611206,logit_class_2,bert_finetune
1215755,Sie haben gerade ein Einkaufszentrum abgeschossen. Sie sind totale Idioten.,0,2,neutral,0.5468270778656006,logit_class_2,bert_finetune
1217142,BASED AND REDPILLED,0,2,neutral,0.9991255402565002,logit_class_2,bert_finetune
1217199,Llevo tres días sintiéndome mal.,2,0,negative,0.9969688057899475,logit_class_0,bert_finetune
1217594,"Ich werde alles für dich tun, Liebes. Sie wissen, dass, vielleicht haben Sie nicht realisiert, aber Sie machten jeden Tag einen vergnügten Moment und glücklichen Anlass.",1,2,neutral,0.6984157562255859,logit_class_2,bert_finetune
1217665,"(NAME) Leben. Offensichtlich kannst du mich dazu zitieren, weil ich es gerade gesagt habe. (NAME) stirbt. (NAME) stirbt. Scheiß drauf.",2,0,negative,0.7800702452659607,logit_class_0,bert_finetune
1218666,Je vous demande pardon pour votre retard.,0,2,neutral,0.7072919011116028,logit_class_2,bert_finetune
1218892,L'ho incontrato. Stavo andando a sentirmi incantato dall'intero processo di appuntamenti.,0,1,positive,0.9884952306747437,logit_class_1,bert_finetune
1219279,i am not the only feeling so overwhelmed pulled thin and exhausted sorry katie that your secret is out too,0,2,neutral,0.5268087387084961,logit_class_2,bert_finetune
1219326,Mi piacerebbe averlo in grandi onde.,2,1,positive,0.5335123538970947,logit_class_1,bert_finetune
1219475,Mi sento davvero strano la mia mente continua a distrarmi dal mio lavoro continuo a riflettere sulla mia gelosia e stupidità,0,2,neutral,0.506812572479248,logit_class_2,bert_finetune
1219917,im Gefühl ziemlich wenig Energie obwohl,0,1,positive,0.9613516330718994,logit_class_1,bert_finetune
1220465,"E' una pessima mancia. Ti prego, pensaci prima di fare una cosa del genere.",2,0,negative,0.5079324245452881,logit_class_0,bert_finetune
1220918,"Vielen Dank. Auch, Wie bekomme ich meinen Briefkastenschlüssel?",1,2,neutral,0.9175876975059509,logit_class_2,bert_finetune
1221243,"Yo había trabajado muy duro durante mis vacaciones para recaudar algo de dinero para algunos artículos importantes, por ejemplo, una radio, pero cuando llegué a la terminal de autobuses interurbanos",0,1,positive,0.5089774131774902,logit_class_1,bert_finetune
1221565,"not only our annual sales brake a record , but our month by month earnings exceeded our forecast as well . After a two-year slump , we finally back in the black .",1,2,neutral,0.996405839920044,logit_class_2,bert_finetune
1221809,"Sí, lo sé. Eso se ve bien. No es demasiado corto, es justo. ¿Cuánto te debo?",1,2,neutral,0.5652218461036682,logit_class_2,bert_finetune
1222047,Désolé. La voiture s'effondre et elle doit être réparée.,0,2,neutral,0.8219015002250671,logit_class_2,bert_finetune
1223252,Je me sens comme un pervers parce que chaque fois que je vois un gars très beau passer je ne peux pas aider mais de commencer à chanter Dieu bénir l'Amérique,1,0,negative,0.9988321661949158,logit_class_0,bert_finetune
1224575,"Right , drink as much as you can .",1,2,neutral,0.9971187114715576,logit_class_2,bert_finetune
1224610,J'ai besoin de puiser dans ma créativité produisant quelque chose qui en vaut la peine qui prend un peu de dévouement et qui va me stimuler et m'engager,1,0,negative,0.6016096472740173,logit_class_0,bert_finetune
1224687,J'ai la fenêtre à côté de moi et je sens des brises fraîches incroyables mélangées à l'odeur d'ozone,2,1,positive,0.9989012479782104,logit_class_1,bert_finetune
1225151,Non dovrebbe difendersi? Smettila di incolpare entrambe le parti.,0,2,neutral,0.8999824523925781,logit_class_2,bert_finetune
1225653,"Je mange pour que cette douleur s'améliore, mais je n'ai pas",1,2,neutral,0.5675127506256104,logit_class_2,bert_finetune
1225734,Puedo ser capaz de abrirme con mis sentimientos más así no tendré que aferrarme a ellos.,0,1,positive,0.9560368657112122,logit_class_1,bert_finetune
1225913,Mi piace la primavera. Le giornate sono lunghe e la notte breve. I fiori sono in fiore.Andiamo a fare picnic.,2,1,positive,0.8728242516517639,logit_class_1,bert_finetune
1226348,Je faisais du vélo avec mon petit ami.,1,0,negative,0.8023218512535095,logit_class_0,bert_finetune
1226585,Discuss and follow a case an onsessibg per the case are different. It's odd. It's the only conviction on earth where we see this.,0,2,neutral,0.9953835606575012,logit_class_2,bert_finetune
1226597,"Lmao en serio, esto es estúpido. Hey chicos, ¿ustedes como InJs necesitan beber agua? Yo no.",2,0,negative,0.6383485794067383,logit_class_0,bert_finetune
1227559,"Ich möchte das Gefühl, dass ich einen echten Beitrag für das Unternehmen, so möchte ich, dass mein Chef mir mit wichtiger Arbeit vertraut.",2,1,positive,0.9952362179756165,logit_class_1,bert_finetune
1227696,Te digo que aquí está más lejos en un objeto escrito indefinido me siento aturdido y sólo sacudido grad noch se despertó para darse cuenta bien chicos damas todo el poco me s allí u no tienen la más mínima idea de lo que se perdió en la vida para esos años de coma Erlangen,2,0,negative,0.7163525223731995,logit_class_0,bert_finetune
1227792,Ça a l'air bien. Qu'allez-vous avoir pour votre plat principal?,1,2,neutral,0.5713246464729309,logit_class_2,bert_finetune
1228851,Je me sens émerveillé béni et complètement pas digne d'un tel débordement d'habileté travail dur et d'amour,2,1,positive,0.8699785470962524,logit_class_1,bert_finetune
1229575,Je sens que ces sortants n'ont jamais timide un href http www,1,0,negative,0.5277591943740845,logit_class_0,bert_finetune
1229853,"Sí, parecen ser de mi talla e ir con mi camisa bastante bien. Lo tomaré.",2,1,positive,0.5037845373153687,logit_class_1,bert_finetune
1231097,¡Puedo ver por qué! ¡Yo también me ofendería!,0,2,neutral,0.6020496487617493,logit_class_2,bert_finetune
1231158,Ich habe die Nachricht bekommen. Ich kündige.,0,2,neutral,0.8583082556724548,logit_class_2,bert_finetune
1231241,Mi sentivo un po'sorpreso dalle mie emozioni come ho passato tutti questi punti di riferimento spettacolari e ricordi per l'ultima volta,2,0,negative,0.5779663920402527,logit_class_0,bert_finetune
1231711,"Ja, das werde ich. Vielen Dank, Herr. Weiß. Auf Wiedersehen!",2,1,positive,0.8289734125137329,logit_class_1,bert_finetune
1231801,mi sentirei molto di più non so sostegno di loro se non sono stati facendo le donne si sentono orribile su se stessi lungo il percorso,1,0,negative,0.9965434670448303,logit_class_0,bert_finetune
1232688,"Hahaha exactement, et de décider même les plus simples des choses",2,1,positive,0.5948972105979919,logit_class_1,bert_finetune
1232975,the holidays come to an end,0,2,neutral,0.5859203934669495,logit_class_2,bert_finetune
1233534,"¡Oh, nena, no puedo esperar a pasar el resto de mi vida contigo! No puedo esperar a todas las aventuras que vamos a tener, para todas las peleas y la risa. No puedo esperar a envejecer y arrugar contigo.",1,2,neutral,0.7220918536186218,logit_class_2,bert_finetune
1234053,Mi piace avere un biglietto di andata e ritorno con un anno di ritorno aperto.,2,1,positive,0.8629376292228699,logit_class_1,bert_finetune
1234276,"Creo que podemos visitar el Lago Oeste. Los paisajes son atractivos. Se dice que así como hay un paraíso en el cielo, hay Su Tú y Cuélgate en la tierra.",1,2,neutral,0.5574622750282288,logit_class_2,bert_finetune
1234659,Certo che no. Ho paura di loro.,0,2,neutral,0.873630702495575,logit_class_2,bert_finetune
1235462,Wow! Posso credere di essere in piedi qui!,1,2,neutral,0.5231668949127197,logit_class_2,bert_finetune
1235997,"Siento no haber jugado a mi mejor tenis aquí en Londres, que probablemente sea el mejor evento del año.",0,1,positive,0.6592448949813843,logit_class_1,bert_finetune
1236399,"J'ai l'impression que mes chansons sont plutôt nulles et élémentaires, mais elles les aiment bien.",0,1,positive,0.9820249080657959,logit_class_1,bert_finetune
1236557,you're [NAME],0,2,neutral,0.93988436460495,logit_class_2,bert_finetune
1236567,"Das ist nicht wie Sie... Nun, ich hoffe, Sie haben einen schönen Flug und einen erfolgreichen Start ins Geschäft",1,2,neutral,0.8169147968292236,logit_class_2,bert_finetune
1237530,Es una de los 435 miembros de la Cámara. Le estás dando mucha más autoridad de la que realmente tiene.,1,2,neutral,0.9986456036567688,logit_class_2,bert_finetune
1237610,Merde de merde de botaniste,2,0,negative,0.9887678027153015,logit_class_0,bert_finetune
1238972,"Daniel, ¿sabes? Lisa nos ha invitado a cenar esta tarde.",1,2,neutral,0.7210257649421692,logit_class_2,bert_finetune
1239138,¡Pobrecito! Me alegra que esté bien. Él y su hermano tienen una historia que contar ahora.,0,1,positive,0.6516258716583252,logit_class_1,bert_finetune
1239949,J'ai laissé le sentiment que j'ai bien saisi les options que nous avions devant nous depuis qu'il les a brisées en termes de laïcs si bien,0,1,positive,0.9786550998687744,logit_class_1,bert_finetune
1240736,Lo hice bien en algunos y completamente jodido otros pero la sensación de finalmente terminar la escuela para siempre es simplemente increíble,1,2,neutral,0.507849931716919,logit_class_2,bert_finetune
1241087,C'est bon. Mais vous devez payer un autre $ 10.,1,2,neutral,0.9886654615402222,logit_class_2,bert_finetune
1241228,im cercando di cambiare i lati mi incastro sulla schiena tra i due mucchi e mi sento un sacco come una tartaruga rovesciata,0,1,positive,0.969810426235199,logit_class_1,bert_finetune
1241473,CHE CREDE il modo in cui arriviamo a Tahiti,2,1,positive,0.4255932867527008,logit_class_1,bert_finetune
1241961,J'en ferai un pour toi. Tu veux une empreinte?,1,2,neutral,0.7407799959182739,logit_class_2,bert_finetune
1242282,Er ist auch ein sehr geduldiger Lehrer.,1,2,neutral,0.9711978435516357,logit_class_2,bert_finetune
1242730,Siento que estaré para siempre añoranza de casa por ello pero soy un viajero nunca me quedo en un lugar por demasiado tiempo me ansío la emoción y el desnudez,0,1,positive,0.9558190107345581,logit_class_1,bert_finetune
1243279,A quanto pare puoi lucidare uno stronzo. Il problema e' che e' ancora una merda.,2,0,negative,0.5030327439308167,logit_class_0,bert_finetune
1243335,"Danke. Lass mich sehen. Ich denke, es gibt einen Fehler auf der Rechnung hier. Würden Sie bitte überprüfen,?",1,2,neutral,0.9440722465515137,logit_class_2,bert_finetune
1244586,Mi sento solo nervosa e compiacente e amara,1,0,negative,0.8532519936561584,logit_class_0,bert_finetune
1245789,"Ich sah zu jung zu sein ogling sie ich behandelt wurde, um eine Nahaufnahme lebhaft detaillierte Ansicht dieser Frauen Beine und Strumpfhosen, die mich sehr seltsam und neidisch auf sie in der Tat",2,0,negative,0.6254748106002808,logit_class_0,bert_finetune
1245867,Avoir un entretien dans 11 heures et c'est après 2 h pari LETS GOOOOO,2,1,positive,0.5268911123275757,logit_class_1,bert_finetune
1246063,"So che se guardo il quadro generale mi viene depresso ed è un po 'come la perdita di peso se penso che devo perdere chili mi sento sopraffatto, ma se penso che ho bisogno di perdere un grammo questa settimana",2,0,negative,0.5227900147438049,logit_class_0,bert_finetune
1246654,me siento un poco en el lado aturdido así que o bien,0,2,neutral,0.8387304544448853,logit_class_2,bert_finetune
1247535,"J'adore ça, et #2",2,1,positive,0.7899013161659241,logit_class_1,bert_finetune
1248099,Wow. E' incredibilmente sgradevole.,2,0,negative,0.6099223494529724,logit_class_0,bert_finetune
1248365,Je me sens perdu et j'ai envie de le retenir encore une fois.,1,0,negative,0.9975937008857727,logit_class_0,bert_finetune
1248930,Realmente no creo que eso fuera racista honestamente. Literalmente te dijo que todo el mundo importa independientemente del color..?,1,2,neutral,0.9736735820770264,logit_class_2,bert_finetune
1249188,"Ich fühle sie und gebe es hier sehr widerwillig zu, dass ich über meine pessimistischen Gefühle genauso optimistisch bin wie sie und diese sehr graue Seite von mir hat mich zu dieser Seife angezogen.",1,0,negative,0.9919902682304382,logit_class_0,bert_finetune
1249697,Hace algún tiempo un pariente cercano mío salió barato con lo peor.,1,2,neutral,0.7123771905899048,logit_class_2,bert_finetune
1250211,OMG... Dad!,2,0,negative,0.5031871795654297,logit_class_0,bert_finetune
1250281,"Gut, wir werden sicherstellen, dass wir Ihnen alle Informationen, die Sie brauchen. Wir sehen uns dort!",2,1,positive,0.7880147099494934,logit_class_1,bert_finetune
1250305,Sie oder ich? Ich mag es am Nachmittag nachzuholen und Trinken half mit den letzten wenigen.,1,2,neutral,0.6970991492271423,logit_class_2,bert_finetune
1250434,Uber ist lustig und billig.,2,1,positive,0.7934527397155762,logit_class_1,bert_finetune
1252031,"Ne vous inquiétez pas, [NAME] est là.",0,2,neutral,0.9475046396255493,logit_class_2,bert_finetune
1252200,Sei occupato il 24?,1,2,neutral,0.961371660232544,logit_class_2,bert_finetune
1252305,Una construcción social peligrosa y opresiva.,2,0,negative,0.9833298325538635,logit_class_0,bert_finetune
1252327,Mais je ne les aime pas! Ce n'est pas juste!,0,2,neutral,0.8838542103767395,logit_class_2,bert_finetune
1252406,Good news !,1,2,neutral,0.5922565460205078,logit_class_2,bert_finetune
1252729,"Très bien, qu'est-ce qu'il y a?",1,2,neutral,0.9634063243865967,logit_class_2,bert_finetune
1253402,Ho delle imbragature per loro... forse ho una slitta improvvisata e vedo cosa succede!,0,2,neutral,0.8152933716773987,logit_class_2,bert_finetune
1253554,"Gracias, Jane. Me sorprendió mucho. Quiero decir que había mucha gente calificada por ahí.",2,1,positive,0.6913093328475952,logit_class_1,bert_finetune
1254065,Gute Idee! Die Bilder werden die Leistung unserer Produkte anschaulich veranschaulichen.,2,1,positive,0.603363037109375,logit_class_1,bert_finetune
1254639,Ugh sono in questo stesso posto in questo momento. Uscire con un marito la cui moglie prende tutte le decisioni. Mi dispiace per te.,1,2,neutral,0.6862736344337463,logit_class_2,bert_finetune
1255141,Me pregunto si no me siento muy importante para escribir estos blogs aquí.,1,0,negative,0.9195089936256409,logit_class_0,bert_finetune
1255398,"Amico, adoro il tuo spirito. Ma... Non è tutta merda (la cucina che è), non esageriamo a generalizzare e diventiamo le teste di cazzo che stiamo criticando.",2,1,positive,0.5449159145355225,logit_class_1,bert_finetune
1255956,Nostro figlio se n'e' andato e anche il mio cuore se n'e' andato. Non so come passare il resto dei miei anni.,0,2,neutral,0.8197359442710876,logit_class_2,bert_finetune
1256243,"¡No, vamos a una heladería! Tienen mucho más sabores para elegir de allí. Tengo ganas de tener algo especial como un helado napolitano.",2,1,positive,0.6941916346549988,logit_class_1,bert_finetune
1256888,"Aw , Mom-you're such a drag .",0,1,positive,0.9448096752166748,logit_class_1,bert_finetune
1256993,J'ai l'impression que tu serais un grand homme d'État pour beaucoup d'autres jeunes gens que je vais pousser dans ces autres états.,1,0,negative,0.9342023134231567,logit_class_0,bert_finetune
1258703,L'ha ri-educata è più che altro così. Mi dispiace tanto per lei. Internamente dev'essere un disastro. Sospetto che cambiera' di nuovo posizione.,0,2,neutral,0.7618054151535034,logit_class_2,bert_finetune
1259015,"Si', potresti ripassare questo per me? E vedere se c'è qualche errore?",1,2,neutral,0.8294961452484131,logit_class_2,bert_finetune
1259684,Creo que él [NAME] pero sigue siendo un karma robando putas.,0,2,neutral,0.9240599870681763,logit_class_2,bert_finetune
1261531,Mi sono sempre sentito come sedie musicali nella disperazione di sedersi.,2,0,negative,0.9477131366729736,logit_class_0,bert_finetune
1262211,"Ich weiß, ich bin glücklich zu fühlen, dass viel mehr andere Menschen verletzlich sind und von Mobbing und Belästigung in oft tödlichen Folgen betroffen",0,1,positive,0.9510945081710815,logit_class_1,bert_finetune
1262577,Tengo que confesar que me he sentido abrumado por esta vida que tanto amo,0,2,neutral,0.5266409516334534,logit_class_2,bert_finetune
1262639,Mes parents sont venus me voir.,1,2,neutral,0.9831358790397644,logit_class_2,bert_finetune
1262680,i cant help feeling incredibly strange about the fact that im not sick,2,0,negative,0.522128164768219,logit_class_0,bert_finetune
1262926,Why not ? That's a good idea to help them .,1,2,neutral,0.9793948531150818,logit_class_2,bert_finetune
1264181,Je veux dire que je ne suis pas proche d'elle vraiment donc j'ai envie d'essayer d'être toute belle colombe maintenant pourrait être pris comme une fausse sympathie ou essayer d'éclaircir ma conscience ou quelque chose,0,1,positive,0.9590581059455872,logit_class_1,bert_finetune
1264821,"Vielen Dank. Wie ist Ihr Name und Telefonnummer, bitte?",1,2,neutral,0.8963685035705566,logit_class_2,bert_finetune
1265937,Bien.,1,2,neutral,0.7143973708152771,logit_class_2,bert_finetune
1266245,Do you want something to drink ?,1,2,neutral,0.963197648525238,logit_class_2,bert_finetune
1267013,igual que en la ira,0,2,neutral,0.7504215836524963,logit_class_2,bert_finetune
1267203,"Ich hätte lieber [NAME]. Sie zu töten, war eine Verschwendung.",0,2,neutral,0.9015481472015381,logit_class_2,bert_finetune
1267214,"Merde, c'est la seule guerre qu'on a perdue.",0,2,neutral,0.8129322528839111,logit_class_2,bert_finetune
1267402,"Ich sage Ihnen, dass es oft in unseren scheinbar schwächsten Momenten die Momente sind, die wir fühlen, es gibt keinen Ausweg oder keine Hoffnung, es zu ändern ist in diesen Momenten, dass wir am positivsten anfällig für Klarheit Verständnis und neue Richtungen",0,1,positive,0.9956146478652954,logit_class_1,bert_finetune
1268247,"By the way , would you like to have dinner with me tomorrow evening ? Tomorrow is my birthday .",1,2,neutral,0.6039688587188721,logit_class_2,bert_finetune
1268634,"Bene, andiamo al cinema?",1,2,neutral,0.8702718615531921,logit_class_2,bert_finetune
1268823,"Petit monde, n'est-ce pas?",1,2,neutral,0.9365877509117126,logit_class_2,bert_finetune
1268882,"¡Lo hice, lo hice!!!! Ahora me siento especial",2,1,positive,0.9993108510971069,logit_class_1,bert_finetune
1268953,Creo que debería llamar a Carrie Underwood para que escriba una canción de país.,0,1,positive,0.9051153063774109,logit_class_1,bert_finetune
1269054,"Seda. Tienes un buen gusto. Es excelente por su habilidosidad, elegancia y belleza.",2,1,positive,0.8411281704902649,logit_class_1,bert_finetune
1269214,Lo stupido è reale,0,2,neutral,0.5688478350639343,logit_class_2,bert_finetune
1269529,Je me sens furieuse joueuse sexy téméraire,1,0,negative,0.9994206428527832,logit_class_0,bert_finetune
1269607,...y mostrar algo de respeto a sus padres!,0,2,neutral,0.760194718837738,logit_class_2,bert_finetune
1270175,Mein Magen fühlt sich so leer an.,2,0,negative,0.995589017868042,logit_class_0,bert_finetune
1270288,Non posso fare a meno di sentirmi più che un po' scioccato che i diversi linguaggi di sviluppo tra cui dobbiamo scegliere non siano del tutto uguali come potremmo essere stati portati a credere almeno per ora comunque e spero davvero che questo sia qualcosa che è stato affrontato prima che poi,0,2,neutral,0.99934321641922,logit_class_2,bert_finetune
1270333,Non voglio entrare nei miei sentimenti specifici su alcuni dei cambiamenti ridicoli che sono stati fatti è troppo tardi e sono troppo stanco per essere disturbato,2,0,negative,0.6819896697998047,logit_class_0,bert_finetune
1270559,"Sehr gut, wir nehmen sie alle.",1,2,neutral,0.5025513768196106,logit_class_2,bert_finetune
1270996,Mi piace che entrambe le risposte siano corrette. Può essere difficile distinguere le auto. Ma anche lei probabilmente non stava prestando attenzione.,1,2,neutral,0.5221954584121704,logit_class_2,bert_finetune
1271783,"Ja, ich ärgere mich auch darüber.",2,0,negative,0.5557793378829956,logit_class_0,bert_finetune
1271926,Este submarino es una puta broma ahora.,0,2,neutral,0.660437822341919,logit_class_2,bert_finetune
1272018,"Haha, c'est vraiment un film ringard aussi. Tu l'as regardé encore et encore?",1,2,neutral,0.5156496167182922,logit_class_2,bert_finetune
1273237,Could this be both proof that [NAME] exists *and* that he has a sense of humor?,1,2,neutral,0.750410795211792,logit_class_2,bert_finetune
1273574,No sé quién es o si alguna vez lo haré pero siento que él está ahí fuera queriéndome tanto como yo queriéndolo a él y no estoy seguro si alguna vez nos encontraremos el uno al otro.,0,1,positive,0.7258632183074951,logit_class_1,bert_finetune
1273739,¡ Pero no me gustan! ¡ No es justo!,0,2,neutral,0.7383307814598083,logit_class_2,bert_finetune
1273958,J'ai l'impression de finir le marathon de chicago mon voyage était incroyable et donc je suis triste de voir qu'il arrive à une fin avec ce message,1,2,neutral,0.5394039154052734,logit_class_2,bert_finetune
1275989,"Er , I am gonna go with salt and sauce !",2,1,positive,0.6108559370040894,logit_class_1,bert_finetune
1276239,Je me sens vraiment merdique maintenant classe délicieux titre partager ceci sur del,1,0,negative,0.63021320104599,logit_class_0,bert_finetune
1276300,No me siento muy joven hoy.,0,1,positive,0.9908044338226318,logit_class_1,bert_finetune
1276471,Je continue à teuter entre l'imprégner et me sentir assez débordé,0,2,neutral,0.5224221348762512,logit_class_2,bert_finetune
1276744,"Mi sento un po' sopraffatto, ma so che il Signore sa che posso farcela.",2,0,negative,0.5197005271911621,logit_class_0,bert_finetune
1276989,"Nein, nein. Ich liebe diejenigen, in denen Patienten erfolgreich sind. Das ist es nicht. Es schien, als ob alle in dieser Zeit angerufen hätten.",1,2,neutral,0.7490140199661255,logit_class_2,bert_finetune
1277485,"Wie ist es, so dumm zu sein?",0,2,neutral,0.7632867097854614,logit_class_2,bert_finetune
1278385,"Voglio sentire che sto dando un vero contributo all'azienda, quindi vorrei che il mio capo si fidasse di me con un lavoro importante.",2,1,positive,0.9977145195007324,logit_class_1,bert_finetune
1278464,In Ordnung. Ich nehme eine.,1,2,neutral,0.575390100479126,logit_class_2,bert_finetune
1278696,"Allez, tu frappes parfaitement les hautes notes!",2,1,positive,0.598061740398407,logit_class_1,bert_finetune
1279598,"Bien, nos vemos luego.",1,2,neutral,0.6861580014228821,logit_class_2,bert_finetune
1279752,"The sheer size of [NAME] now is insane, would love to see him come back at heavyweight",1,2,neutral,0.5269059538841248,logit_class_2,bert_finetune
1280826,Je pense que ça te va bien.,2,1,positive,0.770513117313385,logit_class_1,bert_finetune
1281730,Interesting my bodies blurry but I wanna dtW that,2,1,positive,0.6074298024177551,logit_class_1,bert_finetune
1281862,"E' solo che sembra che tutto sia cosi' falso. Se non mi importa di me stesso, perche' dovrebbe farlo qualcun altro?",0,2,neutral,0.742956817150116,logit_class_2,bert_finetune
1282459,Je ne peux pas m'empêcher de sentir que je suis plus intelligent que mon corps et que je déteste me sentir impuissant quand je pense que j'ai tout réglé et qu'il n'est vraiment pas,1,0,negative,0.9525051116943359,logit_class_0,bert_finetune
1282493,Vielleicht. Aber es geht mir immer noch auf die Nerven.,0,2,neutral,0.9347134232521057,logit_class_2,bert_finetune
1282712,"GG, you just found a goldmine",2,1,positive,0.7705354690551758,logit_class_1,bert_finetune
1283050,Anche le donne sono pericolose come l'inferno.,0,2,neutral,0.6054362654685974,logit_class_2,bert_finetune
1283061,Il me semble que vous êtes en très bons termes avec lui.,1,2,neutral,0.9520073533058167,logit_class_2,bert_finetune
1283801,How about the second of March ?,1,2,neutral,0.8483422994613647,logit_class_2,bert_finetune
1284114,"ich ging zurück zu flinders st station entlang elissabeth st und bemerkte ein Schild hängen und ein Kerl verteilt Flugblätter und meine Neugier wurde besser von mir und obwohl immer noch nicht zu gut und alles ging ich zwei Treppen hinauf, um ein vegetarisches Essen oben zu überprüfen",1,0,negative,0.9980722665786743,logit_class_0,bert_finetune
1284210,après avoir rejoint ma maîtrise en sciences sociales,0,1,positive,0.9549704790115356,logit_class_1,bert_finetune
1284634,"Prendi il tuo voto, non sei un bravo bastardo.",0,2,neutral,0.877484142780304,logit_class_2,bert_finetune
1285579,Hope + Sabres = Mistake Just remember that you love hockey and do your best to enjoy the ride.,2,1,positive,0.8652914762496948,logit_class_1,bert_finetune
1285664,Mi hermana fue llevada al hospital ayer.,2,0,negative,0.8559937477111816,logit_class_0,bert_finetune
1286892,"Ouais, empathie, une sacrée drogue ;)",0,2,neutral,0.9955708384513855,logit_class_2,bert_finetune
1287724,"Eh bien, on a du bon sucre.",2,1,positive,0.6094000935554504,logit_class_1,bert_finetune
1288321,Puoi portarmi in prigione! E la mia slitta? E' la vigilia di Natale! Ho dei regali da consegnare! Rudolph! Prancer! Ballerina! Chiamate aiuto!,0,2,neutral,0.8344119787216187,logit_class_2,bert_finetune
1288889,"¡Es bueno saberlo, y me alegra oír que estás bien! <3",2,1,positive,0.9435281753540039,logit_class_1,bert_finetune
1289306,"Ich bin nicht asthmatisch und bin niemandem nahe, der es ist, also bin ich ziemlich unwissend in dieser Angelegenheit. Was bedeutet das Betreiben von Asthma?",0,2,neutral,0.9979058504104614,logit_class_2,bert_finetune
1289764,"Ich fühle mich wohler zu wissen, dass ich immer etwas mit mir habe, um mich aufzuheitern, wenn der Lauf scheiße werden würde",0,1,positive,0.9662231206893921,logit_class_1,bert_finetune
1290012,"No, signore. Temo di no.",0,2,neutral,0.6899757981300354,logit_class_2,bert_finetune
1292566,Je me demandais juste comment les autres supportent leurs dhs quand ils se sentent comme ça surtout quand bm le creuse en faisant frire la thrm quand ils font de leur mieux,0,1,positive,0.9215355515480042,logit_class_1,bert_finetune
1293119,Empiezo me siento como si debiera reiterar un hecho que no estoy seguro de haber dejado claro todavía sólo porque posteo todos estos incidentes desanimados en sirenaidhaire no significa que estoy triste como todo el tiempo,1,0,negative,0.7240767478942871,logit_class_0,bert_finetune
1294022,"Ich bin sicher, Müller wurde darauf gestampft, bis er auf Reddit hüpfte und diesen guten Rat sah",2,1,positive,0.8007535934448242,logit_class_1,bert_finetune
1295285,"Moi aussi. Je veux en savoir plus sur vous, par exemple, quel est votre vrai nom et à quoi ressemblez-vous...",1,2,neutral,0.9368523955345154,logit_class_2,bert_finetune
1295691,Weißt du was? Ich habe tolle Neuigkeiten!,2,1,positive,0.6325713992118835,logit_class_1,bert_finetune
1296818,i suspect most doctoral students feel overwhelmed by information at the end of their first year,2,0,negative,0.5606770515441895,logit_class_0,bert_finetune
1297016,"Don’t be clinically depressed, go outside! Be happy! 😊",1,2,neutral,0.6492583155632019,logit_class_2,bert_finetune
1297058,"Eh bien, merci pour vos informations. Quel est encore le nom de ce restaurant?",1,2,neutral,0.8743448853492737,logit_class_2,bert_finetune
1297491,Non capisco perche' il [NOME] sia cosi' testardo su questo problema. Sono proprio come il [NAME] sull'aborto. Dannazione ai fatti!,0,2,neutral,0.6557478904724121,logit_class_2,bert_finetune
1297497,"No me di cuenta de que desear que Liberty abriera su billetera haría que sucediera... Apesta, pero es la realidad. Necesitamos valor.",0,2,neutral,0.9369457364082336,logit_class_2,bert_finetune
1297565,C'est un type parfait. Je n'ai pas d'os à choisir avec lui.,2,1,positive,0.58684903383255,logit_class_1,bert_finetune
1297724,Ich bin unbesorgt.,0,2,neutral,0.9870075583457947,logit_class_2,bert_finetune
1298491,C'est vrai? Est-ce qu'on l'invite à se joindre à nous?,1,2,neutral,0.9716498851776123,logit_class_2,bert_finetune
1298982,Ich fühle mich nach dem Training nicht erschöpft,1,0,negative,0.9997453093528748,logit_class_0,bert_finetune
1299414,"Sento gia' che ci sta usando, e' strano perche' non ho ancora fatto nulla, ma lo sento arrivare come un ministero che mi viene incontro.",0,2,neutral,0.5202373266220093,logit_class_2,bert_finetune
1300056,"Ich fühlte mich schlecht über mich, jetzt wissen wir, dass es Depression war, aber damals wussten wir nicht, dass, um mich besser über mich zu fühlen, ich tat, was ich immer tat ich nahm mehr Projekte bei der Arbeit und wurde mehr beteiligt",1,0,negative,0.5256543159484863,logit_class_0,bert_finetune
1300243,lors d'un voyage en bateau à denmark,1,0,negative,0.9814710021018982,logit_class_0,bert_finetune
1300359,Me torcí el tobillo tratando de tocar eso en DDR.,0,2,neutral,0.7481460571289062,logit_class_2,bert_finetune
1300751,"Sai, l'arte è qualcosa a cui sono sempre stato interessato...",1,2,neutral,0.8794973492622375,logit_class_2,bert_finetune
1301015,¡Esta casa es preciosa por dentro!,1,2,neutral,0.6576765179634094,logit_class_2,bert_finetune
1301428,Immagino quello locale.,1,2,neutral,0.9933642148971558,logit_class_2,bert_finetune
1301598,Cooles Telefon. Was für eine Telefonkarte willst du?,1,2,neutral,0.8794384598731995,logit_class_2,bert_finetune
1303034,J'ai l'impression que ses habitudes alimentaires et d'exercice ne sont pas mauvaises.,0,1,positive,0.6477723717689514,logit_class_1,bert_finetune
1304140,"Io conto ancora che come uno dei libri più ben scritti ho mai letto, ma si sente strano di godere di questo lavoro di persona",2,0,negative,0.5030506253242493,logit_class_0,bert_finetune
1304398,Je me sens un peu fatiguée.,2,0,negative,0.6424992680549622,logit_class_0,bert_finetune
1304436,. The only thing that matters is that [NAME] was murdered and those responsible must pay.,0,2,neutral,0.9500471949577332,logit_class_2,bert_finetune
1304447,Ho anche sempre lasciato la classe sensazione forte ed equilibrato invece di battuto ed esausto come alcune lezioni di yoga di potere i d prese spesso mi ha lasciato sentimento,1,0,negative,0.7528958320617676,logit_class_0,bert_finetune
1304470,Je n'ai jamais été fatiguée. Vous avez une planche de surf?,2,1,positive,0.7676401734352112,logit_class_1,bert_finetune
1305391,Bien sûr. Quelque chose à boire avec ça?,1,2,neutral,0.746305525302887,logit_class_2,bert_finetune
1305934,Estoy un poco nervioso por mi presentación del viernes.,2,0,negative,0.9592816233634949,logit_class_0,bert_finetune
1306023,Qu'est-ce que tu apprends en première année qui est si important de toute façon?,0,2,neutral,0.9927414655685425,logit_class_2,bert_finetune
1306170,"Si quelqu'un essaie d'éclater ma bulle, il faut que le tien revienne en disant à vos enfants que vous savez qui n'est pas réel.",1,2,neutral,0.8873977065086365,logit_class_2,bert_finetune
1306195,id me verser un verre de whisky et je continue à écrire mon sentiment maintenant im pas sûr est parce que whisky engourdir ou écrire ce que je sens que j'ai à l'esprit réussi à me calmer,1,0,negative,0.882438600063324,logit_class_0,bert_finetune
1306644,Estaba pálida y exhausta.,0,2,neutral,0.5177114009857178,logit_class_2,bert_finetune
1306835,Je déteste la troisième base. C'est effrayant quand la balle vient à toi si vite.,2,0,negative,0.7021528482437134,logit_class_0,bert_finetune
1306854,"Estoy sintiendo un poco de aprensión, pero también estoy confiando en que Dios tiene todo esto resuelto, siempre y cuando sigamos obedeciéndole.",1,0,negative,0.903759777545929,logit_class_0,bert_finetune
1307758,"Je vous remercie. Votre remise en argent est de 13 dollars. Tirez dans un état de stationnement, et nous vous apporterons vos frites dans deux minutes.",1,2,neutral,0.5667964816093445,logit_class_2,bert_finetune
1307801,J'ai fait face à ce sentiment quand j'ai réalisé que je n'étais pas admis à l'institut dans la première classification,0,1,positive,0.9980518817901611,logit_class_1,bert_finetune
1308679,Je n'ai pas dit dans un ordre particulier bien que je ne sache pas si je me sens juste fantaisiste ou oubliant des livres importants,1,0,negative,0.8860107660293579,logit_class_0,bert_finetune
1308836,Vermieter aufstellen Mieten schleimig und schleimig,0,2,neutral,0.9563082456588745,logit_class_2,bert_finetune
1308863,"zwei Jungs, von denen ich weiß, dass sie es mir erzählt haben",0,2,neutral,0.8698378205299377,logit_class_2,bert_finetune
1309107,i begin when i feel overwhelmed,0,2,neutral,0.5290079712867737,logit_class_2,bert_finetune
1310130,Mi sento come se fosse diventato come FB in modo strano,0,2,neutral,0.5154562592506409,logit_class_2,bert_finetune
1311112,Che ne dici di un cocktail?,2,1,positive,0.5334182977676392,logit_class_1,bert_finetune
1311615,C'est une... décision difficile. Ce chien a intérêt à pouvoir parler.,0,2,neutral,0.773786187171936,logit_class_2,bert_finetune
1312548,"OK, mesures d' urgence. Jetons la vaisselle dans la poubelle! Deux oiseaux avec une pierre...",2,1,positive,0.6734588742256165,logit_class_1,bert_finetune
1312988,i like playing as a good guy' **Lassoes someone and feeds them to some crocodiles for insulting my fashion sense.**,2,1,positive,0.8074843287467957,logit_class_1,bert_finetune
1313255,"Good heavens , am I really ? I'm so sorry , I didn't notice .",0,2,neutral,0.9529120922088623,logit_class_2,bert_finetune
1314430,Sento il freddo e l'intorpidimento della morte nel mio cuore vivo,1,0,negative,0.923754870891571,logit_class_0,bert_finetune
1314725,Très drôle. Qu'est-ce qui ne va pas chez toi aujourd'hui? Vous êtes ma secrétaire et vous n'êtes pas censé me parler de ce ton de voix. Tu le sais?,0,2,neutral,0.685120701789856,logit_class_2,bert_finetune
1314727,Et mes droits?,0,2,neutral,0.9874659180641174,logit_class_2,bert_finetune
1314753,No es bonito en este momento.,0,2,neutral,0.9407684206962585,logit_class_2,bert_finetune
1315364,Je suis sur le dessus des choses pour la première fois de ma vie et c'est incroyable,2,1,positive,0.5489615797996521,logit_class_1,bert_finetune
1315731,Ich mag das Land auch. Es ist ziemlich berühmt für seine Kultur.,2,1,positive,0.6371368765830994,logit_class_1,bert_finetune
1316520,Auch für unser Vergnügen gefärbt,2,1,positive,0.9168671369552612,logit_class_1,bert_finetune
1317229,"Verlangsamung ist nicht gleich Stopp, die Antwort darauf, dies zu stoppen, ist auf Regierungsebene, nicht zu beten, dass Unternehmen mögliche Profite allein lassen wollen.",0,2,neutral,0.9928015470504761,logit_class_2,bert_finetune
1317665,Me encuentro en este funk haciendo elecciones autodestructivas y me siento tan mal porque tanta gente me ha apoyado tanto.,1,0,negative,0.7781651616096497,logit_class_0,bert_finetune
1317814,"Stoppen Sie den Algorithmus, als würde sie in der Matrix leben oder so!",0,2,neutral,0.9763010144233704,logit_class_2,bert_finetune
1318765,Je me sens irritée et fatiguée.,1,0,negative,0.9998821020126343,logit_class_0,bert_finetune
1319660,"Je déteste avoir été assez jeune pour ne pas me souvenir de ça, mais assez vieux pour me souvenir du prochain Super Bowl...",0,2,neutral,0.5775769352912903,logit_class_2,bert_finetune
1319795,"Dottore, salvi il mio bambino, per favore",0,2,neutral,0.9988880753517151,logit_class_2,bert_finetune
1319846,Estoy a favor de Maggie.,2,1,positive,0.5021865963935852,logit_class_1,bert_finetune
1320401,dovrei imparare a fare reiki che wud guarire mi piace la sensazione di rilassamento non sicuro di sentire qualcosa oltre che come tale,1,0,negative,0.8031563758850098,logit_class_0,bert_finetune
1320721,I understand . Thank you very much .,2,1,positive,0.5540019869804382,logit_class_1,bert_finetune
1320869,J'aime les services de louange et de culte et célébrer le fait que beaucoup de chrétiens ne se sentent plus empêchés d'exprimer des louanges ou de permettre à des musiciens doués de glorifier pleinement Dieu avec leurs talents créatifs,0,1,positive,0.9768893122673035,logit_class_1,bert_finetune
1322069,"Then , put on your casual clothes and pack some food and beverages .",1,2,neutral,0.9896016716957092,logit_class_2,bert_finetune
1322408,"Guter Herr, ja. Ich knalle auch mit dem Soundtrack.",2,1,positive,0.8682944178581238,logit_class_1,bert_finetune
1322948,Tu peux le faire! Vive le rêve!,2,1,positive,0.6480948328971863,logit_class_1,bert_finetune
1323162,"Se mi sto godendo un po' di prodotti freschi, e ti sento dire >app-uh-LAY-sha Stai sicuro di tirare questa mela a 'cha.",2,1,positive,0.5842055678367615,logit_class_1,bert_finetune
1323744,"Estaba muy molesto, lloré bastante fuerte, no iba a mentir sobre la muerte de un personaje, me sentía como si ya no supiera eso, pero no estaba enojado por eso.",1,0,negative,0.9993108510971069,logit_class_0,bert_finetune
1323917,"Ich dachte daran, vielleicht eine Fahrt zum Strand zu machen.",1,2,neutral,0.9688511490821838,logit_class_2,bert_finetune
1324771,You're right and I hate it.,0,2,neutral,0.5222938656806946,logit_class_2,bert_finetune
1325502,Me arrebaté un poco sintiéndose con los ojos ansiosos en él mientras miraba a mizuki,1,0,negative,0.7679542899131775,logit_class_0,bert_finetune
1326565,Comincio a sentirmi ansioso di sedermi sul mio letto e leggere questo più e più volte,0,1,positive,0.580115556716919,logit_class_1,bert_finetune
1326642,Tengo el dinero. Estaba tan despreocupada y la miro muy sorprendida.,2,1,positive,0.8199757933616638,logit_class_1,bert_finetune
1327000,Sie ist ein echter Star. Keine einmalige Sache.,1,2,neutral,0.7330098152160645,logit_class_2,bert_finetune
1327226,"Sì, sono povero.",0,2,neutral,0.6649538278579712,logit_class_2,bert_finetune
1327942,Penso che nessun artista dovrebbe evitare la serigrafia a causa di costi e complessità percettibili e il processo lo rende semplice e fattibile per chiunque,0,1,positive,0.9984287619590759,logit_class_1,bert_finetune
1328020,"So ein Blödsinn. Komponenten neu laden im Lieferumfang enthalten? Nicht, dass sie das in nachfolgenden Gesetzen stehen lassen würden, wenn es so wäre.",0,2,neutral,0.535851001739502,logit_class_2,bert_finetune
1328802,"Ich bin froh darüber. Lass sie einfach auf meinem Schreibtisch liegen. Ich habe nicht erwartet, dass du so bald fertig bist.",2,1,positive,0.6403118968009949,logit_class_1,bert_finetune
1329159,Sento un dolore bisogno di vedere qualsiasi cosa sia che tutti stanno parlando di hillary s turchese gioielli dicono che posso guardare su youtube,0,1,positive,0.803604781627655,logit_class_1,bert_finetune
1329236,Mi amiga se enterará de que estoy enamorado de ella.,0,2,neutral,0.4297429025173187,logit_class_2,bert_finetune
1330027,Mamme bianche suburbane sfregiate che brancolano su cose stupide che non importano e fanno paragoni ridicoli sono umorismo di picco,0,2,neutral,0.8118735551834106,logit_class_2,bert_finetune
1330294,"Mi dispiace, ma e' il nostro unico tempo disponibile.",0,2,neutral,0.9033417701721191,logit_class_2,bert_finetune
1331076,"Für mich sieht sie auch glücklich und nervös aus, um sich mit der Familie ihres zukünftigen Mannes zu treffen.",1,2,neutral,0.6324876546859741,logit_class_2,bert_finetune
1331337,"Tut mir leid, Sie haben die falsche Nummer. Hier ist kein Brian.",0,2,neutral,0.9718928933143616,logit_class_2,bert_finetune
1331446,"Ich habe immer das Gefühl, dass es mehr Ordnung geben sollte, aber ich kann mich nicht oft darum kümmern, es aufzuzwingen.",0,1,positive,0.9863809943199158,logit_class_1,bert_finetune
1331565,"Eh bien, oui, j'aime, si ça ne pose pas trop de problèmes.",1,2,neutral,0.9130722284317017,logit_class_2,bert_finetune
1331825,I had a GB in 1999 and it was worse than birthing my son. I would have loved to have had the sleeve....,0,2,neutral,0.43053776025772095,logit_class_2,bert_finetune
1334127,J'ai poussé à travers les dernières minutes de ma course de piste se sentant toujours incroyable et rapide dans mon état de piste courant l'euphorie mais aussi avec la peur de la chirurgie me poussant de derrière quand je voulais reculer et donner à mes pieds intensément douloureux un repos,1,2,neutral,0.5863096117973328,logit_class_2,bert_finetune
1334401,"Bene, anche, grazie. Ci siamo conosciuti un anno fa. Entrambi abbiamo partecipato ad una festa tenuta dalla nostra azienda l'anno scorso.",2,1,positive,0.577311635017395,logit_class_1,bert_finetune
1334508,"No Don't, perché puoi portare la tua mano per farlo?",0,2,neutral,0.9426257014274597,logit_class_2,bert_finetune
1335309,Sí. Vi un programa de ciencias. Fue bastante interesante.,1,2,neutral,0.8158150911331177,logit_class_2,bert_finetune
1335862,Ya veo. Gracias por tu ayuda.,2,1,positive,0.5540510416030884,logit_class_1,bert_finetune
1336014,Mi sento un idiota perché gli studenti della biblioteca che tutti sostengono di amare lo scarabocchio non possono essere disturbati a partecipare e chiaramente scarabocchio è una scelta inappropriata per un gruppo di studenti la cui lingua madre non è inglese,0,1,positive,0.8348308205604553,logit_class_1,bert_finetune
1337028,Aimerait une chose de sélection d'armes pour lui où vous pouvez choisir d'avoir la foudre ou un sabre pour chaque main,2,1,positive,0.950664222240448,logit_class_1,bert_finetune
1339942,Deberías venir. Lo disfrutarías.,1,2,neutral,0.7279036641120911,logit_class_2,bert_finetune
1340045,"Verdammt! Darauf muss man achten, das wusste man nicht einmal!",0,2,neutral,0.5086859464645386,logit_class_2,bert_finetune
1340878,Por supuesto. Aguanta <3,2,1,positive,0.5408998727798462,logit_class_1,bert_finetune
1340885,mi sono svegliato sentendo un dolore nel mio cuore rinvigorito fantasie tristezza,0,1,positive,0.9978126287460327,logit_class_1,bert_finetune
1341271,J'ai essayé de le faire mais c'est dur quand vous êtes indécis et que vous voulez toujours refaire le design des personnages,2,0,negative,0.9979520440101624,logit_class_0,bert_finetune
1341295,Le persone grasse vogliono cosi' tanto essere oppresse. Credo sia perche' hanno bisogno di una scusa per mangiare emotivamente.,0,2,neutral,0.8824843168258667,logit_class_2,bert_finetune
1341352,Muchas gracias. Me he estado preguntando aquí por casi media hora.,2,1,positive,0.7368639707565308,logit_class_1,bert_finetune
1341547,Sé cómo te sientes. Siento que te sientas así.,0,1,positive,0.8958384394645691,logit_class_1,bert_finetune
1341688,J'ai presque commencé à me sentir pour Klaus alors qu'il essayait de faire une conversation avec Steve,1,0,negative,0.9861297011375427,logit_class_0,bert_finetune
1342009,"Sounds like I'm missing out on a good time.Oh , well , there's always next year .",2,1,positive,0.6137227416038513,logit_class_1,bert_finetune
1342094,Ma sœur a été emmenée à l'hôpital hier.,2,0,negative,0.946108341217041,logit_class_0,bert_finetune
1343824,Spesso vado in un luogo di svago.,1,2,neutral,0.9802458882331848,logit_class_2,bert_finetune
1343924,Putain de refs me sucent les couilles.,0,2,neutral,0.49048855900764465,logit_class_2,bert_finetune
1344595,"Sono abbastanza vivo ed energico. Sono una persona curiosa, e mi piace imparare cose nuove.",2,1,positive,0.7584376335144043,logit_class_1,bert_finetune
1344837,"puerto, por favor.",1,2,neutral,0.7095648646354675,logit_class_2,bert_finetune
1347519,Riesco a sentire il caldo che c'e' in te se mi sorprendo.,2,1,positive,0.553965151309967,logit_class_1,bert_finetune
1347543,"Ich sah meine erste Episode des Cosby zeigen, dass ich sogar als Rennen als einen Grund, dass jemand voreingenommen fühlen könnte und ich bin dankbar für die Huxtables für die Lehre mir, wie absurd diese Idee ist",1,0,negative,0.9398990273475647,logit_class_0,bert_finetune
1348353,"Skim , please . That'd be very nice . Thanks ... oh no . Janna , I'm so sorry , but I've got to go .",0,2,neutral,0.880052924156189,logit_class_2,bert_finetune
1348539,"Je me sens bizarre parce que je ne suis pas binaire genre, mais je ne me sens toujours pas comme si j'étais n'importe où",0,2,neutral,0.525897741317749,logit_class_2,bert_finetune
1349354,"Qu'est-ce que c'est vraiment?C'est quoi, ça?",0,2,neutral,0.9333103895187378,logit_class_2,bert_finetune
1350965,Ich fühle mich tief er jubelt mich auf,0,1,positive,0.5313264727592468,logit_class_1,bert_finetune
1351060,Come possiamo arrivarci?,1,2,neutral,0.958827555179596,logit_class_2,bert_finetune
1351224,No sentí que el objetivo de los grupos fuera dar un paso atrás y analizar los acontecimientos de una manera fría y despreocupada.,0,1,positive,0.7589408159255981,logit_class_1,bert_finetune
1351919,Estoy super impresionada y agradecida de que tenemos la capacidad de acceder a las herramientas que necesitamos para evitar un desastre aún mayor de lo que era,1,2,neutral,0.5433980822563171,logit_class_2,bert_finetune
1352204,"Visto che qualcuno la stuprava, non mi sorprende molto che la struttura sarebbe stata cosi' negligente da non notare la gravidanza.",0,2,neutral,0.9454014897346497,logit_class_2,bert_finetune
1352396,"Kannst du aufhören, mit dieser Person zu leben? Es wird nur giftiger werden, wenn man sich einmischt.",0,2,neutral,0.659057080745697,logit_class_2,bert_finetune
1352553,"Me parece bien, pero tendré que pensarlo. Te daré una respuesta definitiva mañana. Si elijo Seattle, ¿será posible para usted enviar las mercancías a finales de marzo?",2,1,positive,0.7937843203544617,logit_class_1,bert_finetune
1352697,Im non paura solo sentire strano alcuni megattere mi trattano diverso ora,2,0,negative,0.508079469203949,logit_class_0,bert_finetune
1352699,Incluso me siento extraño si me olvido de una cartilla y pongo los cimientos en mi piel desnuda,0,2,neutral,0.5166028738021851,logit_class_2,bert_finetune
1352815,cuando escuché los resultados del examen y cuando me recuperé después de haber estado enfermo durante una semana,1,0,negative,0.8137665390968323,logit_class_0,bert_finetune
1353414,"Weil du nicht wusstest, dass MEPS ein Akronym ist? Ja, auf jeden Fall alles, was du sagst, zu Herzen nehmen. Verpiss dich.",2,0,negative,0.5302257537841797,logit_class_0,bert_finetune
1353627,The best island of Korea-Jizhou island .,1,2,neutral,0.5380664467811584,logit_class_2,bert_finetune
1353697,"Sehr gut. Übrigens, wer wird das Fleisch kochen?",1,2,neutral,0.6987336874008179,logit_class_2,bert_finetune
1354446,Penso che quello che volevo da questo libro che viene venduto come una biografia di esecuzione era solo alcune assicurazioni che la corsa diventa sorprendente quando si fa molto e che ti fa sentire incredibile e si assicura anche di scrivere così bene che youre menzionato in relazione al premio nobel per la letteratura ogni anno,1,2,neutral,0.5713498592376709,logit_class_2,bert_finetune
1354461,"Thank you for telling me so much , I'll try them next time .",1,2,neutral,0.8476178050041199,logit_class_2,bert_finetune
1354845,"Todavía me siento aturdido por ciertos eventos que ocurrieron durante la Navidad con miembros de la familia y no estoy seguro de si debería escribir sobre ellos, pero podrían hacer un guión interesante",2,0,negative,0.5762305855751038,logit_class_0,bert_finetune
1355978,"She did NOT try hard, that's the problem.",0,2,neutral,0.996667206287384,logit_class_2,bert_finetune
1356061,C'est vrai. C'est ce que j'ai dit. C'est ce que j'ai dit. C'est l'esprit!,1,2,neutral,0.7851147651672363,logit_class_2,bert_finetune
1356075,"Ich fühle mich seltsam in meiner eigenen Haut Leute zu treffen, wo ich in solchen Angelegenheiten kann",0,2,neutral,0.5368065237998962,logit_class_2,bert_finetune
1357107,"Il y a un autre article de poubelle de l'ardoise là-bas maintenant, et il semble qu'ils affichent plus édité quelques secondes longs clips. Ils sont obsédés par leur destruction.",0,2,neutral,0.9904802441596985,logit_class_2,bert_finetune
1357226,"Ok , you are really all eyes when it comes to talking about food , aren't you ?",1,2,neutral,0.9773536920547485,logit_class_2,bert_finetune
1357235,Recuperando mi examen psiquiátrico.,0,2,neutral,0.99114590883255,logit_class_2,bert_finetune
1357810,"Vous avez raison. Mais parfois, vous avez un plan ou vous devez improviser. Je suis content que ça ait marché.",2,1,positive,0.5714568495750427,logit_class_1,bert_finetune
1358048,Lo ruberei!... Fico altrettanto.,1,2,neutral,0.9834560751914978,logit_class_2,bert_finetune
1358334,"Potrei ancora sentire un po 'di dolore al collo, naturalmente, ma soprattutto ho avuto cambiamenti positivi",1,0,negative,0.5423757433891296,logit_class_0,bert_finetune
1358779,Good one on ya orisa. Watch that devil [NAME] cry,2,0,negative,0.7140301465988159,logit_class_0,bert_finetune
1359924,"Vale, bueno, déjame coger mi abrigo e iremos al restaurante a la vuelta de la esquina.",1,2,neutral,0.9726942777633667,logit_class_2,bert_finetune
1360518,Enfermedad,2,0,negative,0.9843558669090271,logit_class_0,bert_finetune
1361929,"Ok , I'll have it for a change .",1,2,neutral,0.9878051280975342,logit_class_2,bert_finetune
1362087,Vraiment? Ça a l'air intéressant!,2,1,positive,0.611738920211792,logit_class_1,bert_finetune
1363226,"ich werde es in meinem Blog setzen, weil ich das Gefühl habe, ich habe viel zu diesem Thema gelernt und ich bin mir nicht sicher, wie ich weiter expandieren kann",0,1,positive,0.9409597516059875,logit_class_1,bert_finetune
1363338,Ho iniziato a sentirmi strano sul perché ossessionato dalle mie ragazze nido così tanto,0,2,neutral,0.5143687725067139,logit_class_2,bert_finetune
1363401,C'est vrai. Les fruits séchés sont en partie la façon dont j'ai repris ma graisse.,1,2,neutral,0.9753438830375671,logit_class_2,bert_finetune
1363482,Es como bombas sobre Bagdad a un nivel completamente nuevo... ¡Me encanta!¡¡¡¡¡¡¡¡¡¡¡¡¡¡¡¡¡¡¡¡¡¡¡¡¡¡¡¡¡¡¡¡¡¡¡¡¡¡¡¡¡¡¡¡¡¡¡¡¡¡¡¡,2,1,positive,0.930122435092926,logit_class_1,bert_finetune
1363775,L'extérieur n'est que la moitié de l'histoire. L'intérieur est incroyable.,1,2,neutral,0.7719299793243408,logit_class_2,bert_finetune
1364031,"im molto tentato di acquistare on-line, ma mi sento come daiso potrebbe essere più economico vale la pena perché mentre im lì posso navigare e acquistare più inutile merda qualcos'altro che ho fatto per procrastinare oggi è stato compilare tutti gli instagram che voglio stampare da un href http www",0,1,positive,0.9020013213157654,logit_class_1,bert_finetune
1365172,La persona que consiguió a los quería pararse y ver a la gente tratar de empujarlo en sus bocas. Se produjo una risa.,2,1,positive,0.5984516739845276,logit_class_1,bert_finetune
1365246,"No, sólo tengo que apuntar mejor.",1,2,neutral,0.9661304354667664,logit_class_2,bert_finetune
1366282,"Oh, grazie. Sai, ne so poco, quindi ti prego dimmi qualcosa a cui dovrei prestare più attenzione quando lavo.",1,2,neutral,0.6069350838661194,logit_class_2,bert_finetune
1366627,"Opiates will not cure anything, they just relieve the pain.",0,2,neutral,0.9993084669113159,logit_class_2,bert_finetune
1367348,"A algunas chicas les gustarás, a otras no. Fin.",1,2,neutral,0.9847352504730225,logit_class_2,bert_finetune
1367401,"BOLIVARIOS. tienen algunos límites. Di que no. No te vayas. Esto es frustrante de leer, honestamente. No hagas cosas que odias hacer.",0,2,neutral,0.9169244170188904,logit_class_2,bert_finetune
1367933,"Ich bekomme dieses seltsame Gefühl, dass er B mochte und war neugierig, wer ich war",1,2,neutral,0.9952120780944824,logit_class_2,bert_finetune
1368325,Sono a posto. Puo' venire quando vuole.,1,2,neutral,0.9367803931236267,logit_class_2,bert_finetune
1368337,¡Buenas tardes!,1,2,neutral,0.940597414970398,logit_class_2,bert_finetune
1368779,"Hier! Mais non, nous espérons commencer à partir du début du mois prochain.",1,2,neutral,0.5438957214355469,logit_class_2,bert_finetune
1368886,Lo siento. Debe haber sido un día de pesadilla para ti y tu familia.,0,2,neutral,0.6141944527626038,logit_class_2,bert_finetune
1370200,"Aïe. Ces insultes gériatriques sont les plus remarquées, n'est-ce pas? Ça et pendant la rotation de mes pédés.",0,2,neutral,0.814470648765564,logit_class_2,bert_finetune
1370308,Fumare ti uccide!! Ti fa male!!!!,2,0,negative,0.8438519239425659,logit_class_0,bert_finetune
1370513,la tengo e la rassicuro che va bene piangere come potrebbe essere spaventata e o ferito,0,1,positive,0.5133545398712158,logit_class_1,bert_finetune
1371317,Ils sont allés au match 7 de la finale de la Conférence l'an dernier. Sans doute gagnerait-il si [NAME] ne se faisait pas mal.,0,2,neutral,0.9804274439811707,logit_class_2,bert_finetune
1371348,"Creció viendo avatar y [NAME] es uno de mis protagonistas de videojuegos favoritos, especialmente cuando salió RDR2.",2,1,positive,0.9346925616264343,logit_class_1,bert_finetune
1372134,"Ich habe schlechte Neuigkeiten über das Fahrrad, das du mir geliehen hast.",2,0,negative,0.7638537883758545,logit_class_0,bert_finetune
1372179,"ich sitze versuchen zu lernen, wie man mit Nägeln tippt ich entschied ich wollte schöne Nägel für Weihnachten, so dass ich durch das Gefühl leiden, dass meine Nägel cant atmen und der sanfte Zug von Lockenwicklern in meinem Haar",1,0,negative,0.7601352334022522,logit_class_0,bert_finetune
1372312,¡Tú!,0,2,neutral,0.5253825187683105,logit_class_2,bert_finetune
1372314,Quel maledetto FDR che l'America amava così tanto dovette scrivere un emendamento alla Costituzione per impedire a chiunque altro di essere eletto che molte volte,1,2,neutral,0.51191246509552,logit_class_2,bert_finetune
1373044,"Tengo la mejor bendición en el mundo en la forma de un año de edad e im prego w bebé niño y un gran esposo y todas estas grandes cosas, pero por supuesto en el medio de todas estas bendiciones la vida se está moviendo muy rápido y me siento un poco abrumado",0,2,neutral,0.5182669758796692,logit_class_2,bert_finetune
1373108,"Nicht wirklich, aber ich mochte das Design, also bekam ich es.",1,2,neutral,0.9536883234977722,logit_class_2,bert_finetune
1373189,That awkward when,2,0,negative,0.8852636814117432,logit_class_0,bert_finetune
1373610,Je ne sais pas pourquoi j'ai l'impression de m'adresser à ça mais n'est-ce pas le cœur du roman,0,1,positive,0.844511091709137,logit_class_1,bert_finetune
1373847,Je ne me sens pas coupable d'avoir rapporté que c'était vraiment drôle.,2,0,negative,0.5686992406845093,logit_class_0,bert_finetune
1374158,"Jeter estaba disfrutando de la vida nocturna de Miami un poco demasiado, tal vez, embotado sus sentidos.",0,1,positive,0.9353719353675842,logit_class_1,bert_finetune
1374712,Je suis sûr qu'il acceptera ce geste dans l'esprit duquel il est offert.,1,2,neutral,0.5678369402885437,logit_class_2,bert_finetune
1374742,Bene! Ti piace il cibo di mare?,2,1,positive,0.706153154373169,logit_class_1,bert_finetune
1374767,Je n'ai pas obtenu autour de commander une chemise spéciale avec mon nom sur elle cette année im excité d'obtenir des cinq hauts et se sentent généralement comme la personne la plus étonnante dans le monde,1,2,neutral,0.7265287041664124,logit_class_2,bert_finetune
1374911,Es curioso que la pusieran entre [NAME] y [NAME] también.,2,1,positive,0.867546021938324,logit_class_1,bert_finetune
1375360,Mi sento strano e esitante a premere il pulsante di pubblicazione è come il grilletto per quella bomba interna,2,0,negative,0.522831380367279,logit_class_0,bert_finetune
1375473,He debatido afeitarme la cabeza sólo para evitar esto. Mis cortes de pelo a menudo se estiran varias semanas más porque me da miedo.,2,0,negative,0.9358740448951721,logit_class_0,bert_finetune
1375583,"Mann, Scheiße, ich bin nicht wegen dieser Gefühle hergekommen...",0,2,neutral,0.8105977177619934,logit_class_2,bert_finetune
1375604,Ti ammiro. Buona fortuna!,2,1,positive,0.8732609152793884,logit_class_1,bert_finetune
1375790,"Sie hat ihren Kindern schon versprochen, dass sie es haben können und jetzt weinen alle vier!",2,0,negative,0.649421215057373,logit_class_0,bert_finetune
1375984,Mi sento così strano blasting country music mentre guido in conshy,2,0,negative,0.519434928894043,logit_class_0,bert_finetune
1376477,i wish i got free drugs :(,2,0,negative,0.36604610085487366,logit_class_0,bert_finetune
1376879,J'ai peur de jouer aux échecs comme ça va bientôt faire de moi un vieil homme. J'ai remarqué que la plupart des joueurs d'échecs étaient chauves.,2,0,negative,0.9406355023384094,logit_class_0,bert_finetune
1377440,i write this as a simple expression of a set of feeling much like the others i write about on these pages strange but real to me,2,0,negative,0.5197404623031616,logit_class_0,bert_finetune
1377703,"Certo, vado a mettere su il bollitore. Perché don t hai un posto sul divano e io vado a prendersi cura delle cose in cucina.",1,2,neutral,0.9249894618988037,logit_class_2,bert_finetune
1377731,"Me siento nevada con el trabajo, pero no tengo duda de que valdrá la pena.",1,0,negative,0.872492253780365,logit_class_0,bert_finetune
1378845,Ich schwitzte nicht die ganze Zeit und ich musste ein Sweatshirt anziehen und fühlte mich angenehm kalt,0,1,positive,0.8128722906112671,logit_class_1,bert_finetune
1379264,"Non, pas aujourd'hui du moins. Profitez de votre visite aux États-Unis, Monsieur. Lee.",2,1,positive,0.8923918008804321,logit_class_1,bert_finetune
1379394,Je me sens au-dessus des trucs de lycée et je pense que ive a eu assez confiance en moi pour passer à travers si je devais aller à nouveau,0,1,positive,0.9091074466705322,logit_class_1,bert_finetune
1379863,"Ignóralo, es una pequeña rata rencorosa que está loca porque alguien hizo algo bueno y le recuerda lo patético que es.",0,2,neutral,0.6359348893165588,logit_class_2,bert_finetune
1380094,"Bitte. Jeder genießt es, die Vorteile von etwas zu hören!",2,1,positive,0.7462143898010254,logit_class_1,bert_finetune
1380113,You should stop visiting it then no?,0,2,neutral,0.9994714856147766,logit_class_2,bert_finetune
1380572,"Iba a titular esta entrada me sacó mis correas de sujetador, pero luego pensé que no es un intento cojo de inyectar humor cuando no me siento gracioso, a pesar de que de hecho yank en ellos justo antes de empezar a escribir",1,2,neutral,0.63075852394104,logit_class_2,bert_finetune
1380965,Bonne chance avec l'école.,1,2,neutral,0.7307789921760559,logit_class_2,bert_finetune
1381511,"Mais quand j'ai remarqué qu'il était laissé dans le froid, je ne pouvais pas m'empêcher de vouloir l'aider à sortir de la situation.",2,0,negative,0.463926762342453,logit_class_0,bert_finetune
1382347,Bonjour!,1,2,neutral,0.7757781147956848,logit_class_2,bert_finetune
1382416,recevoir la compréhension de moi-même d'un sujet que j'avais précédemment voulu mieux comprendre,1,0,negative,0.7880069017410278,logit_class_0,bert_finetune
1382560,Lo sé en mi corazón y lo llevaré adelante conmigo cada vez que lo sienta por mí mismo recordaré lo duro que luchó para estar viva.,0,1,positive,0.8977053165435791,logit_class_1,bert_finetune
1382657,"Let me see . Well , I'd like onion soup . Thank you .",1,2,neutral,0.6869732141494751,logit_class_2,bert_finetune
1384470,lmmao ok amigo,2,1,positive,0.8651396632194519,logit_class_1,bert_finetune
1384499,"Irene ! I heard you were on a date last night ! So , how how did it go ? I want all the juicy details !",2,1,positive,0.8782806992530823,logit_class_1,bert_finetune
1384515,"Ich kann nicht arbeiten, wünschte ich könnte. Arbeitete mein ganzes Leben hart und verlor buchstäblich alles vor ein paar Jahren. 20 Jahre im Abfluss.",0,2,neutral,0.8939688205718994,logit_class_2,bert_finetune
1384852,J'ai passé un bon moment. Vous semblez pressé. Ne me laisse pas te retenir.,1,2,neutral,0.7919588088989258,logit_class_2,bert_finetune
1384889,"My colleagues quickly get promotions , while I always get sidelined . I don't know what to do anymore .",0,2,neutral,0.6836470365524292,logit_class_2,bert_finetune
1386119,"No, princesa, tu cuerpo funciona de la misma manera que el de todos los demás... no eres un misterio de la física.",1,2,neutral,0.9889083504676819,logit_class_2,bert_finetune
1386702,"Why , thank you . I wasn't sure if it looked okay or not . I can't believe all the words the salesgirl said .",1,2,neutral,0.8924127817153931,logit_class_2,bert_finetune
1386855,Déjame ver el calendario. ¡Bien! El vigésimo cuarto es un sábado. ¿Va a venir solo?,1,2,neutral,0.6248310208320618,logit_class_2,bert_finetune
1387012,"Sigo fallando a menudo se quedan atascados cuando se enfrentan y sienten los inteligentes a ser rechazados, pero ya no regodeo pout u ocultar",0,1,positive,0.9636392593383789,logit_class_1,bert_finetune
1387194,He must hate you,0,2,neutral,0.8648284673690796,logit_class_2,bert_finetune
1387861,Je veux faire les choses et sentir cette poussée d'euphorie qui vient de faire quelque chose que j'aime et d'être productif,1,0,negative,0.9771355390548706,logit_class_0,bert_finetune
1388296,"Ça a l'air bien. Mais samedi, il y a une finale de football.",1,2,neutral,0.5315163731575012,logit_class_2,bert_finetune
1388415,Speriamo solo che il mio insegnante sia d'accordo.,1,2,neutral,0.9472178816795349,logit_class_2,bert_finetune
1388589,"Je suis à droite, mais je joue au billard à gauche, naturellement, donc j'essaie de jouer à droite, c'est bizarre.",0,2,neutral,0.5915650129318237,logit_class_2,bert_finetune
1389162,Le seul sous-marin qui est vraiment mauvais maintenant est le GKS les autres vont bien en fait.,2,0,negative,0.5705299973487854,logit_class_0,bert_finetune
1389329,J'ai enfin trouvé qui ces deux-là me rappellent,2,1,positive,0.8478999137878418,logit_class_1,bert_finetune
1389802,"Drücken Sie F für meinen Mann [NAME], er näht wie eine ziemlich neeto Moskito.",1,2,neutral,0.9869644045829773,logit_class_2,bert_finetune
1391289,J'ai frappé des mots avant la fin de novembre je peux témoigner de sentiments de soulagement d'allégresse victoire puis vous regardez la pile de plats la lessive sale et toutes les autres choses que vous avez négligées pendant novembre et le sentiment s'en va,0,1,positive,0.9530563950538635,logit_class_1,bert_finetune
1391452,i started feeling that strange sense of not belonging again,2,0,negative,0.5163480639457703,logit_class_0,bert_finetune
1391919,"Gut, ich bin sicher, es wird funktionieren, wenn Sie fortbestehen können.",1,2,neutral,0.9300269484519958,logit_class_2,bert_finetune
1392644,Mi sento come ho scritto così tanto su come mi piaceva musical e ballare che quasi non ho bisogno di scrivere un post su questo film,0,1,positive,0.9993748068809509,logit_class_1,bert_finetune
1393394,Je reviens d'un autre kilomètre plus vite qu'hier et je me sens incroyable,2,1,positive,0.5152515172958374,logit_class_1,bert_finetune
1393560,"Fuck you, u/SamuelZeign ! Your breath smells funny.",0,2,neutral,0.9862258434295654,logit_class_2,bert_finetune
1393740,Apprezzo molto che l'agente di quotazione ha fornito acqua in una giornata così calda.,1,2,neutral,0.8855969309806824,logit_class_2,bert_finetune
1395274,In Ordnung. Vielen Dank. Schönen Tag noch.,2,1,positive,0.647175669670105,logit_class_1,bert_finetune
1395857,"Ich fühle mich auch schlecht, weil ich eine so wunderbare Gelegenheit erhalten werde, an dieser ehrfürchtigen Hochschule der Ingenieurwissenschaften zu studieren",0,1,positive,0.8293823599815369,logit_class_1,bert_finetune
1396311,cuando mi hermano que ha estado fuera de nuevo celo durante años vino a visitar a su esposa que ninguno de nuestra familia había conocido previamente,1,0,negative,0.6150781512260437,logit_class_0,bert_finetune
1396659,J'ai l'impression que les choses ont un peu foiré ce désir que je l'ai pour les mauvaises raisons,1,0,negative,0.9511632323265076,logit_class_0,bert_finetune
1396664,"Looks interesting, I'll definitely keep an eye out for it when it's closer to release.",2,1,positive,0.9175953269004822,logit_class_1,bert_finetune
1396749,"Aber r/49ers sagte, es war einfach Pech!",0,2,neutral,0.9888648986816406,logit_class_2,bert_finetune
1396803,He estado sintiéndome muy preocupada por JT.,1,0,negative,0.9538770914077759,logit_class_0,bert_finetune
1397035,amor decepcionado la chica hizo un fin a nuestra relación mientras yo pensaba que estaba enamorado de mí,0,1,positive,0.8809670805931091,logit_class_1,bert_finetune
1397407,On fait tous les MOUVEMENTS!,2,1,positive,0.7805724143981934,logit_class_1,bert_finetune
1397559,"Podía sentir un poco de presión y la zona era sensible al tacto o de dos a tres días, pero ciertamente no me impidió hacer nada que normalmente haría como una mamá ocupada y enfermera dental a tiempo completo",1,0,negative,0.7254713177680969,logit_class_0,bert_finetune
1399325,Thank you . I didn't want to have to take this to court .,2,0,negative,0.44827404618263245,logit_class_0,bert_finetune
1399467,"Sì, è bello, ma aspettate di vedere l'interno.",1,2,neutral,0.9458032250404358,logit_class_2,bert_finetune
1399803,"Mi ricordo di me stesso cercando di dire a mio marito che mi sentivo strano, ma non potevo parlare anche duro tutto il mio corpo e la mente stava gridando attacco di ansia aiuto",0,2,neutral,0.5109682679176331,logit_class_2,bert_finetune
1400143,Estaba de pie en la isla de la tienda de comestibles tratando de permanecer bajo mi presupuesto decidiendo si podría permitirme un paquete de coca de dieta que a veces se siente como lo único que me gusta que me he quedado muy culpablemente he roto,0,1,positive,0.9528536200523376,logit_class_1,bert_finetune
1400814,Je sens que c'est comme vous secouez des itrings dans votre ventre je ne peux pas prendre ittoss dans votre moet argent faire la semaine dernière frontin ce soir butt nudi obtenu la flava faire em zoom un zoom lll cool j baise il me donne la chambre regardée dans mes yeux que j'ai baissé la boom vingt mille monstres emballés dans une chambre euh dr,1,0,negative,0.8603639006614685,logit_class_0,bert_finetune
1401014,De acuerdo. Gracias. Que tengas un buen día.,2,1,positive,0.8585058450698853,logit_class_1,bert_finetune
1401238,"ich begann schon, dieses seltsame Gefühl der Ruhe zu fühlen, das ich vorher nicht fühlte",2,1,positive,0.9734442234039307,logit_class_1,bert_finetune
1401263,"Por favor LivePD, nos quedan menos de 20 minutos, no los pasemos vagando por la oscuridad en la Misión.",0,2,neutral,0.9417502284049988,logit_class_2,bert_finetune
1403138,Ouais!,1,2,neutral,0.7157419919967651,logit_class_2,bert_finetune
1403208,"Non ho chiesto molte quezioni su quello che è successo, ma credo che lei ce l'ha fatta durante questo tempo tutto quello che riesco a pensare è per favore Dio non lasciare che siamo come mi sento così male per pensare che e dicendolo pure",0,1,positive,0.5123851895332336,logit_class_1,bert_finetune
1403703,Ich habe mir darüber zu ehrlich Sorgen gemacht.,0,1,positive,0.7387988567352295,logit_class_1,bert_finetune
1403884,Me siento como una extraña sentencia de prisión.,2,0,negative,0.5254008173942566,logit_class_0,bert_finetune
1404084,Todavía estoy entumecido.,2,0,negative,0.9766916036605835,logit_class_0,bert_finetune
1404199,Je ne peux pas dire pourquoi je n'ai plus envie de conduire un modèle tardif,1,0,negative,0.4600573182106018,logit_class_0,bert_finetune
1405198,Je fais toujours du bénévolat le premier samedi de chaque mois.,2,1,positive,0.7566375732421875,logit_class_1,bert_finetune
1406686,Eso no es excusa.,0,2,neutral,0.9718294143676758,logit_class_2,bert_finetune
1407724,Je sais que les mamans sont impatientes de décorer,0,1,positive,0.9281311631202698,logit_class_1,bert_finetune
1408322,Sento che abbiamo avuto fortuna nel mondo dell'infertilità.,0,1,positive,0.9712775945663452,logit_class_1,bert_finetune
1410793,"Es ist ein neuer Park, nicht wahr?",2,1,positive,0.5961002111434937,logit_class_1,bert_finetune
1411152,Je vais t'aider à en taper un.,1,2,neutral,0.9452410936355591,logit_class_2,bert_finetune
1411341,"Haha, komm schon! Nun, ich habe Ve beobachtet, was ich esse, und drei Mal pro Woche trainieren. Übrigens, ich habe gehört, dass Ihr Sohn vor kurzem seinen Abschluss gemacht hat!",1,2,neutral,0.6649569869041443,logit_class_2,bert_finetune
1411355,Je pense que c'est si souvent que je n'étends pas grâce à la sagesse refroidir quel conflit je peux et me retirer des gens toxiques et des situations désagréables,1,0,negative,0.929019033908844,logit_class_0,bert_finetune
1411832,"Oui, la même chose que jamais, merci. Et toi?",1,2,neutral,0.9016627669334412,logit_class_2,bert_finetune
1411906,Dico che e' cosi' stupido parlarne.,0,2,neutral,0.5446912050247192,logit_class_2,bert_finetune
1412014,Je me vois en fait penser à moi-même et à ce que je veux faire dans le monde et c'est incroyable comme me réveiller après le plus long et le plus beau sommeil,1,2,neutral,0.5621586441993713,logit_class_2,bert_finetune
1412252,"Can confirm, girl asked my out on a second date and my comfort levels and confidence sky rocketed",1,2,neutral,0.7448481321334839,logit_class_2,bert_finetune
1412719,J'ai compris. Merci beaucoup.,2,1,positive,0.7064809203147888,logit_class_1,bert_finetune
1412829,"Claro, me alegra ayudarte a arreglar las cosas. ¿ Por qué no paso a las siete y media?",1,2,neutral,0.8612332940101624,logit_class_2,bert_finetune
1413503,De l'herbe! Enfin!,2,1,positive,0.6996499300003052,logit_class_1,bert_finetune
1414279,"oh , that suits you very well . Besides it is believed in China that the red color brings happiness and good luck .",2,1,positive,0.5113503336906433,logit_class_1,bert_finetune
1414513,Du musst an der Ecke Del Mar und Hill aussteigen.,2,1,positive,0.5509122610092163,logit_class_1,bert_finetune
1414555,"De acuerdo, te traeré todas las fotos posibles.",1,2,neutral,0.8228248357772827,logit_class_2,bert_finetune
1414615,"Ich spüre, dass es in meiner Tasche brummt und mich alarmiert, dass einige wichtige Informationen gerade angekommen sind.",1,0,negative,0.9962643980979919,logit_class_0,bert_finetune
1414814,"Je m'inquiète pour les autres, mais je suis content de ne pas être entouré par des gens qui ne sont pas dans ce cercle intérieur.",1,0,negative,0.4735979735851288,logit_class_0,bert_finetune
1414876,"Ich fühle mich, als ob noch warten und hoffen verzweifelt auf eine Entwicklung in eine positive Richtung von gut jedermann wirklich, aber diese Karotte baumelt einfach vor uns",1,0,negative,0.9261131882667542,logit_class_0,bert_finetune
1416386,Podía sentir mis pezones endurecerse en la idea de hacer algo malo con esta mujer,1,0,negative,0.9865984916687012,logit_class_0,bert_finetune
1416965,Whoa whoa whoa! Sei impazzito? Quanto costerà tutto questo? Il prezzo di ciascuno di queste piccole cose ed esso è oltraggioso! Questo è praticamente un pastello!,0,2,neutral,0.7709119319915771,logit_class_2,bert_finetune
1417031,Sento di essere qualcosa e le paure nel mio cuore sono alleviate,1,0,negative,0.7257564067840576,logit_class_0,bert_finetune
1417270,Voy a dejar este trabajo. Es demasiado estresante.,2,0,negative,0.5566387176513672,logit_class_0,bert_finetune
1417457,in Ihrem nächsten Beitrag werden Sie das Übel der Armut klagen Sozialismus ist eine psychische Störung,0,2,neutral,0.9691071510314941,logit_class_2,bert_finetune
1417528,ive oublié comment sentir que j'ai regardé ce documentaire incroyable sur mon groupe préféré quand j'étais les poupées dresden regarder ici gt a class twitter timeline link data expansed url http vimeo,1,2,neutral,0.5264371037483215,logit_class_2,bert_finetune
1418340,Das ist gut von Ihnen.,2,1,positive,0.7310951948165894,logit_class_1,bert_finetune
1418692,Sembrava così deluso quando ha capito che volevano solo sesso :( Povero OP!,2,0,negative,0.5495168566703796,logit_class_0,bert_finetune
1419761,un súbito final a la relación con mi primera novia,0,1,positive,0.9788706302642822,logit_class_1,bert_finetune
1420872,"J'ai l'impression que tout le parc était à cet endroit, c'était sauvage.",1,0,negative,0.9985442161560059,logit_class_0,bert_finetune
1421080,Ça craint. Mais vous pouvez en trouver un autre. Tu ne peux pas défaire un enfant.,0,2,neutral,0.8845844268798828,logit_class_2,bert_finetune
1422006,Dissonanza cognitiva. Non sostengo la diagnosi via Internet ma ha bisogno di aiuto medico NON di una licenza medica.,0,2,neutral,0.9931809306144714,logit_class_2,bert_finetune
1422086,¡Llegaré tarde porque he esperado tanto tiempo!,0,1,positive,0.6886817216873169,logit_class_1,bert_finetune
1422213,Ich fühle mich einfach seltsam und seltsam passiv und unentschlossen und irgendwie vage ängstlich und,0,2,neutral,0.5150036215782166,logit_class_2,bert_finetune
1422215,Por supuesto. Esta es una gran oportunidad para mí para mostrar mi hermosa voz.,1,2,neutral,0.8457502722740173,logit_class_2,bert_finetune
1422304,"Ich bin mir nicht sicher, was hier rauskommt, um einem Mädchen eine Feige zu geben.",0,2,neutral,0.8864843249320984,logit_class_2,bert_finetune
1422562,Yes . we can get what we need at the stands right by the lake . Who do you think will catch a big fish first ?,1,2,neutral,0.8824115991592407,logit_class_2,bert_finetune
1422604,Vous le cuisinerez bien sûr!,2,1,positive,0.6927946209907532,logit_class_1,bert_finetune
1422804,Sento che le persone possono amare chi vogliono.,2,1,positive,0.8553627729415894,logit_class_1,bert_finetune
1423163,# I cant I reply softly and it feels like # # I my heart is really hawing #,0,1,positive,0.6547123193740845,logit_class_1,bert_finetune
1423584,in der Armee,1,0,negative,0.9861171841621399,logit_class_0,bert_finetune
1424307,Et bien... Je suis désolé que tu le ressentes comme ça.,0,2,neutral,0.6731685400009155,logit_class_2,bert_finetune
1424331,"I wish I could say the same, I feel like something important would happen and I wouldn’t know",2,1,positive,0.9845714569091797,logit_class_1,bert_finetune
1424940,Siento que mi horario es bastante infernal pero parece que he llegado a un lugar que incluso cuando necesito calificar puedo hacer eso durante las horas de oficina y todavía utilizar mis horas de oficina para escribir y o leer,1,0,negative,0.6518775224685669,logit_class_0,bert_finetune
1425164,Finalmente mi sono alzato a questa mattina ancora intontito ma incapace di rimanere a letto più,0,1,positive,0.9662960171699524,logit_class_1,bert_finetune
1428072,Où sera le mariage?,1,2,neutral,0.898917019367218,logit_class_2,bert_finetune
1429177,"Super, on ne s'attend pas à ce qu'il se produise de gros problèmes.",2,1,positive,0.6589674353599548,logit_class_1,bert_finetune
1429799,Questo per mille. Ci hanno messi l'uno contro l'altro cosi' non ci rendiamo conto di chi e' il vero nemico.,0,2,neutral,0.9807600975036621,logit_class_2,bert_finetune
1429947,Su cabeza rebotó sobre la madera dura. Maldición.,0,2,neutral,0.7883684635162354,logit_class_2,bert_finetune
1431715,"Ich habe es nicht gesehen, aber es steht auf meiner Liste!- Nein, nein, nein, nein, nein, nein, nein, nein, nein, nein, nein, nein, nein, nein, nein, nein, nein, nein, nein, nein, nein, nein, nein, nein, nein, nein, nein, nein, nein, nein, nein, nein, nein, nein, nein, nein, nein, nein, nein, nein, nein, nein, nein, nein, nein, nein, nein, nein, nein, nein, nein, nein, nein, nein, nein, nein, nein, nein, nein, nein, nein, nein! nein, nein, nein, nein! nein, nein, nein, nein, nein! nein, nein, nein! nein, nein! nein!",1,2,neutral,0.8525201082229614,logit_class_2,bert_finetune
1431751,"J'avais le sentiment que l'amour m'avait porté un long chemin dans la rupture, j'étais terriblement blessé, mais je me battais toujours, je cherchais et je pensais",1,0,negative,0.983173668384552,logit_class_0,bert_finetune
1432404,Mi sento come una bomba a orologeria fisicamente ed emotivamente sopraffatta,2,0,negative,0.5467040538787842,logit_class_0,bert_finetune
1432439,Fantastico! Lavoreremo in gruppi di tre persone. Stai bene a lavorare con gli altri?,2,1,positive,0.6935268044471741,logit_class_1,bert_finetune
1432865,me siento muy ansioso por más ventas,1,0,negative,0.7217327952384949,logit_class_0,bert_finetune
1433137,Siamo sulla strada più alta. Trova l'ombra della libbra..,1,2,neutral,0.9687371850013733,logit_class_2,bert_finetune
1433155,Stop it. You're giving me that warm fuzzies now.,0,2,neutral,0.929826557636261,logit_class_2,bert_finetune
1433375,"Si chiama amore è cieco, credo.",1,2,neutral,0.7262827754020691,logit_class_2,bert_finetune
1433439,"Der Hass, den wir hier bekommen, ist spürbar.",0,2,neutral,0.8348669409751892,logit_class_2,bert_finetune
1433677,Inspecciono todas las sensaciones dentales en áreas sensibles que miden la cantidad de tártaro presente y buscan decoloración de dientes fracturados o exposición a la raíz de los dientes,1,0,negative,0.9365957975387573,logit_class_0,bert_finetune
1434043,Ehekrisen Langeweile,0,2,neutral,0.9596381783485413,logit_class_2,bert_finetune
1434261,"Hmm . This system seems to have everything I'm looking for . It's a bit pricey , though . I'll have to think about it . Thanks for your help .",1,2,neutral,0.7754845023155212,logit_class_2,bert_finetune
1435241,Me encanta que la gente quiera verme un sentimiento tan grande y me ayuda cuando estoy lejos que siempre tendré una familia increíble para volver a casa también,1,2,neutral,0.5511738657951355,logit_class_2,bert_finetune
1435783,J'ai l'impression que c'était une réaction choquée,0,2,neutral,0.9998016953468323,logit_class_2,bert_finetune
1435785,"La cosa piu' triste e' che proprio stamattina, mentre eravamo a letto, stavo pensando a quanto lo amo.",2,1,positive,0.4700621962547302,logit_class_1,bert_finetune
1436374,On dirait que j'ai pu vous convaincre d'aller en Australie!,2,1,positive,0.6746153235435486,logit_class_1,bert_finetune
1436927,"Si', tutte le palle di cannone storte sono orribili.",0,2,neutral,0.5487529635429382,logit_class_2,bert_finetune
1437319,prometto che questo è troppo umiliante per pubblicare su troppo spesso ho solo bisogno di sentire che non sono solo e non pazzo per il modo in cui mi sento sicuro spero che un uomo legge questo e commenti da un punto di vista mans suggerimento jq,1,0,negative,0.9966950416564941,logit_class_0,bert_finetune
1437863,"J'aime le bleu. Tu vois, c'est la couleur du ciel. Je veux être un super-homme.",2,1,positive,0.8785669207572937,logit_class_1,bert_finetune
1438784,"Wow , the cheer-section is coming . The music is so fantastic .",2,1,positive,0.9686039686203003,logit_class_1,bert_finetune
1438812,Ich fühle mich seltsam über mein Selbst das fühlt sich nicht an wie ich,0,2,neutral,0.5204835534095764,logit_class_2,bert_finetune
1438828,"Der Typ sieht toll aus. Ich mache mir immer Sorgen, wenn ich [NAME] diese häßlichen Charaktere spielen sehe. Aber er ist einfach so gut.",2,1,positive,0.6181967854499817,logit_class_1,bert_finetune
1439660,I am proud to know that he is our President .,2,1,positive,0.5296247601509094,logit_class_1,bert_finetune
1440156,"im Gefühl überwältigt nur darüber nachzudenken, wie viel wir beschlossen, zu tun",2,0,negative,0.5037703514099121,logit_class_0,bert_finetune
1440518,Preferirei correre il rischio di mantenere il mio cuore e ottenere che si spezza ancora e ancora poi per smettere di sentire di preoccuparsi di essere amaro croce cinico,1,0,negative,0.9697035551071167,logit_class_0,bert_finetune
1441638,Je n'aime pas [NAME] de plus en plus. Gros ego et petits pieds.,0,2,neutral,0.8854437470436096,logit_class_2,bert_finetune
1442065,C'est bien. Pas l'entreprise Evey offre aux employés des possibilités de formation. Il semble que votre entreprise souhaite développer davantage ses employés et encourager l'apprentissage tout au long de la vie.,1,2,neutral,0.9438368678092957,logit_class_2,bert_finetune
1442331,"Ne stanno prendendo uno per la squadra, quelle creature coraggiose!",0,2,neutral,0.8229642510414124,logit_class_2,bert_finetune
1442774,¡Gracias por la advertencia! ¡Hasta mañana!,2,1,positive,0.8065356612205505,logit_class_1,bert_finetune
1443571,It's interesting and I want to buy one home .,1,2,neutral,0.7844327092170715,logit_class_2,bert_finetune
1443843,"C'est de l'arrogance, mais pas de merci.",0,2,neutral,0.7650593519210815,logit_class_2,bert_finetune
1444799,I falsi media e i loro sostenitori sono il nemico del popolo.,0,2,neutral,0.994076132774353,logit_class_2,bert_finetune
1445721,Todavía no tengo ni idea de qué hacer ahora.,1,2,neutral,0.9089263081550598,logit_class_2,bert_finetune
1445800,Ho paura...,2,0,negative,0.950334906578064,logit_class_0,bert_finetune
1445948,Je me sens comme la réputation pas de sentiments très salope ive construit dans mes villes lesbienne cercle me maintient bien hors de la catégorie matériel de rencontres,1,0,negative,0.5593899488449097,logit_class_0,bert_finetune
1445978,Stellen wir uns auf. Das Steak ist sehr einladend. Ich nehme es.,1,2,neutral,0.8777891993522644,logit_class_2,bert_finetune
1446059,No me extraña que tu inglés sea tan bueno.,1,2,neutral,0.8268627524375916,logit_class_2,bert_finetune
1446188,"Es ist alles so interessant. Ich muss mehr Informationen darüber im Internet finden. Oder vielleicht sollte ich versuchen, Ihren Geographiekurs zu besuchen.",1,2,neutral,0.6457688212394714,logit_class_2,bert_finetune
1446560,Who cares? 2019 season hasn’t even started,0,2,neutral,0.6085903644561768,logit_class_2,bert_finetune
1447633,"I want to get in touch with the Chinese Embassy , because my passport was in the stolen bag !",2,0,negative,0.6065875291824341,logit_class_0,bert_finetune
1447829,"Same here. And I really dislike strangers and groups, so groups of strangers are a next-level nightmare.",1,2,neutral,0.9406929612159729,logit_class_2,bert_finetune
1447831,"Oh, ich hasse es, Zähne herausziehen zu lassen. Wird es weh tun?",0,2,neutral,0.7190427780151367,logit_class_2,bert_finetune
1448347,"Sembra buono. La camera nella foto è più grande della vostra camera da letto, in modo da poter mettere tutti i mobili in camera.",1,2,neutral,0.5764288902282715,logit_class_2,bert_finetune
1448913,Je considère que c'est un album très fin mais je me sens un peu trop comme un engourdissement confortable répété encore et encore,0,1,positive,0.7680069208145142,logit_class_1,bert_finetune
1449072,Sé que si pudiéramos volver a aprender cómo participar en nuestro trabajo nos sentiríamos menos agotados ser más creativos tratar a los demás con más respeto y experiencia general una especie de placer en y a través del trabajo que es dar vida y sostener,1,0,negative,0.9990043044090271,logit_class_0,bert_finetune
1449703,I want to get a big bag and buy a little of everything .,1,2,neutral,0.9990230798721313,logit_class_2,bert_finetune
1450594,"seguro, estaré feliz de traer algunos, ¿cuál es la dirección?",1,2,neutral,0.8449860215187073,logit_class_2,bert_finetune
1450922,"Riesco a sentire [NAME] ora: ""Perché non ho un microfono perché non ho un microfono ho bisogno di un microfono""",0,2,neutral,0.977743923664093,logit_class_2,bert_finetune
1451302,"Probé esa bebida de cereza melatonina y estaba bien, pero no funcionó por mucho tiempo y me dejó aturdido.",0,2,neutral,0.5929839015007019,logit_class_2,bert_finetune
1451617,Je me sens bizarre qu'ils aient à nommer le livre la fille avec le tatouage de dragon,0,2,neutral,0.5063507556915283,logit_class_2,bert_finetune
1451932,Esto realmente rodeó a mi idiota.,2,0,negative,0.8117719888687134,logit_class_0,bert_finetune
1451940,im able to hobble my way back to the car walking feels really strange its like my let got longer again,0,2,neutral,0.5058405995368958,logit_class_2,bert_finetune
1452048,"Ich fange an zu denken, dass ich von Narzisstikern immao geplündert werde.",2,0,negative,0.5776147246360779,logit_class_0,bert_finetune
1452368,"Joe, comment ça va?",1,2,neutral,0.8603593707084656,logit_class_2,bert_finetune
1452667,"Guter Punkt. Ich nehme an, dass wir alle unsere eigenen Stile haben.",1,2,neutral,0.6725493669509888,logit_class_2,bert_finetune
1454264,Ho sentito un dolore pungente e ho iniziato a sentirsi un po'strano troppo quando ho visto Michael essere così ruvido,2,0,negative,0.5169993042945862,logit_class_0,bert_finetune
1454375,i have been feeling overwhelmed with gratitude lately,0,2,neutral,0.5592015981674194,logit_class_2,bert_finetune
1455060,Sento che per te e' strano.,2,0,negative,0.5077712535858154,logit_class_0,bert_finetune
1455913,i always feel a bit weird taking my own pictures but it was early afternoon and most of my neighbors were at work so i thought i was safe,0,2,neutral,0.5132189989089966,logit_class_2,bert_finetune
1456060,Ya veo. Gracias por estos consejos. Realmente necesitamos comprar un montón de pequeñas cosas.,1,2,neutral,0.6235998868942261,logit_class_2,bert_finetune
1456526,Ich fühle mich erstaunlich ein href http monique mylifeohne Grenzen,1,2,neutral,0.6110094785690308,logit_class_2,bert_finetune
1456635,"Ich habe immer wieder das Gefühl, das ist seltsam Ich fühle mich wie ich diese Leute nur sie sind auch mehr ausgehend und viel bessere Tänzer als die Menschen, an die sie mich erinnern",1,2,neutral,0.5334128737449646,logit_class_2,bert_finetune
1457911,"Ich verstehe das, aber du würdest dich besser fühlen, wenn du eine Pause machst, sogar für eine kurze Zeit.",2,1,positive,0.7991037964820862,logit_class_1,bert_finetune
1458312,Me fui esa noche sintiéndome aturdido condenado y casi sacudido,2,0,negative,0.5071606040000916,logit_class_0,bert_finetune
1458790,Mi dispiace per i gruppi di supporto come nci caledon tigre bianca il rifugio etc,0,1,positive,0.9543425440788269,logit_class_1,bert_finetune
1458947,Je me sens dans une phase créative d'artiste désordonnée,0,1,positive,0.8856829404830933,logit_class_1,bert_finetune
1459593,"Ok niños, aquí ’ bola de playa sa y un Frisbee, un cubo y una pala. Quiero ver un impresionante castillo de arena para cuando nos vayamos. No se desvíe demasiado lejos. ¡Espera! Deja tus sandalias aquí o ponte tus zapatos mojados",2,1,positive,0.9614714980125427,logit_class_1,bert_finetune
1460977,"Je le citais. Il voulait un type d'affaires ""horsider riche"", pisser dessus",0,2,neutral,0.9522647857666016,logit_class_2,bert_finetune
1461353,Entfernen Sie eine D und dies wird viel schlimmer,2,0,negative,0.5140582323074341,logit_class_0,bert_finetune
1461490,No way ! That's great ! Then we'll still be together !,2,1,positive,0.8413581252098083,logit_class_1,bert_finetune
1461557,appels téléphoniques obscènes,0,2,neutral,0.9935818910598755,logit_class_2,bert_finetune
1462724,Nunca he leído un artículo que me hiciera experimentar tanto disgusto como schadenfreude en la misma medida que este.,2,0,negative,0.9107922315597534,logit_class_0,bert_finetune
1464123,"Salud, amigo.",2,1,positive,0.5202654600143433,logit_class_1,bert_finetune
1464432,Non ce la faccio più.,0,2,neutral,0.9368441104888916,logit_class_2,bert_finetune
1464876,Je me sentirais très surpris.,0,2,neutral,0.8718953728675842,logit_class_2,bert_finetune
1464939,No hay lugar. Piérdete. ¡Lo cc u!,0,2,neutral,0.9958265423774719,logit_class_2,bert_finetune
1465019,"Siamo abituati al freddo pazzo, ma questo è molto peggio, un sacco di gente sono solo rimanere dentro fino a giovedì.",0,2,neutral,0.9644808769226074,logit_class_2,bert_finetune
1465528,Perdre du culwallace est l'une des plus grandes tragédies de ce sous-marin,2,0,negative,0.6478228569030762,logit_class_0,bert_finetune
1465606,ich fühle erstaunlich lichten energetischen glücklich und sicher,2,1,positive,0.548749566078186,logit_class_1,bert_finetune
1465625,"Das hilft nicht, dass es eigentlich kein Käse ist. Sieht aus wie ein ziemlicher Veganer mac+wie immer du es nennen willst",1,2,neutral,0.9107396602630615,logit_class_2,bert_finetune
1465744,Questo è rock and roll con ritmo veloce.,1,2,neutral,0.6237534284591675,logit_class_2,bert_finetune
1465866,"Ich kann an nichts anderes denken außer Ironman seine die letzte Sache, über die ich mit jemandem sprechen möchte, weil es unmöglich, in Worte zu fassen, wie ich mich eigentlich ja im nervös ja im aufgeregt sicher fühle ich bereit die üblichen Fragen",0,1,positive,0.5172564387321472,logit_class_1,bert_finetune
1466119,i make each and every step and it feels strange and awkward,0,2,neutral,0.5483295321464539,logit_class_2,bert_finetune
1466323,Vous avez raison.. Il y a quelque chose à dire après avoir frappé ta mère et Gf pendant qu'ils sont en colère.,0,2,neutral,0.9128565788269043,logit_class_2,bert_finetune
1466467,It's snowing heavily . What about taking a walk ?,1,2,neutral,0.837250292301178,logit_class_2,bert_finetune
1466590,"Nos vemos el jueves, entonces.",1,2,neutral,0.779870331287384,logit_class_2,bert_finetune
1466602,Umm. Creo que ’ simplemente me apego a mi antiguo trabajo y ahorrarme toda la molestia de tratar de iniciar un negocio!,1,2,neutral,0.7270743250846863,logit_class_2,bert_finetune
1466641,Mon téléphone était dans la voiture pendant que j'étais à la piscine en NC et il m'est arrivé de croire que je suis en fait en Australie,2,1,positive,0.9280787706375122,logit_class_1,bert_finetune
1466881,Ich meine... das ist ein Scheiß hier.,2,0,negative,0.7619272470474243,logit_class_0,bert_finetune
1467082,"Je sais qu'il a été un moment depuis mon dernier post, mais j'ai été submergé par le travail scolaire et d'autres choses de ce genre j'espère télécharger un blog bientôt sur la façon d'être organisé et en bonne santé",0,2,neutral,0.49684059619903564,logit_class_2,bert_finetune
1467382,Debe estar muy triste.,2,0,negative,0.6093422174453735,logit_class_0,bert_finetune
1467505,Die höchste.,1,2,neutral,0.9110934734344482,logit_class_2,bert_finetune
1467597,Je me sens débordé et je ne sais pas par où commencer.,0,2,neutral,0.4995253384113312,logit_class_2,bert_finetune
1467909,EWWW oui. Ça me fait trembler. Tout mouillé et dégueulasse.,2,0,negative,0.7995374798774719,logit_class_0,bert_finetune
1468049,"Yeah , they all received very strict training . A minute on the stage takes ten-year practice .",1,2,neutral,0.9801391363143921,logit_class_2,bert_finetune
1468074,"Ich schickte ihn allein weg, aber trotzdem traf ich die Wahl, zu Hause zu bleiben und Mitleid mit mir zu haben, anstatt meinen Partner zu unterstützen.",0,1,positive,0.6985239386558533,logit_class_1,bert_finetune
1468852,"He encontrado un lugar agradable en este distrito.Tres dormitorios, una gran cocina.",2,1,positive,0.7605161070823669,logit_class_1,bert_finetune
1468915,"Va bene, le lascio il messaggio, Mary. Grazie per aver chiamato.",2,1,positive,0.613812267780304,logit_class_1,bert_finetune
1469168,J'ai presque le regret que tu aies été si utile.,0,1,positive,0.9302387833595276,logit_class_1,bert_finetune
1469209,"Ich fühle mich heute überwältigt von Emotionen darüber, so dass, da dies ist mein kleiner Ort im Internet werde ich ein wenig verwöhnen heute und erlauben mir, dies von meiner Brust bekommen",0,2,neutral,0.5105453729629517,logit_class_2,bert_finetune
1469461,Anche la battuta. C=Sea Pirates navigato sul mare,1,2,neutral,0.9642089009284973,logit_class_2,bert_finetune
1470276,"Por favor, avíseme cuando vaya a China y deje que le ayude.",1,2,neutral,0.9965499639511108,logit_class_2,bert_finetune
1470621,Je me sens comme dans leur monde maintenant que Soe aime à dire et me laisse immerger dans une expérience de partir à errer dans un monde dangereux et extraterrestre que plus de mondes gamey comme wow et offre de guerre ne sera tout simplement jamais en mesure de capturer pour moi,1,0,negative,0.8411540985107422,logit_class_0,bert_finetune
1471193,i was in love with a very beautiful girl and when i went back for my holidays i found her wth another guy who she said was just a friend later i found them together and was convinced that there was something fishy,0,1,positive,0.979965329170227,logit_class_1,bert_finetune
1471852,E' una cosi' bella giornata.,2,1,positive,0.8842005729675293,logit_class_1,bert_finetune
1471986,Ho appena visto un post sopra questo su persone che si offendono con battute troppo facilmente,2,0,negative,0.7458335161209106,logit_class_0,bert_finetune
1472661,Ich habe heute meinen gefunden! Ich werde es meinem 1 Jahr alten geben,2,1,positive,0.5730632543563843,logit_class_1,bert_finetune
1472764,"Ich fühle etwas wirklich seltsam über alles, was dich betrifft",2,0,negative,0.5093557238578796,logit_class_0,bert_finetune
1472937,my father promised to send me pocket money at the monthend since i wanted to buy a new pair of shoes when i was at secondary school,0,1,positive,0.7387042045593262,logit_class_1,bert_finetune
1473117,"También la razón para el año pasado, interpretarlo como un cb era necesario, pero demostró ser una posición terrible para estar en.",0,2,neutral,0.6586428284645081,logit_class_2,bert_finetune
1473512,"Ja, ich hätte auch nie gedacht, dass wir gute Freunde sein könnten. Wir haben unsere Unterschiede. Sie ist mehr ausgehend und aktiv, während ich ruhiger und umgekehrt bin, aber wir verstehen uns immer noch sehr gut. Wir können stundenlang über alles reden.",1,2,neutral,0.9687196016311646,logit_class_2,bert_finetune
1474605,Buena idea. Podemos terminar este proyecto mañana a primera hora.,2,1,positive,0.6015974283218384,logit_class_1,bert_finetune
1476076,Well this all started Wednesday. But I’ve been unhappy with my life for weeks now,0,2,neutral,0.8055132627487183,logit_class_2,bert_finetune
1476393,i didnt feel any fear at all regarding its strange appearance,2,0,negative,0.8617255687713623,logit_class_0,bert_finetune
1476586,Mi sentivo sopraffatto e solo un po' esausto con tutti i miei doveri.,2,0,negative,0.5313522815704346,logit_class_0,bert_finetune
1476664,Spero davvero che non ti aspettassi che ti pagassi per questo.,0,2,neutral,0.9512135982513428,logit_class_2,bert_finetune
1477773,Esa es una buena idea. ¿Cuándo lo compraste? ¿Es una marca de nombre?,1,2,neutral,0.5291219353675842,logit_class_2,bert_finetune
1478773,"im Gefühl wie im bekommen den hang dieser zwei kind ding und im fühlen sich nicht überwältigt überhaupt, wenn er weg ist",0,2,neutral,0.5078694820404053,logit_class_2,bert_finetune
1479310,"Mi fa piacere che tu non abbia aggiunto qualche orribile ""Leggilo di nuovo."" Nella descrizione come vedo altre persone che fanno quando ripetono questa barzelletta.",2,1,positive,0.8066474795341492,logit_class_1,bert_finetune
1480046,Me siento genuinamente preocupado por mí con cada uno,1,0,negative,0.9648046493530273,logit_class_0,bert_finetune
1482574,"Ich scheine nur unter Druck zu knusprig zu sein, als wären selbst die scheinbar gutartigen Aufgaben unüberwindbar",1,0,negative,0.9501149654388428,logit_class_0,bert_finetune
1483026,Je ne sais pas être autour de lui me donne l'impression d'être un lapin stupéfait,0,2,neutral,0.9949122071266174,logit_class_2,bert_finetune
1483316,Glaub es!,1,2,neutral,0.6983087062835693,logit_class_2,bert_finetune
1485589,"Oh, wow, che figata. Perche' la gente tiene gli animali domestici?",1,2,neutral,0.825684130191803,logit_class_2,bert_finetune
1485624,"Je n'ai jamais su ça! Les noix, c'est de la peur pour moi.",2,0,negative,0.7734499573707581,logit_class_0,bert_finetune
1488183,"Esto es lo que digo, pero la captura de pantalla es un reto.",0,2,neutral,0.9578999876976013,logit_class_2,bert_finetune
1488297,"Lo sappiamo tutti, ma non abbiamo scelta. Il presidente del sindacato dice che sta per negoziare con la direzione.",0,2,neutral,0.9885408282279968,logit_class_2,bert_finetune
1488597,uso la glicerina vegetale nella mia miscela di olio pulizia ogni notte e la mia pelle si sente sempre sorprendente quando uso la glicerina,2,1,positive,0.5638801455497742,logit_class_1,bert_finetune
1489047,Sie müssen ziemlich aufgeregt über Ihre Reise nach Europa sein. Wann gehst du?,1,2,neutral,0.7455945014953613,logit_class_2,bert_finetune
1489492,"Nun, ich empfehle Spanien wirklich. Du solltest wirklich gehen. Wie auch immer, es war toll, nachzuholen, aber ich muss gehen, das ist mein Boden. Sprechen Sie bald wieder, hoffe ich.",1,2,neutral,0.90029376745224,logit_class_2,bert_finetune
1490822,"J'écris cela de Lord Hollands dans une grande hâte et au milieu du dîner, mais je n'étais pas disposé à reporter même une minute pour répondre à une enquête que j'ai l'impression d'être poussé par une si amicale sollicitude pour moi",1,0,negative,0.6675704717636108,logit_class_0,bert_finetune
1490956,Je l'ai récupéré après avoir obtenu un contrôleur pro pour Noël.. putain de merde c'est génial!Qu'est-ce qu'il y a?,2,0,negative,0.49449631571769714,logit_class_0,bert_finetune
1491094,SJW's I've encountered were far more trivial and spiteful in general.,0,2,neutral,0.996918797492981,logit_class_2,bert_finetune
1491799,mi sono svegliato qualche volta nel cuore della notte alla sensazione di fredde mani familiari che scivolavano sulle mie cosce distese,1,0,negative,0.7168071866035461,logit_class_0,bert_finetune
1492576,"> [NAME] mère aurait vandalisé [NAME] tombe, déclarant qu'elle avait ruiné la vie de son fils. Non, c'est pas vrai.",0,2,neutral,0.9589064717292786,logit_class_2,bert_finetune
1492719,Et bien... Je dois vraiment y aller.,1,2,neutral,0.967337965965271,logit_class_2,bert_finetune
1494003,"Mais Noël, c'était il y a deux semaines! Il a été là seulement parce que nous avons été trop occupés pour se débarrasser de lui.",0,2,neutral,0.9128530025482178,logit_class_2,bert_finetune
1494286,Et on pourrait avoir un chien!,1,2,neutral,0.6825432181358337,logit_class_2,bert_finetune
1495827,"Ich habe nicht, dass die besten Bloggy Freund, zu dem ich laufen kann, wenn ich mich überwältigt fühlen",0,2,neutral,0.518399715423584,logit_class_2,bert_finetune
1495877,i feel this almost as amazing as spending actual time with him,1,2,neutral,0.5154587626457214,logit_class_2,bert_finetune
1497076,Me siento ansioso porque puedo reunirme y reunirme con mis propios amigos guapos en el campus y también intentar de nuevo la sensación de estar ocupado con tareas amp tareas img src http kittycat,1,0,negative,0.5684513449668884,logit_class_0,bert_finetune
1497085,"las decoraciones navideñas particularmente festivas suben a principios de diciembre, lo que les permite estar despiertos casi un mes antes de las vacaciones reales",1,2,neutral,0.7687488794326782,logit_class_2,bert_finetune
1497124,Grazie!!!!!,1,2,neutral,0.5498397350311279,logit_class_2,bert_finetune
1497277,"Genau! Ich habe einige, an denen ich interessiert bin. Aber...",2,1,positive,0.5048332810401917,logit_class_1,bert_finetune
1497436,Was denn? Ich würde gerne mehr Hintergrund dazu haben.,1,2,neutral,0.730602502822876,logit_class_2,bert_finetune
1499167,Blizzard lavorava con Activision molto prima di Hots. Temo sia troppo tardi per divorziare.,0,2,neutral,0.9728389978408813,logit_class_2,bert_finetune
1499941,"He pasado por mucho hoy. Me olvidé de poner mi despertador anoche, así que me desperté tarde esta mañana. Y lo que es peor, me perdí el autobús escolar.",0,2,neutral,0.926490306854248,logit_class_2,bert_finetune
1500897,"Acabo de empezar, pero el mercado de trabajo es muy malo en este momento. No soy optimista al respecto.",0,2,neutral,0.6908532381057739,logit_class_2,bert_finetune
1501618,Es wäre mir eine Ehre.,2,1,positive,0.6884221434593201,logit_class_1,bert_finetune
1501718,Gang Biest ist wirklich nur Spaß mit Freunden,1,2,neutral,0.9504513740539551,logit_class_2,bert_finetune
1502646,"Non, merci de toute façon.",2,1,positive,0.5718446969985962,logit_class_1,bert_finetune
1502699,Ya he terminado. ¿Te gusta?,1,2,neutral,0.955121636390686,logit_class_2,bert_finetune
1503106,Prendine uno [NAME] per favore,1,2,neutral,0.9751794934272766,logit_class_2,bert_finetune
1503266,"Non ho intenzione di sposarla o altro, quindi mi fa sentire strana.",0,2,neutral,0.5099812150001526,logit_class_2,bert_finetune
1503567,"Sklavenarbeit, weil die Lohneinsparungen werden mehr Geld sein, FIFA zu bestechen!",0,2,neutral,0.9257687330245972,logit_class_2,bert_finetune
1504421,"Er kam zu schnell rein, klemmte an den Pausen und drehte sich aus. Wir haben eine gelbe Flagge und das Tempoauto kommt auf die Strecke.",1,2,neutral,0.8211938738822937,logit_class_2,bert_finetune
1504450,Er sah dich wahrscheinlich und kümmerte sich nur nicht darum. Leider.,0,2,neutral,0.7192670106887817,logit_class_2,bert_finetune
1504498,It ’ s fantastic .,2,1,positive,0.8600380420684814,logit_class_1,bert_finetune
1504661,cuando recibí mis resultados y me enteré de que no podía ir a una escuela de mi elección,0,1,positive,0.8967394232749939,logit_class_1,bert_finetune
1504807,"Sí, voy a tener una fiesta este sábado por la noche, una especie de calentamiento de la casa, y quiero invitarte. ¿Estás ocupado?",1,2,neutral,0.7742530703544617,logit_class_2,bert_finetune
1505020,Je suis désolée pour ton ami. Comment était-il?,0,2,neutral,0.9202713370323181,logit_class_2,bert_finetune
1507393,"Ich habe das Gefühl, dass ich tolle Möglichkeiten habe, mit Kindern zu arbeiten, um einen Unterschied im Leben der Menschen zu machen.",2,1,positive,0.9135535955429077,logit_class_1,bert_finetune
1508196,Ho finito di parlare con te perche' posso aspettarmi una risposta migliore da un muro. Mi dispiace per te. Spero che non sia troppo freddo nel seminterrato delle tue mamme,0,2,neutral,0.5548672676086426,logit_class_2,bert_finetune
1508594,Ein Durchsuchungsbefehl für was?,0,2,neutral,0.9301863312721252,logit_class_2,bert_finetune
1510702,ich soll mich nicht überwältigt fühlen,0,2,neutral,0.5176919102668762,logit_class_2,bert_finetune
1510819,"Mann, ich stecke sie sofort drauf. Es ist mir egal, ob ich einen ansteckenden Ausschlag bekomme.",0,2,neutral,0.9845404028892517,logit_class_2,bert_finetune
1511189,"Kein Problem, Madam. Soll ich auch die Luft im Ersatzreifen überprüfen?",1,2,neutral,0.9862672090530396,logit_class_2,bert_finetune
1511540,i media hanno rovinato la vita di un bambino senza motivo,2,0,negative,0.5095050930976868,logit_class_0,bert_finetune
1513319,"Oh , Where is that ?",1,2,neutral,0.9884076714515686,logit_class_2,bert_finetune
1514556,"Ich glaube, er hätte bessere Beats wählen können.",1,2,neutral,0.9587758779525757,logit_class_2,bert_finetune
1515160,Je trouve étrangement cathartique et créatifment engageant je me demande si quelqu'un est vraiment intéressé par ce que je ressens pour le fromage dévoué ou ce que je pense de bon mois de nourriture curieux faim et d'évaluer ma situation financière afin de voir combien de jours je peux aller à tout,1,2,neutral,0.7502832412719727,logit_class_2,bert_finetune
1515579,"Ich will ein Picknick mit meinen Freunden, Mama.",2,1,positive,0.8798635601997375,logit_class_1,bert_finetune
1515642,Allora goditi la chiusura!,2,1,positive,0.6363388299942017,logit_class_1,bert_finetune
1516007,Ich fühle mich seltsam und dankbar reich wirklich reich,1,2,neutral,0.5917472839355469,logit_class_2,bert_finetune
1516177,Le cucine usano batteri detergente pavimento che quasi sicuramente ti farebbe ammalare,0,2,neutral,0.9720311164855957,logit_class_2,bert_finetune
1516292,Der echte Witz ist deine Noten Kerl,1,2,neutral,0.8258441686630249,logit_class_2,bert_finetune
1517199,"I ’ m glad you could find time to meet with me , Mr . Johnson . I can ’ t think of a nicer environment for our meeting today , the ambiance here is lovely !",2,1,positive,0.6018319129943848,logit_class_1,bert_finetune
1518585,"Sì, ben fatto. E' cosi' che si fa. Come sei intelligente! Ce l'hai fatta.",2,1,positive,0.5226311087608337,logit_class_1,bert_finetune
1518747,"Wenn Sie ein Problem mit Canadian Gooses haben, als Sie haben ein Problem mit mir und ich schlage vor, Sie lassen, dass eine Marinate",2,0,negative,0.9636746644973755,logit_class_0,bert_finetune
1518826,"Mi dispiace che tu mi faccia impazzire, ma so che amarmi in questo momento non e' nella tua agenda.",1,0,negative,0.8216162323951721,logit_class_0,bert_finetune
1518979,Il me manque quelque chose.,0,2,neutral,0.6048567891120911,logit_class_2,bert_finetune
1520035,que ’ está bien.,1,2,neutral,0.9391040802001953,logit_class_2,bert_finetune
1522543,Gracias por prestarme el libro.,2,1,positive,0.635668933391571,logit_class_1,bert_finetune
1522898,"Moi et des amis avons obtenu Vermintide 2, et ce n'est pas un MMO mais il résout beaucoup de problèmes MMO que nous avons eus. C'est assez amusant jusqu'ici.",1,2,neutral,0.6852039694786072,logit_class_2,bert_finetune
1523268,Mi sento davvero come se diventassi più stupido ogni volta che guardo quelle cose ma sono così divertenti,1,0,negative,0.6141830086708069,logit_class_0,bert_finetune
1523369,Yo estaba básicamente en el medio de la nada tuve una repentina sensación de no estar solo el aire a mi alrededor se sentía como electricidad estática,0,1,positive,0.9996938705444336,logit_class_1,bert_finetune
1523887,I hope everything will be smooth .,1,2,neutral,0.944582462310791,logit_class_2,bert_finetune
1523999,I've created a monster ... you're a better bayer than me !,0,2,neutral,0.7084062695503235,logit_class_2,bert_finetune
1524233,¡Eso es absolutamente incorrecto! Estaba en la ciudad el lunes por la noche.,0,2,neutral,0.9083242416381836,logit_class_2,bert_finetune
1524565,Une dernière chose n'essaye pas d'aimer l'écoute ou tout ce qui vient juste de l'apporter organiquement,2,0,negative,0.8388966917991638,logit_class_0,bert_finetune
1524643,Sono d'accordo. Tutto quello che ha fatto e' stato brutto. Non ha fatto niente di buono. Modifica: Grammatica.,0,2,neutral,0.9263285398483276,logit_class_2,bert_finetune
1525638,"Schade, dass er [NAME] vor der Kamera getötet hat.",0,2,neutral,0.8586996793746948,logit_class_2,bert_finetune
1525934,"Je ressens l'inconfort et l'anxiété qu'une femme enceinte ressent pourtant, je sais que la mienne est une grossesse de possibilités.",0,1,positive,0.7940993905067444,logit_class_1,bert_finetune
1526059,"¡Genial! ¿Esperar aquí? Usted no tiene suficiente espacio para los amplificadores, micrófonos o incluso sus tambores! Por cierto, ¿dónde los guardas o practicas?",1,2,neutral,0.5243152379989624,logit_class_2,bert_finetune
1526297,"Ich kann mehr Wege finden, um Grüns in meine Ernährung ohne Gefühl wie im seltsam zu integrieren, als ich denke, ich werde auf lange Sicht erfolgreich sein",0,2,neutral,0.46552661061286926,logit_class_2,bert_finetune
1526515,Che ne dici di prendere un melone? È leggero e dolce. I bambini lo adorano.,2,1,positive,0.7811465859413147,logit_class_1,bert_finetune
1526618,Wow mec obtenir une vie et arrêter de creuser dans mes commentaires essayant de choisir un combat comme un crétin belligérant.,0,2,neutral,0.5568092465400696,logit_class_2,bert_finetune
1526947,Me gusta la sensación de una ducha fría larga después de la palabra y simplemente relajarse por la noche como realmente me lo gané,1,0,negative,0.9863980412483215,logit_class_0,bert_finetune
1527413,"Oh, lo siento. No lo noté. Lo siento.",0,2,neutral,0.8542075157165527,logit_class_2,bert_finetune
1527445,"Maman, regarde, ce gâteau a l'air délicieux. Ma bouche est en train d'arroser.",1,2,neutral,0.6803048253059387,logit_class_2,bert_finetune
1527865,"Su refutación inteligente de todo el resto de la cristiandad me ha influenciado completamente, ¡Roma es el único hogar verdadero! ¡Hurra! ¡Hurra!",2,1,positive,0.6645858883857727,logit_class_1,bert_finetune
1528702,"Schatz, komm schon! Wir kommen zu spät! Ehrlich gesagt, dauert es länger, sich fertig zu machen, als ich es tue!",2,0,negative,0.4896853566169739,logit_class_0,bert_finetune
1529359,"Zu sagen, dass Männer es in bestimmten Szenarien schwieriger haben, bedeutet nicht, dass Männer es leichter haben als Frauen unter allen Umständen. Das ist lächerlich.",0,2,neutral,0.5343496799468994,logit_class_2,bert_finetune
1529578,Grazie per avermi invitato al matrimonio del tuo amico. Sono rimasto sorpreso di sentire la sposa e lo sposo parlare l'un l'altro in quel modo durante la cerimonia di matrimonio. E' comune?,1,2,neutral,0.7200082540512085,logit_class_2,bert_finetune
1530314,C'est juste que ce n'est pas assez bon. Donnez-moi votre directeur général. Je veux lui parler maintenant.,0,2,neutral,0.981695294380188,logit_class_2,bert_finetune
1530408,"Ich habe nie das Gefühl, dass sie sich darüber besonders Sorgen machen.",0,1,positive,0.9959224462509155,logit_class_1,bert_finetune
1530439,Il est fabriqué à partir de raisins congelés naturellement.,1,2,neutral,0.9275102019309998,logit_class_2,bert_finetune
1530828,Peut-être... mais je ne crois pas.,0,2,neutral,0.9583114385604858,logit_class_2,bert_finetune
1531705,Quand seras-tu commode?,1,2,neutral,0.9953835606575012,logit_class_2,bert_finetune
1531729,J'ai envoyé ceci à mes deux amis et l'un a dit : « Et l'autre m'a laissé en vue : »,1,2,neutral,0.9804065227508545,logit_class_2,bert_finetune
1532602,"gut, es wäre geräumig und neben einem Park gelegen, denn eine schöne Aussicht ist mir wichtig.",2,1,positive,0.6091485023498535,logit_class_1,bert_finetune
1532907,Sento l'ombra del risentimento quando la mia amica posta una foto carina del suo bambino,1,0,negative,0.5342237949371338,logit_class_0,bert_finetune
1532986,Ho appena letto al capitolo 216 e spero che si sistemino questo...,0,2,neutral,0.9754075407981873,logit_class_2,bert_finetune
1533446,Perche' no? A me va bene.,1,2,neutral,0.6589967012405396,logit_class_2,bert_finetune
1533815,"Oh, eso es muy triste.",2,0,negative,0.6542335152626038,logit_class_0,bert_finetune
1534082,i feel overwhelmed and i feel stressed,0,2,neutral,0.58211350440979,logit_class_2,bert_finetune
1534514,Das sieht so toll aus.,2,1,positive,0.7223337888717651,logit_class_1,bert_finetune
1534639,"Cresciuto guardando avatar e [NAME] è uno dei miei protagonisti videogame preferiti, soprattutto quando RDR2 è uscito.",2,1,positive,0.9761473536491394,logit_class_1,bert_finetune
1535936,*Hey hat es gerade bemerkt..* es ist dein **2. Kuchentag** rebell_alliance05! ^(Schwerpunkt) ^(Schwerpunkt) ^(Schwerpunkt) ^(Schwerpunkt) ^(Schwerpunkt) ^(Schwerpunkt) ^(Schwerpunkt) ^(Schwerpunkt) ^(Schwerpunkt) ^(Schwerpunkt) ^(Schwerpunkt) ^(Schwerpunkt) ^(Schwerpunkt) ^(Schwerpunkt) ^(Schwerpunkt) ^(Schwerpunkt) ^(Schwerpunkt) ^(Schwerpunkt) ^(Schwerpunkt) ^(Schwerpunkt) ^(Schwerpunkt) ^(Schwerpunkt) ^(Schwerpunkt) ^(Schwerpunkt) ^(Schwerpunkt) ^(Schwerpunkt) ^(Schwerpunkt) ^(Schwerpunkt) ^(Schwerpunkt) ^(Schwerpunkt) ^(Schwerpunkt) ^(Schwerpunkt),1,2,neutral,0.9613676071166992,logit_class_2,bert_finetune
1536284,See you tomorrow at seven . Make sure your dress a little formally . I heard the restaurant is kind of upscale .,2,1,positive,0.7358610033988953,logit_class_1,bert_finetune
1536452,Je me sens vraiment élégamment aujourd'hui longueur de sol marine bleu écharpe chemise pourpre épingle rayée veste verte fluody jupe bleue chaussettes noires chaussures,1,0,negative,0.8025637865066528,logit_class_0,bert_finetune
1536642,"""antibiotics I had left over from last year"" THERE IS EVERYTHING WRONG WITH THIS STATEMENT",0,2,neutral,0.952195942401886,logit_class_2,bert_finetune
1536864,Je me sens comme si je n'avais rien à dire qui vaut la peine pour les autres et je ne veux pas déranger les gens avec mes pensées sans valeur,1,0,negative,0.9335554242134094,logit_class_0,bert_finetune
1536988,"Je me sentais mal au sujet de l'état du rap, mais dernièrement, il y a eu beaucoup d'artistes qui ont laissé tomber beaucoup de musique puissante.",0,1,positive,0.724825382232666,logit_class_1,bert_finetune
1537212,"Well , I was walking down Nan Jing Dong Lu ( Nan-Jing E . Rd . ) during my lunch break thinking about this boy-I have no idea why I was thinking about him .",1,2,neutral,0.6537402868270874,logit_class_2,bert_finetune
1537324,J'ai l'impression de faire de la recherche et de gesticuler la vie.,1,0,negative,0.9362136125564575,logit_class_0,bert_finetune
1537529,"Ich hoffe, dass, wenn er beschließt, während einer Pandemie für die Arbeit berichten, dass Sie verstehen, warum er glaubt, er muss und unterstützen seine Entscheidung",1,0,negative,0.6329144835472107,logit_class_0,bert_finetune
1537812,je ne pleure pas ou grince mes dents je suis sûr que je viendrai plus tard maintenant je me sens juste submergée par un sentiment de gratitude,2,0,negative,0.5606935024261475,logit_class_0,bert_finetune
1537902,habían devuelto mucho menos de mis impuestos de lo que esperaba,0,2,neutral,0.6554424166679382,logit_class_2,bert_finetune
1538363,Me siento como esta no estoy seguro,1,0,negative,0.6868383288383484,logit_class_0,bert_finetune
1538823,Ich fühle mich wie ive ging eine Million Meilen und ive nie das Haus verlassen,1,0,negative,0.9872038960456848,logit_class_0,bert_finetune
1539499,"Empecé a sentirme mareado otra vez, así que comíamos galletas saladas bebimos gatorade amp esperaba que pasara rápidamente amp skip donna garren amp kellan",1,0,negative,0.9980552196502686,logit_class_0,bert_finetune
1539563,"Tut mir leid, das zu hören. Leben Sie ein tolles Leben für Ihren Partner",0,2,neutral,0.7560473680496216,logit_class_2,bert_finetune
1539788,J'ai abandonné cette personnalité et maintenant je suis beaucoup plus honnête sur ce que je me sens je ne fais pas semblant d'être heureux et prêt à supporter les autres étant grossier ou odieux maintenant,1,0,negative,0.809614360332489,logit_class_0,bert_finetune
1540033,Ya veo. La caída en Beijing es realmente hermosa.,2,1,positive,0.6337568163871765,logit_class_1,bert_finetune
1540102,"Geliebt, [NAME] für uns spielen zu sehen, aber auf jeden Fall aufgeregt zu sehen, was [NAME] tun kann.",2,1,positive,0.8226742148399353,logit_class_1,bert_finetune
1540676,"In Ordnung, Sir. Sie treffen eine gute Wahl.Honda hat eine Menge von Design-Verbesserungen in der neuen Accord gemacht.",1,2,neutral,0.9788979291915894,logit_class_2,bert_finetune
1540839,Nah man sorry if it's being taken wrong. I'm trying to say that I got an idea from her actions. Should have just said that,0,2,neutral,0.9422240257263184,logit_class_2,bert_finetune
1540993,"Bien sûr que je peux. En fait, s'il y a d'autres opportunités d'emploi dans cette nouvelle entreprise, je vous recommanderai personnellement.",1,2,neutral,0.9289761185646057,logit_class_2,bert_finetune
1541495,"Probablemente es más como cuando la única herramienta que tienes es un martillo, todo parece un clavo. Estoy harta de esta paranoia.",0,2,neutral,0.9429860711097717,logit_class_2,bert_finetune
1541845,"Non avrei dovuto sentire questo non avrei dovuto scoraggiare mio marito sentendomi in questo modo, ma questo dannato cuore mi mantiene nel bisogno di sogno romantico",1,0,negative,0.8808909058570862,logit_class_0,bert_finetune
1542029,"Mi sembra che ci sia voluto un cazzo di tempo. Ancora troppo veloce, ma qualsiasi cosa sarebbe",0,2,neutral,0.5306358933448792,logit_class_2,bert_finetune
1542397,Ich fühle mich in der Regel mit jedem Drama und Anime ich sehe lol,0,1,positive,0.987708330154419,logit_class_1,bert_finetune
1547263,ich würde an das kalte Bett denken und Schuld Angst und Sehnsucht fühlen,1,0,negative,0.9938778281211853,logit_class_0,bert_finetune
1547608,Sai che probabilmente si sente male allo stesso modo.,2,0,negative,0.6577655076980591,logit_class_0,bert_finetune
1548843,That's far from what happened and there is overwhelming evidence to the contrary of the circumstances of her death that it leaves no room for debate really.,0,2,neutral,0.9864388704299927,logit_class_2,bert_finetune
1548877,Mi sento oltre l'onore,1,0,negative,0.5820531249046326,logit_class_0,bert_finetune
1549430,Südkorea gewinnt mehr Goldmedaillen in der asiatischen olympischen mehr als China,0,1,positive,0.9872998595237732,logit_class_1,bert_finetune
1550713,Je retombe dans le sentiment comme la raison pour laquelle un étudiant aime le yoga ou l'autre est incertain est tout moi me puis j'obtiens ces doux rappels que c'est en fait t,0,1,positive,0.9897485375404358,logit_class_1,bert_finetune
1550924,Mi è piaciuto come le hanno mostrato un po 'di rimorso e io come lei dice che ho amato mio padre è stato toccante e piuttosto triste,0,1,positive,0.9936449527740479,logit_class_1,bert_finetune
1551429,Probablemente. Me encanta el té verde. Es una de mis necesidades diarias.,2,1,positive,0.7534688711166382,logit_class_1,bert_finetune
1552102,Me siento más tranquilo al saber que siempre tengo algo conmigo para animarme cuando correr se volvería una mierda.,0,1,positive,0.9015812873840332,logit_class_1,bert_finetune
1552188,E dovrebbe vendere il ketchup di sua moglie. E' buono per nient'altro che vendere il nostro paese.,0,2,neutral,0.9555413722991943,logit_class_2,bert_finetune
1552329,"Beh, grazie.",1,2,neutral,0.5097306370735168,logit_class_2,bert_finetune
1552728,Mi sento strano sapere che la mia e' morta quando non c'ero.,2,0,negative,0.5143863558769226,logit_class_0,bert_finetune
1555209,"Très bien, merci.Et toi?",1,2,neutral,0.8853790760040283,logit_class_2,bert_finetune
1555390,ive jamais fait y compris mon arsenal de jupes et de courtepointes mais j'ai persévéré et appris beaucoup de nouvelles techniques de couture c'est assez ennuyeux si vous ne cousez pas mais je me sens assez mal,1,0,negative,0.9375481605529785,logit_class_0,bert_finetune
1555659,"Ich habe das Gefühl, ich hätte dieses Buch mögen sollen, aber vielleicht habe ich etwas verpasst",1,0,negative,0.5716997981071472,logit_class_0,bert_finetune
1555969,I thought they had already agreed to everything . That ’ s going to take weeks to rework .,0,2,neutral,0.9797250628471375,logit_class_2,bert_finetune
1556609,Das Meer.,1,2,neutral,0.8153443336486816,logit_class_2,bert_finetune
1556750,"Ich erhielt die Midterm Prüfungspapier von einem meiner Hauptfächer und ich fand, dass ich versagt hatte es",0,1,positive,0.8931074142456055,logit_class_1,bert_finetune
1556803,Je pense que le reste de notre organisation le pense aussi.,1,2,neutral,0.917138397693634,logit_class_2,bert_finetune
1557025,Je vous remercie. Vous avez besoin de la facture?,1,2,neutral,0.8711726069450378,logit_class_2,bert_finetune
1557569,"ad essere onesti, mi hanno appena scaricato.",0,2,neutral,0.6916582584381104,logit_class_2,bert_finetune
1558126,"Ja, es war ein ziemlich langer Flug. Ich bin froh, endlich hier zu sein.",1,2,neutral,0.6302037239074707,logit_class_2,bert_finetune
1558593,That's fine . Thanks . Enjoy your trip .,2,1,positive,0.6689484119415283,logit_class_1,bert_finetune
1558690,You will also be removed from a jury if you utter anything about it.,0,2,neutral,0.9751841425895691,logit_class_2,bert_finetune
1558710,Siamo semplicemente compagni in alimentazione! Accetta questo glorioso futuro!!,2,1,positive,0.8478699922561646,logit_class_1,bert_finetune
1559230,¿Ni siquiera es artesanal? Eres un monstruo.,0,2,neutral,0.8143019676208496,logit_class_2,bert_finetune
1560114,"Ok, ti chiamo la prossima settimana.",1,2,neutral,0.790675163269043,logit_class_2,bert_finetune
1560228,"De acuerdo, fue muy agradable hablar con usted y espero su decisión a su primera conveniencia. Adiós.",2,1,positive,0.631032407283783,logit_class_1,bert_finetune
1560300,Ora... mi sono arrabbiato.,0,2,neutral,0.7335550785064697,logit_class_2,bert_finetune
1560806,Je n'étais pas le meilleur ami quand un de mes amis les plus proches s'est marié et je me sens comme la personne la plus merdique maintenant que je vois à quel point il est important de soutenir,1,0,negative,0.9875219464302063,logit_class_0,bert_finetune
1562493,Riesco ancora a sentire le mie gambe e si raffreddano cosi' tanto.,0,1,positive,0.9934661984443665,logit_class_1,bert_finetune
1562906,"Je m'attendais en fait à me sentir bien à propos de ce produit, mais j'ai été agréablement surpris",2,1,positive,0.978331446647644,logit_class_1,bert_finetune
1563187,"Tenía una pobre división, y ya se ve fuerte, a la mierda tu odio sin sentido",2,0,negative,0.7707496285438538,logit_class_0,bert_finetune
1563292,"Gracias. Además, nos gustaría hacer un poco de turismo mientras estamos en la ciudad. ¿Puede recomendar algunas atracciones locales?",1,2,neutral,0.619351327419281,logit_class_2,bert_finetune
1564799,"Non ho mai davvero mostrarlo mi sento un po 'ansioso di parlare con la maggior parte di loro di nuovo ho fatto tentativi non voglio forzare su di loro, ma non sembrano mai veramente disposti a ricambiare al mio tentativo sottile tristemente",1,0,negative,0.9650871753692627,logit_class_0,bert_finetune
1565425,"Ich fühle mich wie jemand seltsamen Onkel versucht, das Eis auf einer Party zu brechen, indem ich dieses erstaunliche Talent denken, dass die Gäste beeindruckt werden, aber wiederum alles hundertmal mehr peinlich gemacht",0,2,neutral,0.588070809841156,logit_class_2,bert_finetune
1565905,I feel as if who I am and who I want to be contraddicted ive been way too dedited to find me retailly its ridable not only ridable but insignificant there I called myself out on it,1,0,negative,0.8948301076889038,logit_class_0,bert_finetune
1567116,The title of the post started playing this in my head,1,2,neutral,0.9987108707427979,logit_class_2,bert_finetune
1567648,"Nice to see you too , Mr . Brown . Won ’ t you sit down ?",1,2,neutral,0.9929551482200623,logit_class_2,bert_finetune
1567890,"Ja, ich dachte, dass mein Junge davor auf sie steht. Aber ich bezweifle Panik! Auf der Disco hätte er sein Interesse geweckt.",0,2,neutral,0.9201925992965698,logit_class_2,bert_finetune
1568214,Le cerf avait été heurté par une voiture et il était seulement approprié de ne pas laisser la peau aller au gaspillage,2,0,negative,0.8697977662086487,logit_class_0,bert_finetune
1568703,Aumento delle rapine nei negozi di erba. Spero proprio di no.,0,2,neutral,0.7916837334632874,logit_class_2,bert_finetune
1568732,"Was die Tatsache nicht entschuldigt, dass er sexy Bilder von einem 16-Jährigen sehen wollte. Widerlich.",2,0,negative,0.5874508023262024,logit_class_0,bert_finetune
1568789,Di solito esce dopo che la gente mi scopre dissociarmi.,0,2,neutral,0.8205102682113647,logit_class_2,bert_finetune
1569133,"Beh, non con cosi' tante parole. Ma so che la produttività è un grande problema per lui. Oh, ha detto le solite cose come... Mantenere il buon lavoro e grazie per il vostro duro lavoro, ma ha anche detto che sta pensando di portare alcuni dipendenti nel mio reparto. Questo, per me, significa che non è soddisfatto di quello che ho fatto.",0,2,neutral,0.9550132155418396,logit_class_2,bert_finetune
1569294,Buena idea. Le pediré a la azafata que me ayude a guardar mi trípode.,2,1,positive,0.8426606059074402,logit_class_1,bert_finetune
1569885,Je me retrouve obligé de rejeter consciemment les sentiments d'insuffisance que les blogs éveillent en moi et au lieu de se concentrer entièrement sur le merveilleux réseau de personnes créatives auxquelles je suis connecté par le biais de blogging,1,0,negative,0.7627040147781372,logit_class_0,bert_finetune
1569903,"Je me sens débordé d'émotions, mais je sais que nous serons à nouveau ensemble très bientôt.",2,0,negative,0.509559690952301,logit_class_0,bert_finetune
1570669,Me siento terrible. Sabes que Chael salió con su primera declaración. Se puso completamente de mi lado.,0,2,neutral,0.6578213572502136,logit_class_2,bert_finetune
1570707,"Muy bien, gracias, Probablemente terminaré la próxima semana, pero esto sigue siendo un montón de trabajo, He estado trabajando en durante seis meses, y estoy tan cerrado para terminar. Puedo sentirlo.",1,2,neutral,0.8109314441680908,logit_class_2,bert_finetune
1570788,Triste di vedere [NAME] l'uomo andare ma veramente felice per [NAME]!!,0,2,neutral,0.5051324367523193,logit_class_2,bert_finetune
1570900,J'ai senti qu'il n'y avait aucun moyen de les contacter sans les rendre bizarres.,2,0,negative,0.5756387114524841,logit_class_0,bert_finetune
1571096,Cualquier país de la UE que sea engañado en el nacionalismo se convierte en presa y más débil en relación con Rusia y Estados Unidos.,0,2,neutral,0.8412269949913025,logit_class_2,bert_finetune
1571099,"Ich kann nicht helfen, aber fühlen Sie eine seltsame Empathie für ihn",0,2,neutral,0.5134596228599548,logit_class_2,bert_finetune
1573557,Je me sens toujours bizarre à ce sujet parce que cela va à l'encontre des habitudes et des processus de pensée de longue date et que la peur automatique que si réflexe,2,0,negative,0.5008469223976135,logit_class_0,bert_finetune
1574148,im pas sur le campus et sentir l'esprit et renforcer mon témoignage est incroyable,2,1,positive,0.5059363842010498,logit_class_1,bert_finetune
1574286,Ça fait mal de sortir de ce déni et d'affronter la vérité que tes proches sont morts... Je crois.,0,2,neutral,0.4643852710723877,logit_class_2,bert_finetune
1575658,Je n'ai pas peur d'un changement.,1,0,negative,0.7242977619171143,logit_class_0,bert_finetune
1575712,Je sais que j'ai passé la partie sentimentale de l'amour coréen à l'action,1,0,negative,0.9987247586250305,logit_class_0,bert_finetune
1575790,"Aucune idée, mais à partir de l'année dernière, il y avait un chat qui aimait traîner là-bas. Espérons que ça va.",1,2,neutral,0.8895029425621033,logit_class_2,bert_finetune
1576081,Puede que seas más duro contigo mismo de lo necesario. Sigan rezando y confesando sus pecados. Nadie es perfecto.,0,2,neutral,0.8769345879554749,logit_class_2,bert_finetune
1576140,io personalmente sento che la previsione ecmwf mjo pannello a sinistra va meglio con questa situazione attuale soprattutto quando si guarda l'indebolimento del olr nel hovmoller in cima a questa pagina e vedere l'ecmwf indebolire la sua previsione pure quando entra in fase,1,0,negative,0.9636318683624268,logit_class_0,bert_finetune
1576374,Me sentí tan tonta por querer disfrutar que no pude evitar sentirme aturdida por mi fricción interior y agradecida por mis bendiciones.,2,0,negative,0.646995484828949,logit_class_0,bert_finetune
1577993,¡No me avergüences!,2,0,negative,0.49133461713790894,logit_class_0,bert_finetune
1578427,im disoriented and spend what feels like hour after strange hour looking for the class,2,0,negative,0.7574156522750854,logit_class_0,bert_finetune
1579495,"Ich bin Steven. Ich bin hier, um Sie zu treffen.",2,1,positive,0.6265767216682434,logit_class_1,bert_finetune
1579616,"Ja, fick dich, weil du Musik genießt! Ich würde gerne Ihre Sammlung sehen.",0,1,positive,0.9346479177474976,logit_class_1,bert_finetune
1580323,Ya casi he terminado. Me siento tan extraño. Era estudiante de secundaria hace un tiempo.,2,0,negative,0.5155197978019714,logit_class_0,bert_finetune
1581828,Puedo programarte con él sin ningún problema. Esperamos verte con ansias.,2,1,positive,0.5655805468559265,logit_class_1,bert_finetune
1582714,Podía sentir que empezaba a sentir que veía estrellas y me dirigía al árbol de la sombra donde estaba mi botella de agua.,2,1,positive,0.8623279333114624,logit_class_1,bert_finetune
1583471,"Heureux qu'il continue à jouer, mieux que [NAME] pour sûr. J'aurais aimé le garder juste parce que j'aimais combien il jouait dur.",2,1,positive,0.7844886779785156,logit_class_1,bert_finetune
1585016,J'ai du mal à m'en réjouir et je sais que c'est à cause du malaise général dans notre maison.,1,0,negative,0.7333289384841919,logit_class_0,bert_finetune
1585617,"Selbst für Menschen, die attraktiv sind, gibt es Unsicherheiten. Selbst heiße Menschen sind genau wie alle anderen.",1,2,neutral,0.9485936164855957,logit_class_2,bert_finetune
1585738,"Lo siento, este es nuestro precio más bajo.",0,2,neutral,0.4973582923412323,logit_class_2,bert_finetune
1586348,"endlich fühle ich mich wieder zurück zu dem bestimmten Zweck, den ich für ein bisschen diesen vergangenen Herbst aus den Augen verloren",1,0,negative,0.9796566367149353,logit_class_0,bert_finetune
1587182,J'ai pris soin de mon fils et si je peux dire que j'ai fait un travail fantastique vu combien je me sens merdique une partie de la partie fantastique était de faire un href http www,1,0,negative,0.8283706307411194,logit_class_0,bert_finetune
1588368,"Mi dispiace, signore.",0,2,neutral,0.6900777816772461,logit_class_2,bert_finetune
1588454,Je dois dire que vous êtes un couple bien assorti.,1,2,neutral,0.7674456834793091,logit_class_2,bert_finetune
1588646,"Je devrais savoir, mais un rat, contrairement aux automates du tube, semble se réjouir de leurs incursions furieuses.",0,2,neutral,0.7743790149688721,logit_class_2,bert_finetune
1589262,"I know , but you deserve it .",1,2,neutral,0.6891742944717407,logit_class_2,bert_finetune
1589444,"Realmente tienes mala suerte, ¿no?",1,2,neutral,0.9259924292564392,logit_class_2,bert_finetune
1590262,"Realmente no puedo describir lo que se siente tener peces chupar en los pies que era un poco raro y como que esperaba que me asustara un poco, pero lo hizo t y lo haría de nuevo mientras im aquí",2,0,negative,0.6154311895370483,logit_class_0,bert_finetune
1590425,Je mentionne mon petit ami même juste en passant je me sens une étrange culpabilité pour le renforcement de l'hétéronomamie dans les blogs de mode,0,2,neutral,0.5234650373458862,logit_class_2,bert_finetune
1590645,quando ho finito il lavoro che avevo pianificato di fare i miei compiti,1,0,negative,0.9662174582481384,logit_class_0,bert_finetune
1591115,"Maldita sea, tienes un montón de alts. :D",0,2,neutral,0.552402913570404,logit_class_2,bert_finetune
1591234,No me importa admitir que estaba bastante asustada y todavía sintiéndome conmocionada un poco después,0,2,neutral,0.5598671436309814,logit_class_2,bert_finetune
1591506,"No, ma grazie per l'offerta, in realtà potresti portare delle sedie pieghevoli per le persone se ne hai? Temo che non tutti si siederanno, ne hai?",1,2,neutral,0.8794084787368774,logit_class_2,bert_finetune
1591689,Je comprends si les gens se sentent avides mais ne pensez-vous pas qu'il aurait été un peu tôt pour tout le monde de le voir,1,0,negative,0.8489924073219299,logit_class_0,bert_finetune
1592190,im un drogué académique je ne peux pas dire que im se sent vraiment avide à ce sujet en ce moment,1,0,negative,0.8380377888679504,logit_class_0,bert_finetune
1592200,I feel terrible now .,0,2,neutral,0.8675026893615723,logit_class_2,bert_finetune
1593450,"Sí, realmente lo disfrutamos.",2,1,positive,0.5709287524223328,logit_class_1,bert_finetune
1594168,"sì, ma l'ho comprato quando era in vendita, il 50 per cento sul prezzo originale. Ok, che ne pensi?",1,2,neutral,0.9635945558547974,logit_class_2,bert_finetune
1594589,"Ich fühle mich, als ob Gott mir sagt, ich solle so im überreizt gehen, um zu sehen, was er in unserem Leben tun wird",1,2,neutral,0.4940950870513916,logit_class_2,bert_finetune
1594813,J'aime beaucoup et oui c'est étrange parce que je ne connais pas les sentiments comme ça,0,2,neutral,0.5556555390357971,logit_class_2,bert_finetune
1595022,Je me sens surpris par lui.,0,2,neutral,0.9115588068962097,logit_class_2,bert_finetune
1595038,"Ok, je l'aurai pour un changement.",1,2,neutral,0.9892600774765015,logit_class_2,bert_finetune
1595418,"Ich bin sehr entschlossen, wie ich darüber denke, bitte geben Sie mir nicht Ihre Argumente, die zeigen, die gewaltsame Dekonstruktion einer Person ist notwendig, um die Geschichte Zeile",0,1,positive,0.6636528372764587,logit_class_1,bert_finetune
1595428,J'y étais aussi! Je me souviens que c'était une journée chaude pendant une autre période froide de l'année.,1,2,neutral,0.7297399640083313,logit_class_2,bert_finetune
1596521,"Ho pienamente aiutato nel viziato, ma un sacco di vacanze mi sento come mia madre mi vede come qualcosa da correre passato non come qualcosa da celebrare",0,1,positive,0.7323095202445984,logit_class_1,bert_finetune
1597109,Le dije que no. No me siento tan segura de que ella dijera por qué.,0,1,positive,0.7427696585655212,logit_class_1,bert_finetune
1597185,"Oui, c'est dommage... mais en fait je pense que je sais quoi faire.",0,2,neutral,0.9533132910728455,logit_class_2,bert_finetune
1597209,I feel after è sorprendente e i risultati che vedo i m estremamente felice con,2,1,positive,0.5420835018157959,logit_class_1,bert_finetune
1597389,"Ich liebe es zu schreiben, aber in letzter Zeit ive fühlte sich aus der Praxis und finde mich zögerlich poising meinen Bleistift über die kostbaren Seiten meiner Mini-Zeitschriften, bevor ich beginnen",1,0,negative,0.9948552846908569,logit_class_0,bert_finetune
1598480,ho lasciato andare si sente come se non m importa e non mi piace quella sensazione,1,0,negative,0.5049880146980286,logit_class_0,bert_finetune
1598599,Tengo tanto en mi mente que me siento abrumada.,0,2,neutral,0.5697486400604248,logit_class_2,bert_finetune
1598693,"i know there were talks about it, but its doubtful :(",0,2,neutral,0.7677608728408813,logit_class_2,bert_finetune
1599123,"Oui, c'est un super travail. J'adore ça. Et qu'est-ce que tu fais?",1,2,neutral,0.5285494923591614,logit_class_2,bert_finetune
1600143,"Beh, grazie per le tue informazioni. Ma come si chiama quel ristorante?",2,1,positive,0.5144863128662109,logit_class_1,bert_finetune
1600293,Je suis terriblement désolé. J'ai mal rangé votre MP4.,0,2,neutral,0.6554898023605347,logit_class_2,bert_finetune
1601223,"Sì, mia moglie sta venendo a prendermi.",1,2,neutral,0.8997893333435059,logit_class_2,bert_finetune
1601477,"No, non... non voglio piu' vederti. Non chiamarmi mai piu'.",0,2,neutral,0.9070572853088379,logit_class_2,bert_finetune
1601664,"ich fühle eine seltsame Zufriedenheit als ich auf meinem Schlafzimmerboden sitze immer noch keinen Stuhl oder einen funktionierenden Tisch habe ein wenig verändert und bin von dem warmen Licht, das meine Lampe leuchtet gestreichelt",0,2,neutral,0.5300756692886353,logit_class_2,bert_finetune
1602133,"meine Mutter arbeitete mit einem Messer und wir lachten alle herzhaft, sie konnte das Messer nicht kontrollieren und steckte es tief in ihre Hand.",0,2,neutral,0.5613318681716919,logit_class_2,bert_finetune
1602261,invidio i miei amici floridi mentre io spalare neve mi sento male non riescono a respirare nella bellezza di una splendida giornata d'autunno,1,0,negative,0.5268670320510864,logit_class_0,bert_finetune
1602350,i have been going nonstop and it feels amazing to take a moment to nourish myself,2,1,positive,0.5511528253555298,logit_class_1,bert_finetune
1602357,Je me sens débordée et fatiguée de l'école.,2,0,negative,0.500106930732727,logit_class_0,bert_finetune
1603194,"Yup, wenn Sie voraus sind und wollen nur Spam aktiv Ich genieße es mit einem aktualisierten verfluchten Ankh, um wirklich heilende basierende Teams zu verletzen",2,1,positive,0.721682608127594,logit_class_1,bert_finetune
1603954,"Lucky you, our low is only gonna be 3°",2,1,positive,0.6256795525550842,logit_class_1,bert_finetune
1604001,"Das wird fürs Erste in Ordnung sein, danke.",1,2,neutral,0.7770212292671204,logit_class_2,bert_finetune
1604752,¡Genial! Vamos a trabajar en equipos de tres. ¿Estás bien trabajando con otros?,2,1,positive,0.5421933531761169,logit_class_1,bert_finetune
1605221,Cuando jugué en un campeonato de ajedrez,0,1,positive,0.9736595749855042,logit_class_1,bert_finetune
1605799,I can when enough time has passed. I've got each of their playoff games from that year and it's fun to relive it during the offseason.,2,1,positive,0.5860933661460876,logit_class_1,bert_finetune
1606856,"Je ne sais pas, mais je me sens tellement dépressif que je n'ai pas pu voir mes super-petits garçons et maintenant je l'ai littéralement pleuré après avoir vu une photo de leeteuk oppa lettre de l'armée sentir que ive l'a laissé tomber",1,0,negative,0.9744436144828796,logit_class_0,bert_finetune
1607261,J'avais été très las toute la semaine pas de lettres,1,0,negative,0.9100530743598938,logit_class_0,bert_finetune
1607650,E' fantastico. L'hanno fatto apposta.,2,1,positive,0.8235648274421692,logit_class_1,bert_finetune
1607764,Je trouve les matins abit draggy parce qu'im up si tôt avec nth beaucoup à faire je me sens impatient de la lapidation,0,1,positive,0.5473234057426453,logit_class_1,bert_finetune
1608468,Hombre... ha pasado un tiempo desde que me reí tanto viendo uno de estos videos,2,1,positive,0.8972728848457336,logit_class_1,bert_finetune
1609196,"Ich habe ziemlich ein bisschen zu erforschen, die zurückblicken ich gerne über, aber beim Spielen einer Erinnerung schwören über während Laufen in Kreisen immer getötet und meinen Körper zu verlieren gehen den falschen Weg und immer verloren gehen frustriert und zurückgelassen etc",1,0,negative,0.5276901721954346,logit_class_0,bert_finetune
1609235,Me siento como un tonto porque no soy esa chica que hace encantadoras comidas de cinco platos para los huéspedes de vacaciones y si mi cocina huele a pan de jengibre o galletas caseras es porque tengo una vela perfumada que arde,1,0,negative,0.9362819790840149,logit_class_0,bert_finetune
1609321,"Wirf sie einfach in einen Pool mit Nadeln. Das wird ihnen beibringen, nie wieder zu stehlen.",0,2,neutral,0.9432904124259949,logit_class_2,bert_finetune
1609467,Me siento como la persona más estúpida de la historia aunque sé que tal vez podría ser inteligente si no estuviera tan deprimida,1,0,negative,0.5337905287742615,logit_class_0,bert_finetune
1609819,"Hugs. - Nein, nein, nein, nein, nein, nein, nein, nein, nein, nein, nein, nein, nein, nein, nein, nein, nein, nein, nein, nein, nein, nein, nein, nein, nein, nein, nein, nein, nein, nein, nein, nein, nein, nein, nein, nein, nein, nein, nein, nein, nein, nein, nein, nein, nein, nein, nein, nein, nein, nein, nein, nein, nein, nein, nein, nein. nein, nein, nein, nein. nein, nein, nein, nein, nein. nein, nein, nein. Wir haben unser süßes Kätzchen morgen vor einem Jahr schlafen lassen.",2,1,positive,0.9239200353622437,logit_class_1,bert_finetune
1611746,"Lo e'. Tuttavia, si soffre di dolore muscolare per molti giorni si è un primo cavaliere.",1,2,neutral,0.8963915705680847,logit_class_2,bert_finetune
1611756,"Oh damn, that would have been the only correct response! ""Sorry, but I have a boyfriend."" End of conversation.",2,0,negative,0.7285486459732056,logit_class_0,bert_finetune
1611891,I've been looking forward to visiting your factory .,2,1,positive,0.6489831209182739,logit_class_1,bert_finetune
1612411,Quand je suis revenu de mes vacances,0,1,positive,0.881422221660614,logit_class_1,bert_finetune
1612704,Je me sentais débordé par même de petits groupes de personnes alors être autour des gens était juste trop,2,0,negative,0.5305129289627075,logit_class_0,bert_finetune
1612713,AUF DIE RECHTSPRECHUNG,2,0,negative,0.8467414975166321,logit_class_0,bert_finetune
1612730,Me siento un poco abrumado con la bendición de esta nueva casa,0,2,neutral,0.5181367993354797,logit_class_2,bert_finetune
1614538,"Oh , sounds nice .",2,1,positive,0.8967782258987427,logit_class_1,bert_finetune
1614983,I shook a hand that shook his hand once,2,1,positive,0.9901195764541626,logit_class_1,bert_finetune
1615300,"Seno? Ah, mi piace.",1,2,neutral,0.5879878997802734,logit_class_2,bert_finetune
1616679,"Ça a l'air bien, bien que, pensez-vous que nous puissions être admissibles à l'assurance? Ces compagnies d'assurance sont de vrais pirates quand il s'agit d'argent.",2,1,positive,0.48793137073516846,logit_class_1,bert_finetune
1616738,Jemand braucht nur eine Umarmung,1,2,neutral,0.8434702157974243,logit_class_2,bert_finetune
1617180,"Ich würde mich für Minuten nach einer Hilfsstation hoch auf Koks fühlen, dann würde ich sterben und kämpfen, um die nächste Station zu machen",1,0,negative,0.9819635152816772,logit_class_0,bert_finetune
1617255,Aber ich habe die Chance verloren.,0,2,neutral,0.9036736488342285,logit_class_2,bert_finetune
1617428,Quel soulagement! Je commençais à penser que ce n'était pas un moyen de relancer mon entreprise.,2,1,positive,0.7758745551109314,logit_class_1,bert_finetune
1618454,Je plutôt salope puis en fait leur parler de pourquoi je me sens salope,0,1,positive,0.5158827304840088,logit_class_1,bert_finetune
1618572,mi sento un po 'cattivo a scrivere un post così negativo,0,1,positive,0.9064271450042725,logit_class_1,bert_finetune
1618866,"Roast you? The fires of Mount Doom already did that for you, you [NAME] looking ass.",2,0,negative,0.6425706744194031,logit_class_0,bert_finetune
1620198,Then stay away . Nobody's keeping you from doing that .,0,2,neutral,0.9958393573760986,logit_class_2,bert_finetune
1622726,"J'ai réussi! Mon DH est allé au lit à 10 h, alors j'ai embrassé mon chien à minuit. Bonne année!Qu'est-ce qu'il y a?",2,1,positive,0.798687219619751,logit_class_1,bert_finetune
1622784,"Warum sollte ich das tun? Ich bin gut in meinem Job! Das ist das Einzige, was wichtig ist!",0,2,neutral,0.6871581077575684,logit_class_2,bert_finetune
1622999,"Siento que añaden nostalgia de aventura y, por supuesto, la visión romántica de un tiempo que se ha esfumado durante mucho tiempo",1,0,negative,0.9765605330467224,logit_class_0,bert_finetune
1623648,Pero una vez más eso es un problema con la gente. Muchos atacan a la gente que no está de acuerdo en lugar de los argumentos.,0,2,neutral,0.8663235902786255,logit_class_2,bert_finetune
1624061,natural selection will rape her anyway so...,0,2,neutral,0.9803050756454468,logit_class_2,bert_finetune
1624185,"Pienso en los padres fundadores que comienzan un nuevo país y su compromiso entre ellos en la declaración de independencia con firme confianza en la protección de la providencia divina. Nos comprometemos mutuamente nuestras vidas, nuestras fortunas y nuestro sagrado honor.",0,2,neutral,0.8073941469192505,logit_class_2,bert_finetune
1624615,"Ich fühle mich schlecht für all die Kinder, deren Eltern beschlossen, sie zu Hause zu unterrichten, damit sie professionelle HOTS-Spieler sein konnten, ohne dass all das dumme Lernen im Weg steht.",2,0,negative,0.8194773197174072,logit_class_0,bert_finetune
1625165,"Ich wende mich ich freue mich darauf, da ich auf eine Kreuzfahrt mit einigen meiner Familie und einige meiner Freunde zu gehen, obwohl es seltsam ist, meine Mutter dort nicht zu haben",0,1,positive,0.901197075843811,logit_class_1,bert_finetune
1625597,# I start lord # # I m feeling appears #,0,1,positive,0.9398930072784424,logit_class_1,bert_finetune
1625765,"Wir haben endlich ein Spiel verloren, während ich mein Tarotdeck umschlang und jetzt kann ich nicht entscheiden, ob ich es noch einmal versuchen sollte oder ob das Glück ausgegangen ist",0,2,neutral,0.6001744270324707,logit_class_2,bert_finetune
1626177,i know when i m feeling overwhelmed,0,2,neutral,0.5440725088119507,logit_class_2,bert_finetune
1626227,"Buenas noches, señor. Smith.",1,2,neutral,0.8161620497703552,logit_class_2,bert_finetune
1626891,"Ich fühle einen seltsamen Druck wegen dieses Blogs Dinge zu teilen, um Dinge zu tun, die es wert sind zu teilen",0,2,neutral,0.503491997718811,logit_class_2,bert_finetune
1627149,Me gusta tocar el piano por diversión.,1,2,neutral,0.733574390411377,logit_class_2,bert_finetune
1627711,"Ja, während ich nicht einmal das Haus verlassen kann, ohne ein ängstliches Durcheinander zu sein, geschweige denn mit irgendjemandem zu interagieren...",2,0,negative,0.5394087433815002,logit_class_0,bert_finetune
1628172,"Let me see . Yes , that's it . Where did you find it ?",1,2,neutral,0.996875524520874,logit_class_2,bert_finetune
1628453,Me siento muy mal por ella.,1,0,negative,0.9796802401542664,logit_class_0,bert_finetune
1629648,"Je pense que je dois rappeler aux lecteurs que malgré la propagande et les écrans de fumée, le fait est toujours le fait",2,1,positive,0.514828622341156,logit_class_1,bert_finetune
1630222,Vuoi venire a un concerto con me?,2,1,positive,0.716952919960022,logit_class_1,bert_finetune
1631084,E' cosi' dolce.,2,1,positive,0.7774931192398071,logit_class_1,bert_finetune
1632071,"Hola, Mary, me alegro de verte de nuevo. He oído que vas a volver a casa a la U. S..",2,1,positive,0.5701577067375183,logit_class_1,bert_finetune
1632350,Je peux sentir que mon corps est en train de devenir avide pour le tien alors qu'un autre gémissement gronde à travers moi et cette fois-ci il s'échappe de mes lèvres que je retire votre queue qui brille maintenant de ma bouche,1,0,negative,0.7542963624000549,logit_class_0,bert_finetune
1632422,Realmente siento al respecto que desprecié esta tarea porque tres días a la semana yo también tuve que ponerme ropa bonita conseguir todo fancyed para arriba y asegurarse de que me quedé de esta manera mientras que conseguir cuatro niños por la puerta en una pieza feliz y no faltando zapatos de almuerzo tarea etc,0,1,positive,0.9967578053474426,logit_class_1,bert_finetune
1632971,Mi vergogno dei tuoi sequel meme. Prequel memes o no memes,2,0,negative,0.9970237612724304,logit_class_0,bert_finetune
1633997,Ich bin auf einem Taxi ich fühle mich wie im noch auf seltsamen Gründen wie ich kann nicht vollständig entspannen noch,2,0,negative,0.558060348033905,logit_class_0,bert_finetune
1634083,Sono felice di parlare con un candidato alla presidenza.,2,1,positive,0.5379997491836548,logit_class_1,bert_finetune
1634319,Me fui a la cama sintiéndome increíble.,2,1,positive,0.5840097069740295,logit_class_1,bert_finetune
1635228,Mi marido y yo hemos estado dando vueltas por el desagüe durante años. :(,0,2,neutral,0.7313292026519775,logit_class_2,bert_finetune
1635309,Il tuo allenamento è terribile... sii pronto e vedi come [NAME] usa [NAME],0,2,neutral,0.7341268062591553,logit_class_2,bert_finetune
1636619,I'm most grateful .,1,2,neutral,0.6082937717437744,logit_class_2,bert_finetune
1636681,me siento menos ansioso de lo habitual para ir a la India y puedo entender por qué,1,0,negative,0.9440852403640747,logit_class_0,bert_finetune
1636869,Je n'avais jamais pensé une seconde fois et c'est incroyable,1,2,neutral,0.584106981754303,logit_class_2,bert_finetune
1637233,"Credo che l'unica via d'uscita sia per Cristoforo morire tragicamente, ma non ci sono morti tragici sulle ragazze Gilmore.",0,1,positive,0.5492525100708008,logit_class_1,bert_finetune
1639953,"Wenn Sie Ihre Zeit mit der anderen Person genießen, dann sind Sie immer auf lustigen Dates.",1,2,neutral,0.7424154877662659,logit_class_2,bert_finetune
1640498,Je ne suis pas sûr que demander à une personne son opinion sur le pourboire dans un pays qui n'emploie pas largement le pourboire est une recherche solide.,2,0,negative,0.7337858080863953,logit_class_0,bert_finetune
1640595,I'm starting to think im being rased by narcissists lmao,0,2,neutral,0.8580907583236694,logit_class_2,bert_finetune
1641254,in a day when at work,1,0,negative,0.9992350339889526,logit_class_0,bert_finetune
1641569,"Doktor, retten Sie mein Baby, bitte.",0,2,neutral,0.9926134347915649,logit_class_2,bert_finetune
1642120,Bien sûr. Mais vous devez être patient.,1,2,neutral,0.9669514894485474,logit_class_2,bert_finetune
1642145,several days after my final examination at school,1,0,negative,0.9592616558074951,logit_class_0,bert_finetune
1642199,I don't mind posts bashing NOED or DS. But I wish this one would make sense or would be funny.,1,2,neutral,0.97380131483078,logit_class_2,bert_finetune
1642247,"Sí, si eres una chica.",2,1,positive,0.5069160461425781,logit_class_1,bert_finetune
1642362,"Das ist toll. Jedes kleine bisschen zählt. Und wir brauchen den Parkplatz nicht. Ich schätze, wir könnten es vermieten.",2,1,positive,0.65338134765625,logit_class_1,bert_finetune
1642450,"Es ist einfach, lass mich dir helfen.",1,2,neutral,0.8769318461418152,logit_class_2,bert_finetune
1642457,Je ressens constamment le besoin de me prouver tellement que je manque de confiance en moi que je devrais avoir tellement que je me sens tellement indécis et incertain avec les décisions que je dois prendre dans la vie,0,1,positive,0.762931227684021,logit_class_1,bert_finetune
1643702,Sono cosi' felice di averli presentati a mia madre cosi' che anche lei potesse sentire i loro fantastici spiriti.,2,1,positive,0.7881948351860046,logit_class_1,bert_finetune
1643879,J'embrasse l'ombre de tout le mec. Son nom d'utilisateur était Trewdat. Ce type me manque.,0,1,positive,0.6172083616256714,logit_class_1,bert_finetune
1644854,J'apprécierais ça.,2,1,positive,0.7563876509666443,logit_class_1,bert_finetune
1645431,"Oui, nous le faisons. On aime beaucoup ça.",2,1,positive,0.5529451966285706,logit_class_1,bert_finetune
1645550,Je me sens privé d'avoir des souvenirs chers une victime de la nature aveugle de l'autisme,1,0,negative,0.9812659621238708,logit_class_0,bert_finetune
1645802,"C'est génial. Cela signifie que je peux apporter mon chat, M.. Des jumelles. Où se trouve l'appartement?",1,2,neutral,0.7456197142601013,logit_class_2,bert_finetune
1645951,absolutely . I can decide when and what to do all by myself .,1,2,neutral,0.7332939505577087,logit_class_2,bert_finetune
1646005,. . . Wait a fucking second,0,2,neutral,0.7357432842254639,logit_class_2,bert_finetune
1646287,"They seem to be about 1/2 the price anyone else has quoted me, so it`s a good place to start, thank you!",2,1,positive,0.9578518867492676,logit_class_1,bert_finetune
1646573,"Oh, questi sono esattamente quello che sto cercando.",1,2,neutral,0.8943033814430237,logit_class_2,bert_finetune
1647153,"Endlich ein paar Neuigkeiten von [NAME]. Ich hoffe, er geht mit DAZN. Ich würde ihn gern als nächstes sehen.",2,1,positive,0.6750579476356506,logit_class_1,bert_finetune
1647478,Mund Umarmungen!,2,1,positive,0.8009467124938965,logit_class_1,bert_finetune
1647832,[NOMBRE]!! ¡Increíble! Es el único por el que tengo firmado algo.,1,2,neutral,0.9805883765220642,logit_class_2,bert_finetune
1648248,No encuentro esa idea atractiva ya que soy consciente de que la sensación inadecuada que tuve que sentir no proviene de ninguna envidia del rico estilo de vida que no envidio de ti sino de la altura de la línea de estilo,1,0,negative,0.7233549356460571,logit_class_0,bert_finetune
1648575,J'ai juste ouvert une bière et je vais probablement avoir plus à me détendre avec combien je me sens nerveux sur la façon dont il va prendre mon geste romantique,1,0,negative,0.9496526718139648,logit_class_0,bert_finetune
1648842,Ci faranno pagare una tassa di sughero.,1,2,neutral,0.9811177849769592,logit_class_2,bert_finetune
1649552,"In Ordnung. Glauben Sie, was Sie wollen. Viel Spaß beim Verhungern.",0,2,neutral,0.7898439764976501,logit_class_2,bert_finetune
1649862,"Ich fühle wie dies ist ein Follow-up zu meinem Blog letzten Samstag, in dem ich über eine Realität angedeutet, in der ich ziemlich viel aufwachen, nur um alles zu finden ist gesorgt",1,0,negative,0.9962594509124756,logit_class_0,bert_finetune
1650323,Je ne savais pas que je l'avais fait.,2,0,negative,0.4938748776912689,logit_class_0,bert_finetune
1650811,Je déteste ce sentiment de ne pas aimer ou même d'aimer ou de profiter d'un livre,1,0,negative,0.8368086814880371,logit_class_0,bert_finetune
1651997,Haunt her forever...,2,0,negative,0.5213437080383301,logit_class_0,bert_finetune
1652066,"Nein, ich bin Tourist. Dieser Ort ist unglaublich! Es ist viel größer, als ich mir vorgestellt habe, und viel aufregender! Hier gibt es so viel zu sehen.",2,1,positive,0.7008123993873596,logit_class_1,bert_finetune
1652352,"Thanks very much . Well , I'll be able to give you a visa for one year , a student visa , that is .",2,1,positive,0.6691781282424927,logit_class_1,bert_finetune
1652364,"Hey , you can dance to rap music !",1,2,neutral,0.9970699548721313,logit_class_2,bert_finetune
1652643,"Ich fühle, wenn ich sie sehe, weil ich so eine lustige Zeit habe, wenn ich in England jage oder dass ich gerne um England herumstreifen und die hübschen Türen und die alten Pubs betrachten und in einem britischen Akzent sprechen, aber diese Karten kitzelte meine Phantasie",1,2,neutral,0.9561835527420044,logit_class_2,bert_finetune
1652750,the day when my son said for the first time mummy,1,0,negative,0.4979008138179779,logit_class_0,bert_finetune
1652952,"Gut, ich habe nur Angst, Lebensmittelvergiftung zu bekommen.",0,2,neutral,0.7245835661888123,logit_class_2,bert_finetune
1653049,i feel immediately part of something amazing,1,2,neutral,0.5795341730117798,logit_class_2,bert_finetune
1653062,Genial. Muchas gracias por su tiempo.,2,1,positive,0.8025387525558472,logit_class_1,bert_finetune
1653455,"After six months , my college life will come to the end . The following trouble will be the job-hunting . That's really a headache .",0,2,neutral,0.8990371227264404,logit_class_2,bert_finetune
1653624,Je suis sûr que le don aurait été rejeté.,1,0,negative,0.6003004908561707,logit_class_0,bert_finetune
1653629,Grazie al cielo non siamo ricchi e famosi!,1,2,neutral,0.7316110134124756,logit_class_2,bert_finetune
1654153,"Je ne crois pas qu'elle ait des informations secrètes, mais je soupçonne toujours qu'elle est en danger et que son plan a largement reculé.",2,0,negative,0.7817574739456177,logit_class_0,bert_finetune
1654573,They're quite popular now . Wasn't her voice good ?,1,2,neutral,0.9665819406509399,logit_class_2,bert_finetune
1654928,Vorrei fare né vorrei essere in grado di dire ciò che im in realtà sentire senza ottenere sguardi divertenti o annoiati da tutti che vorrei per qualcuno a mostrare interesse reale in ciò che im dire,2,0,negative,0.9925467371940613,logit_class_0,bert_finetune
1656114,"Je me sentais un peu bizarre d'être seul, mais j'ai aimé voir le vieux port et les excellents musées de l'histoire des montréals.",2,0,negative,0.511831521987915,logit_class_0,bert_finetune
1656235,ho una sensazione allison sarà allis andare alla persona per i capelli di datazione e amico consiglio quando non sono abbastanza freddo,1,0,negative,0.9341223239898682,logit_class_0,bert_finetune
1657021,Me siento tan traicionada por mi propia ridícula fiesta de mentiras.,2,0,negative,0.6989859342575073,logit_class_0,bert_finetune
1657442,Dieses U-Boot ist jetzt ein verdammter Witz.,0,1,positive,0.4647323787212372,logit_class_1,bert_finetune
1658143,"Well , I will text to you . Thank you , bye for now .",2,1,positive,0.6930797696113586,logit_class_1,bert_finetune
1658235,Per lo piu' l'ho cacciato via e non l'ho denunciato. Ma non piaceva a nessuno. E' stato un breve tirocinio.,0,2,neutral,0.9498242139816284,logit_class_2,bert_finetune
1659962,Ich fühle mich so überwältigt von dieser ganzen Situation,0,2,neutral,0.500098705291748,logit_class_2,bert_finetune
1662021,They have the freshest foods there .,1,2,neutral,0.992608368396759,logit_class_2,bert_finetune
1662047,"Buonasera, signor. Smith.",1,2,neutral,0.9856622815132141,logit_class_2,bert_finetune
1662110,"Ich meine, es war Staffel zwei, was zum Teufel machst du Autoren?- Nein, nein, nein, nein, nein, nein, nein, nein, nein, nein, nein, nein, nein, nein, nein, nein, nein, nein, nein, nein, nein, nein, nein, nein, nein, nein, nein, nein, nein, nein, nein, nein, nein, nein, nein, nein, nein, nein, nein, nein, nein, nein, nein, nein, nein, nein, nein, nein, nein, nein, nein, nein, nein, nein, nein, nein, nein, nein!",0,2,neutral,0.5086364150047302,logit_class_2,bert_finetune
1662421,"Danke, ich bin gleich wieder da. Brauchen Sie irgendwelche, um Kisten zu gehen? Ich würde Ihnen gerne welche mitbringen, wenn ich zurückkomme.",1,2,neutral,0.5864591598510742,logit_class_2,bert_finetune
1662695,"Si', lo show e' stato figo, purtroppo la NFL ha pensato che fosse un male per la lega.",2,0,negative,0.6465182900428772,logit_class_0,bert_finetune
1663312,"You're not wrong, [NAME], you're just an asshole.",2,0,negative,0.6969484090805054,logit_class_0,bert_finetune
1663513,Je commence à me sentir désespéré par la façon dont les choses vont Je me souviens de précieuses écritures d'espoir et d'encouragement,1,0,negative,0.8982345461845398,logit_class_0,bert_finetune
1663541,¡Son todos tan delgados! Sus pómulos son geniales.,2,1,positive,0.7153420448303223,logit_class_1,bert_finetune
1665128,Quando possiamo aspettarvi per cena? Puoi venire stasera?,1,2,neutral,0.8003953099250793,logit_class_2,bert_finetune
1665625,"der Tag, an dem ich einem queeren Mamba Gesicht zu Gesicht in einem Stück Blätter hinter unserem Haus begegnete",0,2,neutral,0.5943878889083862,logit_class_2,bert_finetune
1665820,"Ou du moins ça aurait pu l'être, mais la photo est partie :(",0,2,neutral,0.886057436466217,logit_class_2,bert_finetune
1665871,"OK, li avvolgo per te.",1,2,neutral,0.6627684831619263,logit_class_2,bert_finetune
1666495,"Bienvenido a la edad adulta, mi hermano.",1,2,neutral,0.7791465520858765,logit_class_2,bert_finetune
1667439,Povero ragazzo. E' cosi' triste. Capisco perche' e' un'ex amica.,0,2,neutral,0.5320065021514893,logit_class_2,bert_finetune
1667819,"J'ai l'impression que c'est bien, mais quand je retourne lire les posts, je me sens un peu gêné parce que je sais que je devrais être plus fort et être capable de gérer tout ce qui a été touché avec",1,0,negative,0.9165996313095093,logit_class_0,bert_finetune
1668011,E' vero. Avere un fidanzato molto serio o fidanzata può essere noioso.,1,2,neutral,0.9644749760627747,logit_class_2,bert_finetune
1668402,No puedo imaginar tener un plan B cuando se trata de citas. Eso parece irrespetuoso no dedicarse a la persona con la que sales.,0,2,neutral,0.9398949146270752,logit_class_2,bert_finetune
1668916,"Honnêtement, c'est la façon la plus imprudente de harceler un enfant. Les enfants ont tendance à s'adapter à leurs attentes.",0,2,neutral,0.9902639389038086,logit_class_2,bert_finetune
1669674,Oui. Et c'est tellement drôle parce que la plupart des gens préfèrent regarder le sexe et la violence à regarder quelque chose de plus éducatif!,2,1,positive,0.7795698642730713,logit_class_1,bert_finetune
1670084,Quali diritti hanno gli uomini che le donne non hanno nell'ovest? Dannazione.,0,2,neutral,0.7568868398666382,logit_class_2,bert_finetune
1670563,Il n'était pas enregistré à l'état. Il a un BS en EE et travaille comme ingénieur électrique. Quelle stupide loi!,2,0,negative,0.7514165639877319,logit_class_0,bert_finetune
1670826,Daran erinnere ich mich!,1,2,neutral,0.847716748714447,logit_class_2,bert_finetune
1671659,Tengo la sensación de que estaba hablando de cosas malas.,1,0,negative,0.9589649438858032,logit_class_0,bert_finetune
1671837,Stupidly stubborn / stubbornly stupid,0,2,neutral,0.8502829670906067,logit_class_2,bert_finetune
1673184,"Ich bin sicher, obj zu verlieren wird [NAME] helfen, aus seinem Tiefpunkt herauszukommen, oder helfen, zu entwickeln, welche Rookie qb sie in bringen.",1,2,neutral,0.8557625412940979,logit_class_2,bert_finetune
1673349,"Merde, je paie la prime -- 15 % de risque de ne pas avoir votre argent est assez élevé!",0,2,neutral,0.7265412211418152,logit_class_2,bert_finetune
1673450,Tenía menos la sensación de haber estado entre los materiales que de haberlos tocado pasó a la incansable maggie que trabaja en colecciones especiales que devolvieron copias tengo una pila profunda de xeroxes y una sensación de desconcierto aburrido,0,1,positive,0.8786974549293518,logit_class_1,bert_finetune
1673530,Mi sentivo piuttosto scioccata che non ero una madre terribile dopo tutto e ho appena continuato a godermi la giornata,0,2,neutral,0.7999122738838196,logit_class_2,bert_finetune
1673711,Le pedí que me comprara la serie de libros. También tengo ganas de leerlo. Ahora quiero saber la diferencia.,2,1,positive,0.9518699645996094,logit_class_1,bert_finetune
1674709,Eccellente. Saremo in grado di soddisfare tutte le vostre condizioni se si può soddisfare le nostre richieste.,1,2,neutral,0.5715132355690002,logit_class_2,bert_finetune
1675181,Quiero decir todavía no pero sé que un día en unos años voy a ver una de estas películas en la televisión y supongo que me sentiré extraño,2,0,negative,0.5038471221923828,logit_class_0,bert_finetune
1675509,Me siento abrumado por todo el apoyo y el amor de todos ustedes,0,2,neutral,0.509611964225769,logit_class_2,bert_finetune
1675792,"Gia', di nuovo la mancanza di allenamenti adeguati. Peccato che ci siamo persi [NAME].",0,2,neutral,0.7906566262245178,logit_class_2,bert_finetune
1676553,"L'ho già passato prima, e fa schifo. Sono ancora un po' confuso e ritirato.",0,2,neutral,0.7142115831375122,logit_class_2,bert_finetune
1677388,Actually I have a passion for Chinese literature .,1,2,neutral,0.9425722360610962,logit_class_2,bert_finetune
1678874,Merci beaucoup pour votre évaluation. J'aime aussi beaucoup ce travail.,2,1,positive,0.7844273447990417,logit_class_1,bert_finetune
1679008,J'ai hâte de sentir que c'est dérangé et insouciant à nouveau,1,0,negative,0.9655622839927673,logit_class_0,bert_finetune
1679280,ive vient de terminer une mission assez grande et terne pour le pourboire et sa gauche me sentant une sorte de faux pacifique,0,1,positive,0.864496648311615,logit_class_1,bert_finetune
1679618,"So come ti senti. Vacci piano e dimmi qualcosa, se ti va.",1,2,neutral,0.9030253291130066,logit_class_2,bert_finetune
1679959,Es ist im 2. Stock. Wir werden einige schöne Bilder über die Geschichte des antiken Griechenland zu sehen.,1,2,neutral,0.882530689239502,logit_class_2,bert_finetune
1680207,J'ai l'impression que l'adrénaline s'écrase et que mon système essaie de se stabiliser.,0,1,positive,0.5298033952713013,logit_class_1,bert_finetune
1680363,###Rêvez le livre de rupture,2,0,negative,0.5246537327766418,logit_class_0,bert_finetune
1680561,una volta quando stavo giocando a ping pong ero già sicuro che avrei vinto,0,1,positive,0.9399015307426453,logit_class_1,bert_finetune
1681057,"Well , I ’ ll have tea by myself . That was quick ! Have you finished already ?",2,1,positive,0.5758302211761475,logit_class_1,bert_finetune
1681459,Siento una extraña conexión con Poe.,0,2,neutral,0.5462477207183838,logit_class_2,bert_finetune
1681992,Yes . That would be good .,2,1,positive,0.547897219657898,logit_class_1,bert_finetune
1684691,i get feeling weird but this provided context i was looking for,0,2,neutral,0.5257638692855835,logit_class_2,bert_finetune
1685016,Je me sens si avide comment,0,1,positive,0.7232381701469421,logit_class_1,bert_finetune
1685949,Ce restaurant italien dans le centre-ville a toujours de grandes portions. Tu veux y aller?,1,2,neutral,0.7304754257202148,logit_class_2,bert_finetune
1686206,Vielen Dank. Ich werde deinem Rat folgen und sofort in den Supermarkt gehen.,1,2,neutral,0.6097857356071472,logit_class_2,bert_finetune
1686366,Este es un sentimiento que nunca traiciono,1,2,neutral,0.8480415344238281,logit_class_2,bert_finetune
1686573,Devi esserti divertito molto.,1,2,neutral,0.6746754050254822,logit_class_2,bert_finetune
1686704,"Lol gibt es immer, dass ein Kerl in den Kommentaren",1,2,neutral,0.9026175737380981,logit_class_2,bert_finetune
1686709,"Ich benutze das, wenn meine Lippen sich sehr liebenswürdig fühlen.",0,1,positive,0.9998080134391785,logit_class_1,bert_finetune
1686888,"Ich ging zurück zu meinem wöchentlichen Spiel Nacht Yoga-Klasse akzeptiert lädt zum Singen hatte Angst, für einen Abend Spaziergang gehen und obwohl ich nie genossen Menschenmengen i ve sogar extra bewusst der Menschen in der Turnhalle für Schreien laut",0,1,positive,0.8548936247825623,logit_class_1,bert_finetune
1687819,als ich die Prüfung der 7. Klasse scheiterte,0,2,neutral,0.6065526008605957,logit_class_2,bert_finetune
1689209,"Espero que no sea nada serio, pero entre mi ataque corporal y la clase de bomba corporal esta noche me torcí mientras iba a ponerme de pie y moverme cuando mi rodilla derecha comenzó a sentirse divertida.",2,1,positive,0.6268448233604431,logit_class_1,bert_finetune
1690032,Tú también. ¿De dónde sacaste tu nuevo sombrero?,1,2,neutral,0.9284619092941284,logit_class_2,bert_finetune
1691014,"Bonjour, Mlle Cai. Félicitations! Vous avez passé l'interview.",2,1,positive,0.6774448156356812,logit_class_1,bert_finetune
1691041,Este es mi juego favorito de todos los tiempos y lo extraño mucho. Hice la mayoría de mis mejores amigos jugando este juego.,0,1,positive,0.7112588286399841,logit_class_1,bert_finetune
1691407,"Oye, acabo de volver a publicar esto sin leerlo. No me culpes por haberlo puesto como amigo.",0,2,neutral,0.6519561409950256,logit_class_2,bert_finetune
1691485,"Daría este comentario un oro si pudiera!! Sí, como esposo aquí, ¡no hay mejor recompensa!",1,2,neutral,0.9688912630081177,logit_class_2,bert_finetune
1691491,Me siento como si estuviera escribiendo un monólogo de mierda para Blake animado en chismes chica o un poema que una chica sólo compartiría con su terapeuta,0,1,positive,0.9158886671066284,logit_class_1,bert_finetune
1691573,Am I too abrupt ? Did I scare you ? Or you don't want ...,1,2,neutral,0.9661765098571777,logit_class_2,bert_finetune
1691811,"Ich weiß, es dauert eine Menge, um es zu versuchen oder ein Gespräch zu beginnen oder was nicht, aber seine schmerzhaft offensichtlich, wenn jemand versucht, Ihr Auge zu fangen, um zu versuchen und schlagen Sie ein Gespräch und das beginnt mich Panik darüber, wie im gehen zu zeigen, im nicht interessiert, ohne jemanden zu verletzen Gefühle oder unhöflich",0,1,positive,0.9409940242767334,logit_class_1,bert_finetune
1691909,Me siento aturdido últimamente.,0,2,neutral,0.6439061760902405,logit_class_2,bert_finetune
1692321,Me encontré con quienes se dirigen al Pacífico Sur cada vez que los oigo hablar entre ellos sobre su destino siento un pequeño dolor de ganas de unirme a ellos.,1,0,negative,0.9927284717559814,logit_class_0,bert_finetune
1692698,"Gern geschehen. Und, bitte nennen Sie mich Betty.",2,1,positive,0.8401113748550415,logit_class_1,bert_finetune
1692785,"Ja, das tut sie! Sie ist schön, aber hat es viel zu weit mit den Lippenfüllern und gefälschte Bräune genommen",2,1,positive,0.6068422794342041,logit_class_1,bert_finetune
1693224,"un paio di settimane fa ho ricevuto un biglietto di Natale da un amico in Inghilterra che non mi aveva scritto in un tempo molto lungo, ma ha dimostrato che si ricorda ancora di me",1,0,negative,0.9137047529220581,logit_class_0,bert_finetune
1693610,You get her off 3 times and she doesn't finish you? That seems very selfish.,0,2,neutral,0.9609273076057434,logit_class_2,bert_finetune
1693918,"Das ist genau das, wovon ich geträumt habe.",1,2,neutral,0.7045838832855225,logit_class_2,bert_finetune
1696123,Ottengo felice e sento freddo,1,0,negative,0.9648732542991638,logit_class_0,bert_finetune
1696473,Mi mancherai davvero. Abbi cura di te.,2,1,positive,0.7979831695556641,logit_class_1,bert_finetune
1696774,Speriamo che questo colpo di fortuna duri. Mi auguro che le nostre difficoltà finanziarie siano superate per sempre.,1,2,neutral,0.5714327692985535,logit_class_2,bert_finetune
1697251,i too feel as if i am a stranger in a strange land and i am raising my son in a place that is not his father s ancestral home,2,0,negative,0.6418577432632446,logit_class_0,bert_finetune
1698280,Ich würde ihn mich mit Fakten und Wissen zerstören lassen.,2,0,negative,0.5538273453712463,logit_class_0,bert_finetune
1698296,"Sicher, kein Problem, Sir.",1,2,neutral,0.6679834127426147,logit_class_2,bert_finetune
1699164,vertigo standing on a ladder and painting the house,0,2,neutral,0.5962520241737366,logit_class_2,bert_finetune
1699249,"Oh, hallo, Herr. Campbell. - Nein, nein, nein, nein, nein, nein, nein, nein, nein, nein, nein, nein, nein, nein, nein, nein, nein, nein, nein, nein, nein, nein, nein, nein, nein, nein, nein, nein, nein, nein, nein, nein, nein, nein, nein, nein, nein, nein, nein, nein, nein, nein, nein, nein, nein, nein, nein, nein, nein, nein, nein, nein, nein, nein, nein. Mir geht's gut und Jack geht's gut. Wie geht's dir?",1,2,neutral,0.9687522649765015,logit_class_2,bert_finetune
1700034,De nada. Nos vemos la próxima vez.,2,1,positive,0.7180425524711609,logit_class_1,bert_finetune
1700282,"Ich werde ein paar Bissen essen, weil ich immer sehr seltsam Gefühl von Apfelkuchen",0,2,neutral,0.5163121223449707,logit_class_2,bert_finetune
1700452,Allumez la radio? Pourquoi?,0,2,neutral,0.9733917117118835,logit_class_2,bert_finetune
1701327,Das Gebäude mit einer Burg darüber wäre meine Kindheitsdarstellung des Renaissanceturms.,2,1,positive,0.5702337026596069,logit_class_1,bert_finetune
1701966,"Ich fürchte, einige Leute sehen diese und fühlen sich damit verbunden",1,0,negative,0.7835552096366882,logit_class_0,bert_finetune
1702336,Ho detto che mi piace molto la musica pop. E' così bella.,2,1,positive,0.7547802925109863,logit_class_1,bert_finetune
1703885,Sin mencionar que hubo una ENORME EXPLOSIÓN hace sólo unos momentos. Toda la zona podría haber sido amañada con bombas por todo lo que sabían.,2,1,positive,0.5893566012382507,logit_class_1,bert_finetune
1704081,gerade in der Universität angekommen,0,1,positive,0.934485912322998,logit_class_1,bert_finetune
1704121,"Bueno, estaría encantado de ayudarte a elegir el regalo perfecto para ella. ¿Hay algo en particular que tengas en mente?",1,2,neutral,0.9160614013671875,logit_class_2,bert_finetune
1704683,"Bien sûr. C'est sur toi, n'est-ce pas?",1,2,neutral,0.8497259616851807,logit_class_2,bert_finetune
1705546,J'ai une forte fièvre et je me sens terriblement mal.,2,0,negative,0.7437869906425476,logit_class_0,bert_finetune
1705712,Deberías haberle aplastado la cabeza.,0,2,neutral,0.9460119009017944,logit_class_2,bert_finetune
1706115,Je joue au tennis chaque semaine. On aura un match un jour?,1,2,neutral,0.8231331706047058,logit_class_2,bert_finetune
1706448,"Me too . I want to know more about you , eg , what's your real name and what do you look like ...",1,2,neutral,0.9754748940467834,logit_class_2,bert_finetune
1707169,"The climate change committee is pretty toothless and would rather see it have more power, happy it exists at least.",2,1,positive,0.512073814868927,logit_class_1,bert_finetune
1707644,"holy shit that person is a fucking asshole, talk about a huge red flag for your stepbrother.",0,2,neutral,0.8862413167953491,logit_class_2,bert_finetune
1707795,What if [NAME] just tricked everyone to make us appreciate the coach we had all along...,1,2,neutral,0.9624735713005066,logit_class_2,bert_finetune
1708025,La tercera foto es espeluznante.,0,2,neutral,0.721673309803009,logit_class_2,bert_finetune
1708551,Das spielt keine Rolle. Ich werde es dir beibringen.,1,2,neutral,0.7839999198913574,logit_class_2,bert_finetune
1708615,I think I'm making good progress .,2,1,positive,0.5298301577568054,logit_class_1,bert_finetune
1708851,C'est ce que j'ai dit. C'est ce que j'ai dit. .k mais c'est peu probable car à moins d'être une libérale et une femme qui pense émotionnellement ne devrait pas être une chose.,0,2,neutral,0.8131675720214844,logit_class_2,bert_finetune
1710473,Je dois dire que je me sens terrible d'avoir manqué sur mes meilleurs amis dinde cette année bien que j'ai été ravi d'avoir obtenu un échantillon le jour après l'action de grâces quand nous avons mangé des sandwichs à la dinde pour le dîner,1,0,negative,0.9891015887260437,logit_class_0,bert_finetune
1710650,Avez-vous commencé à planifier vos vacances de noël?,1,2,neutral,0.9880164861679077,logit_class_2,bert_finetune
1710914,J'ai hâte de voir ce badboy dans la saison 8 quand [NAME] l'a listé parmi les personnages Dragonpit j'étais si heureux.,2,1,positive,0.9132818579673767,logit_class_1,bert_finetune
1711132,J'y vais tout ce que j'ai fait trois soins respiratoires hier deux aujourd'hui une il ya seulement une heure en fait et je me sens terriblement im espoir d'obtenir des stéroïdes qu'elle hoche et dit de la façon dont il semble que vous avez besoin,0,1,positive,0.5142854452133179,logit_class_1,bert_finetune
1711313,Estás pasando mucho tiempo en mi cabello.,0,1,positive,0.753455400466919,logit_class_1,bert_finetune
1711995,Beau travail. Je m'en vais pour le week-end! A lundi.,2,1,positive,0.8878025412559509,logit_class_1,bert_finetune
1712426,*Hey just noted.* it's your **2nd Cakeday** slumbishop! ^(abbraccio),2,1,positive,0.5159565806388855,logit_class_1,bert_finetune
1713229,Non sono sicuro che cosa sensazione scioccata come potrebbe questo posto un parco tranquillo e popolare della foresta preferito essere soggetto a caduta dell'albero,2,1,positive,0.6121760606765747,logit_class_1,bert_finetune
1713278,I guess we have covered all the stuff that we need to discuss and it's time to say goodbye .,1,2,neutral,0.96684330701828,logit_class_2,bert_finetune
1713846,"Aber in meinem Fall, die Tatsache entspricht der Theorie. Mike ist humorvoll, energisch, immer so frisch wie ein Gänseblümchen, aber wahrscheinlich zu ehrgeizig. Das macht mir Angst!",0,2,neutral,0.8941577672958374,logit_class_2,bert_finetune
1713852,"Penso che si può scoprire se c'è una possibilità di romanticismo entro il primo secondo di incontrare qualcuno, il cosiddetto amore a prima vista.",2,1,positive,0.5785254240036011,logit_class_1,bert_finetune
1714039,quando ho visto un buon amico maschio inaspettatamente dopo un anno,0,1,positive,0.988319993019104,logit_class_1,bert_finetune
1714297,"manchmal ziehe ich ihr Haar hart, wenn ich mich außergewöhnlich überwältigt fühle",0,2,neutral,0.5077158808708191,logit_class_2,bert_finetune
1714971,"No, sto dicendo che sono ugualmente critici.",0,2,neutral,0.9958778619766235,logit_class_2,bert_finetune
1715129,Hab keine Angst. Es ist nur eine Fähigkeit.,1,2,neutral,0.9624825119972229,logit_class_2,bert_finetune
1715927,Vous êtes une personne merveilleuse. J'aimerais pouvoir me permettre de faire la même chose.,2,1,positive,0.5482006072998047,logit_class_1,bert_finetune
1716054,"Ich fühle dieses seltsame Gefühl der Bedeutung des Lebens und der Welt, wenn ich die ganze Nacht auf die Sterne starre",0,2,neutral,0.5186826586723328,logit_class_2,bert_finetune
1716328,i find the activity distracts me from how im feeling and i can kill some time when im feeling overwhelmed with the kids,0,2,neutral,0.5054243803024292,logit_class_2,bert_finetune
1716614,April podría ser agradable. Está lo suficientemente lejos para hacer los arreglos necesarios.,1,2,neutral,0.682736337184906,logit_class_2,bert_finetune
1716688,"Oh , then it's my honor to be here with you . I can see now why you've been so curious about the bar . You like this place ?",1,2,neutral,0.7381201386451721,logit_class_2,bert_finetune
1716883,suralimentation d'un type traditionnel de pudding de sang alimentaire,0,2,neutral,0.5064010620117188,logit_class_2,bert_finetune
1717175,"Certo, a quale spiaggia andiamo?",1,2,neutral,0.6867388486862183,logit_class_2,bert_finetune
1717849,"Dovresti. Molti Guiliner, soprattutto i vecchi e i giovani, si arrampicheranno sulle montagne qui al mattino.",1,2,neutral,0.5846254825592041,logit_class_2,bert_finetune
1718024,No he estado teniendo exactamente sofocos no creo pero generalmente me siento un poco tostada en todo momento lo que es extraño ya que el clima se ha estado poniendo mucho más fresco por aquí,0,2,neutral,0.5270024538040161,logit_class_2,bert_finetune
1718735,Je vous remercie. S'il vous plaît assurez-vous que vous payez avec de l'argent ou un chèque de caisse.,1,2,neutral,0.5891039371490479,logit_class_2,bert_finetune
1719181,aufsteigen kein offensichtlicher Grund,0,2,neutral,0.8890460133552551,logit_class_2,bert_finetune
1719438,"Nicht von dieser Marke, fürchte ich.",0,2,neutral,0.5656118988990784,logit_class_2,bert_finetune
1720747,Tengo tantos amigos que siento que se aprovechan de mí me utilizan y dh o simplemente nos ignoran cuando no somos útiles,1,0,negative,0.9331851005554199,logit_class_0,bert_finetune
1720918,"Häkeln, mein guter Freund",2,1,positive,0.5479958057403564,logit_class_1,bert_finetune
1721020,"Nein, das wäre verrückt. Aber wer wird es dann sein? Oh, meine Liebe, ich muss es sein. Ich hätte es wissen sollen! Warum sonst hätte er mit mir allein über die Verkleinerung gesprochen. Was soll ich tun? Ich muss eine Familie unterstützen.",0,2,neutral,0.7045384049415588,logit_class_2,bert_finetune
1722105,"Ich kann die Ausgießung der Liebe spüren, wenn Hasser-Kommentare schnell Daumen unten von meinen treuen Lesern gegeben werden und ich bin wirklich dankbar für Sie, die ich meine Freunde für die Unterstützung mich betrachte, auch wenn ich nicht dort neben Ihnen bin",1,0,negative,0.9043169617652893,logit_class_0,bert_finetune
1722674,Vielen Dank. Ich kann jetzt fernsehen.,1,2,neutral,0.599289059638977,logit_class_2,bert_finetune
1722800,Va bene. Ora sono sveglio.,1,2,neutral,0.9001214504241943,logit_class_2,bert_finetune
1722837,Eso es lo que he oído.,1,2,neutral,0.8818755149841309,logit_class_2,bert_finetune
1723491,"Es ist meine Freundin. Ich schätze, sie spielt das Army-Spiel.",0,2,neutral,0.9467064738273621,logit_class_2,bert_finetune
1723796,"I would give r/momforaminute a visit, the people over there are fantastic and I think they can give you some comfort",1,2,neutral,0.9318798184394836,logit_class_2,bert_finetune
1724486,Abbastanza bene se non pensando a te così tanto.,1,2,neutral,0.7850378155708313,logit_class_2,bert_finetune
1724960,"Ich hoffe, ich nie dieses Gefühl zu verlieren oder zu sehen, jemand Freude am Lesen etwas, das ich geschrieben",0,1,positive,0.9995902180671692,logit_class_1,bert_finetune
1725311,Of course ! I bought two copies .,2,1,positive,0.8305212259292603,logit_class_1,bert_finetune
1726059,Estaba sintiendo respirar lentamente mientras contaba para contener la respiración mientras contaba para respirar lentamente mientras contaba para cada vez que me siento particularmente ansioso por una reunión uso este truco y funciona bastante bien,0,1,positive,0.8690803647041321,logit_class_1,bert_finetune
1726929,"Well , I came to know a girl three weeks ago . We have so much in common .",1,2,neutral,0.9683419466018677,logit_class_2,bert_finetune
1727209,"No, per niente. Lieto di averti.",1,2,neutral,0.6562515497207642,logit_class_2,bert_finetune
1728593,Stavo testando i miei nuovi pattini a rotelle per strada.,0,2,neutral,0.9303644895553589,logit_class_2,bert_finetune
1728891,Penso che ci serva un sottomarino dedicato alle pessime recensioni.,2,1,positive,0.933399498462677,logit_class_1,bert_finetune
1729967,J'apprécierais que tu le fasses.,2,1,positive,0.609504759311676,logit_class_1,bert_finetune
1730022,im im im attesa di fare progressi e sentirsi incredibili,2,1,positive,0.5362878441810608,logit_class_1,bert_finetune
1730176,"Ja, und ich möchte es versuchen.",1,2,neutral,0.931313693523407,logit_class_2,bert_finetune
1730873,Ich will dieses Spiel so schlecht FJB gewinnen,2,0,negative,0.7867112755775452,logit_class_0,bert_finetune
1730962,Ich weiß nicht. Mein Leben ist ein großes Chaos. Alles ist so kompliziert.,0,2,neutral,0.8938047885894775,logit_class_2,bert_finetune
1731239,Escribí una carta para este médico en el trabajo que no le importaba mi estilo.,0,2,neutral,0.8717703223228455,logit_class_2,bert_finetune
1731714,Oh wow Thats definitely something,1,2,neutral,0.8300642967224121,logit_class_2,bert_finetune
1733910,Siento que estoy apoyando su trato vil hacia los demás cada vez que le digo hola a ella.,0,1,positive,0.9564529657363892,logit_class_1,bert_finetune
1734748,Me siento tolerada y no me gusta,1,0,negative,0.928343653678894,logit_class_0,bert_finetune
1734906,"Die Kontrolle invasiver Arten in diesem Land ist unglaublich schwierig, deshalb führen wir diese Diskussion überhaupt erst durch.",2,0,negative,0.610733687877655,logit_class_0,bert_finetune
1735793,"Well , thanks for asking for my permission ... Now hand it over and let me record !",2,1,positive,0.7683702707290649,logit_class_1,bert_finetune
1736723,Gracias. Puedo esperar aquí.,2,1,positive,0.7154025435447693,logit_class_1,bert_finetune
1737075,Me lo ricordo! Si e' schiantata e le hanno chiesto di lasciare Lol. E' stato uno dei miei momenti preferiti.,0,1,positive,0.9348165392875671,logit_class_1,bert_finetune
1737083,"J'ai l'impression de vouloir arrêter, je pense à mon muscle espiègle moins sœur qui a fait la boue dure",0,1,positive,0.9994670748710632,logit_class_1,bert_finetune
1737384,"En realidad, hay otra apertura. Si usted está interesado, usted ’ seguramente lo conseguirá.",1,2,neutral,0.9402641654014587,logit_class_2,bert_finetune
1737401,Wonderful . That's a place famous for its arts .,2,1,positive,0.7991948127746582,logit_class_1,bert_finetune
1738881,"Oh, che sollievo! Grazie mille per il suo aiuto, signorina.",2,1,positive,0.7672351002693176,logit_class_1,bert_finetune
1739824,"J'ai l'impression que tout ce que je fais ou que je veux faire, c'est regarder ces petites lèvres.",1,0,negative,0.9898741245269775,logit_class_0,bert_finetune
1739934,Mi sento strano a guardare in alto,0,2,neutral,0.5010718703269958,logit_class_2,bert_finetune
1740765,"¡Oh, vamos! No seas tan agria. Estas camisas son hermosas. Sé que si no compramos un poco hoy, nunca irás de compras solo.",0,1,positive,0.8136032223701477,logit_class_1,bert_finetune
1741123,"Richtig... so wahr. Tut mir leid, dass du das auch durchmachst.",0,2,neutral,0.6176463961601257,logit_class_2,bert_finetune
1741686,"Du lachst sie aus. Offen. Weil du kindisch und naiv bist. Wenn sie nicht auf Tatsachen reagieren, werden sie vielleicht auf verletzten Stolz reagieren.",1,2,neutral,0.9424566626548767,logit_class_2,bert_finetune
1741868,"Mi dispiace, ma e' tutta colpa tua. I tuoi genitori ti hanno preso in giro come un violino da 4000 dollari.",0,2,neutral,0.7373811602592468,logit_class_2,bert_finetune
1742186,¿Qué es más aterrador que un hombre amarillo? Un hombre amarillo con color amarillo,2,0,negative,0.696678876876831,logit_class_0,bert_finetune
1742712,Ich bin nur ein Idiot im Internet. Ich kenne kein Doggam-Ding.,0,2,neutral,0.728400707244873,logit_class_2,bert_finetune
1743315,Vielen Dank. Ich lasse es ihn wissen.,2,1,positive,0.5285599827766418,logit_class_1,bert_finetune
1743485,Me queda exactamente. ¿Cómo se ve?,1,2,neutral,0.9728884696960449,logit_class_2,bert_finetune
1743760,"N'en parle pas. Tu sais, on est de vieux amis.",1,2,neutral,0.8824750185012817,logit_class_2,bert_finetune
1744443,Queste statistiche non specificano se la polizia ha il diritto di uccidere qualcuno.,2,0,negative,0.7090144157409668,logit_class_0,bert_finetune
1744550,Ich kann sie nicht irgendwo hinbringen und taub auf die vertraute Antwort von Mutter doesnt gut fühlen,1,0,negative,0.5669257044792175,logit_class_0,bert_finetune
1745617,Pourquoi devrais-je m'en prendre à moi? C'est lui qui craint!,2,0,negative,0.5962758660316467,logit_class_0,bert_finetune
1745958,i do not know why in particular i am just feeling overwhelmed,0,2,neutral,0.5460683107376099,logit_class_2,bert_finetune
1745990,Riprendo che l'intera stagione è buona e soprattutto buona se si hanno sentimenti perché ci sono tonnellate di dolore al cuore e tradimento e che praticamente si riassume in due parole se si tratta di sentimenti,1,0,negative,0.6077099442481995,logit_class_0,bert_finetune
1746179,"Beh, se semplicemente voglio scrivere qualche parola, lo invierò via email o lo modificherò tutto dal browser del telefono cellulare.",1,2,neutral,0.9886830449104309,logit_class_2,bert_finetune
1746220,Did you have the watch before getting the ring ?,1,2,neutral,0.9987000226974487,logit_class_2,bert_finetune
1746248,"im nicht ganz so animiert, aber es ist nur ein Weg zu versuchen, das Gefühl heraus zu bekommen ich aufgeregt werde und es kommt alles durch meinen Körper",1,0,negative,0.5607801079750061,logit_class_0,bert_finetune
1746749,Ce l'ho fatta. Lol.,1,2,neutral,0.7346927523612976,logit_class_2,bert_finetune
1746856,"Ich fühle mich jetzt dumm, aber nicht so dumm wie die Idee, diese Subreddite zu wechseln.",2,0,negative,0.9621912240982056,logit_class_0,bert_finetune
1746927,i feel weird and then their parents put them together as one song sometimes i feel wrong,0,2,neutral,0.5474880337715149,logit_class_2,bert_finetune
1747738,"Hallo, meine Damen. Ich feuere den Grill auf. Wir können in einer Stunde oder so essen.",2,1,positive,0.6142510175704956,logit_class_1,bert_finetune
1747896,"Schatz, wie wäre es, sie dieses Wochenende zum Strand zu bringen?",1,2,neutral,0.8903878927230835,logit_class_2,bert_finetune
1748295,Me sentí seguro de que estaba haciendo todo lo posible para explicar mis síntomas a pesar de que mi instinto no está de acuerdo pero salí de allí un poco molesto ahora preguntándome si estoy técnicamente incapacitado,1,0,negative,0.8723110556602478,logit_class_0,bert_finetune
1748699,"I’m a fan of them in the wild, weasels are interesting. Not as pets, nope.",2,1,positive,0.9340592622756958,logit_class_1,bert_finetune
1749284,Ça a l'air bien. Je vais apporter les papiers sur lesquels je travaille.,2,1,positive,0.7193873524665833,logit_class_1,bert_finetune
1749371,"El coche es hermoso, ¿no? Vamos adentro y discutiremos el precio.",2,1,positive,0.6220889091491699,logit_class_1,bert_finetune
1749758,No way . I will be scared out of my wits .,0,2,neutral,0.9432917833328247,logit_class_2,bert_finetune
1752656,J'ai l'impression bizarre qu'aujourd'hui personne ne s'en souciera si je suis parti et ne suis jamais revenu je souris même si mon coeur est douloureux,0,1,positive,0.8435314893722534,logit_class_1,bert_finetune
1752717,rendersi conto che la scuola sarà presto finita,0,2,neutral,0.9423943161964417,logit_class_2,bert_finetune
1753021,"13924774026. In Ordnung. Danke für den Anruf. Oh, warte, jemand ist an der Tür, die er sein könnte, bitte warte.",1,2,neutral,0.5745751261711121,logit_class_2,bert_finetune
1753022,Hope so ! Good thing is that autumn is just around the corner .,2,1,positive,0.9383327960968018,logit_class_1,bert_finetune
1753166,Podía sentir que mis pies empezaban a congelarse con el agua helada.,0,1,positive,0.9928187727928162,logit_class_1,bert_finetune
1753475,Vous avez fait du bon travail pour l'entreprise. Tu le mérites.,2,1,positive,0.8529666662216187,logit_class_1,bert_finetune
1753662,Cercherò di presentare le mie idee in modo più chiaro e civilizzato al fine di ottenere i miei punti attraverso.,2,1,positive,0.5818466544151306,logit_class_1,bert_finetune
1754584,¡Y orgulloso!,2,1,positive,0.7357975840568542,logit_class_1,bert_finetune
1755654,"Bueno, me estás halagando. No diría que soy un profesional, pero sí recibí algún entrenamiento en la escuela. Mi profesor de música solía ser un cantante profesional.",1,2,neutral,0.7705831527709961,logit_class_2,bert_finetune
1755714,shes marié à la [NAME] la chanteuse de la chaise d'argent,2,1,positive,0.5219467878341675,logit_class_1,bert_finetune
1755751,"Ich habe einfach das Gefühl, ich muss es alles erzählen oder meine Situation beweisen und mich verteidigen und diese uneingeprägten Gesichter ansehen.",2,0,negative,0.9827601909637451,logit_class_0,bert_finetune
1755887,But it looks so fluffy,1,2,neutral,0.9924253225326538,logit_class_2,bert_finetune
1756669,"Ich nehme nur jeden Moment und Tag auf, wie ich mich eher versuchen, super Mutter mit einer großen Liste von Dingen zu tun und das Gefühl, überwältigt becaiuse ich bin rund den ganzen Tag laufen",1,0,negative,0.49383625388145447,logit_class_0,bert_finetune
1757518,"Du suchst mit dem Rest von uns auf,.....oder du kaufst ihre CDs und reißst sie auf den Computer <3",2,1,positive,0.6344186067581177,logit_class_1,bert_finetune
1757860,"Pero a menudo me salto sus clases, y no le gusto.",0,2,neutral,0.9862690567970276,logit_class_2,bert_finetune
1760320,when i talked with a teacher yesterday who,0,1,positive,0.5002838373184204,logit_class_1,bert_finetune
1760371,"De acuerdo, te veré en un rato.",1,2,neutral,0.8458185195922852,logit_class_2,bert_finetune
1760595,"Wir verließen die Kirche, aber es wird wahrscheinlich eine Weile dauern, bis er den ganzen Schwachsinn aufklärt.",0,2,neutral,0.9606083035469055,logit_class_2,bert_finetune
1760794,Voglio dire agli anticaxxers quanto sia meraviglioso affrontare gli shot di insulina e tutto il resto e dirgli di andare a fanculo. :3,2,0,negative,0.9762371778488159,logit_class_0,bert_finetune
1761513,"Bueno, es algo bueno para ti.",2,1,positive,0.5944845676422119,logit_class_1,bert_finetune
1763243,E' terrificante. Come possono le persone fare questo ai propri cittadini?,0,2,neutral,0.5195048451423645,logit_class_2,bert_finetune
1763298,Das ist so ärgerlich.,0,2,neutral,0.627634584903717,logit_class_2,bert_finetune
1763330,"Ich sage, ich fühle mich wie niemand kümmert es in der Regel Teil einer Anerkennung, dass ich weiß, dass Menschen kümmern i m nur das Gefühl, sehr allein",0,1,positive,0.6936262845993042,logit_class_1,bert_finetune
1764697,Je suis probablement moins sceptique sur l'avenir de l'église puisque je me sens comme en bonne compagnie et j'ai un sens renouvelé que l'imagination et la pensée créative peuvent nous obtenir un long chemin,0,1,positive,0.965731143951416,logit_class_1,bert_finetune
1764837,"Nun, Allen ist ein großartiger Schüler. Er ist ein harter Arbeiter und sehr gut benehmen, aber er kämpft ein wenig mit Mathematik.",1,2,neutral,0.9658595323562622,logit_class_2,bert_finetune
1765505,¡Increíble! Recuerdo que su marido es su ex compañero de clase. Se enamoraron el uno del otro en la universidad.,2,1,positive,0.8859050273895264,logit_class_1,bert_finetune
1765697,La quantità di odio che [RELIGIONE] la gente ottiene nel mondo è assolutamente sconcertante.,2,0,negative,0.8411682844161987,logit_class_0,bert_finetune
1765834,What's your favorite season ?,1,2,neutral,0.9836785197257996,logit_class_2,bert_finetune
1765857,Admito que me siento un poco abrumado y estresado,0,2,neutral,0.546381950378418,logit_class_2,bert_finetune
1766173,"In Ordnung. Ich bin kein [NAME], aber ich liebe Blockspiele? Idk",1,2,neutral,0.6208223700523376,logit_class_2,bert_finetune
1766768,J'ai passé tant d'années après le lycée à comprendre la douleur et la douleur que tu m'as causé parce que c'est ce que j'ai entendu jour après jour pendant un an que tu étais la même personne,0,1,positive,0.8393654227256775,logit_class_1,bert_finetune
1767453,Estoy ahora y todavía siento la dolorosa soledad de esa tranquila habitación de hospital.,0,1,positive,0.5154045224189758,logit_class_1,bert_finetune
1767491,L'anno scorso ho avuto una grande cotta per uno dei miei amici. E' ancora cosi'.,2,1,positive,0.5705192685127258,logit_class_1,bert_finetune
1767694,Je l'ai trouvé en tapant dans je me sens émoussé et sans émotion et très inquiet ive a écrit un poème sur le sentiment de cette façon aussi,2,0,negative,0.8509827852249146,logit_class_0,bert_finetune
1767920,Je n'ai même pas envie de basculer ou même de payer pour ça à la fin.,0,1,positive,0.630236804485321,logit_class_1,bert_finetune
1769073,"J'entends qu'il coûte cher de vivre là-bas, est-ce que ça vaut la peine de vivre là-bas en tant que serveur",2,1,positive,0.9669150710105896,logit_class_1,bert_finetune
1769344,Puedo decirle a Joe que me siento divertido hoy.,2,1,positive,0.759086549282074,logit_class_1,bert_finetune
1769943,Creo que no estoy de acuerdo.,1,2,neutral,0.9256479740142822,logit_class_2,bert_finetune
1771224,Non parlo mai nemmeno con mia madre e io ho 40 anni.,0,2,neutral,0.8862252831459045,logit_class_2,bert_finetune
1772195,"Capisco che probabilmente vuole uscire con me, ma non voglio uscire con chiunque che non mi sento importante per",1,0,negative,0.8580591082572937,logit_class_0,bert_finetune
1772428,"Ich glaube, es ist deine Entscheidung, die es bestimmt.",2,1,positive,0.6365050673484802,logit_class_1,bert_finetune
1772625,Sento che il mio corpo può muoversi senza dolore e la mia testa è così più chiara quando si pensa,0,1,positive,0.9567685723304749,logit_class_1,bert_finetune
1773182,I'm always at your service .,1,2,neutral,0.7681750059127808,logit_class_2,bert_finetune
1773636,Siento que dudó de mi preparación para la escuela de posgrado pero ahora creo que ve lo decidido que estoy a pesar de mi tímida personalidad.,1,0,negative,0.9840050935745239,logit_class_0,bert_finetune
1774197,Sarah und ich konnten einander ins Auge sehen.,1,2,neutral,0.6928383111953735,logit_class_2,bert_finetune
1774256,"Juega a la lotería, amigo, acabas de tener suerte.",1,2,neutral,0.7294766902923584,logit_class_2,bert_finetune
1775429,"Was ich weiß, ist, dass Sie sich vollkommen wohlfühlen, ein Heuchler zu sein, aber absolut empört über die Idee des Eingeständnisses.",0,1,positive,0.4677676260471344,logit_class_1,bert_finetune
1775544,"Gracias. Estarías bien por tu cuenta. Hay un montón de víctimas de la moda por ahí, y usted no es uno de ellos. ¿Ya te lo probaste?",1,2,neutral,0.5906888246536255,logit_class_2,bert_finetune
1775621,i feel i am living the dream because i have an amazing husband beautiful and healthy daughter awesome family and god continues to be always faithful,1,2,neutral,0.5363749861717224,logit_class_2,bert_finetune
1776038,ich fühlte keinen Hass oder Groll oder Liebe oder Sehnsucht ich fühlte absolut nichts,1,0,negative,0.7034305334091187,logit_class_0,bert_finetune
1777705,Je me sens mal ou quoi que ce soit,1,0,negative,0.9778034687042236,logit_class_0,bert_finetune
1780084,Très bien! Tu devrais essayer un de ces jours.,1,2,neutral,0.725092351436615,logit_class_2,bert_finetune
1780342,Ottengo la sensazione sarà un personaggio fortunato stupido il ragazzo principale solo sentire la mancanza del cavallo potrebbe essere più divertente da guardare che sembrano abbastanza bello,0,1,positive,0.9952217936515808,logit_class_1,bert_finetune
1780891,"J'ai l'impression que mes amis arrivent à moi qu'ils sont salopes sans s'en rendre compte alors à leur tour, ils sont super salopes",0,1,positive,0.7504859566688538,logit_class_1,bert_finetune
1781388,Va tutto bene? ! ? E' sexy!,1,2,neutral,0.927181601524353,logit_class_2,bert_finetune
1781665,"Ich habe die Arbeit auf jeden Fall ein sanftes Gefühl Schmerzen heute Morgen vor allem in meinen Beinen, die gut ist, denn das kann nur bedeuten, dass schließlich, dass die Arbeit wird in einer Verbesserung in ihnen für das Laufen führen",1,0,negative,0.9266180396080017,logit_class_0,bert_finetune
1781781,Détends-toi. C'est parce que tu es nouveau pour discuter. Laisse-moi jeter un coup d'oeil.,1,2,neutral,0.9065887928009033,logit_class_2,bert_finetune
1782321,Probably. Government contracts are already terrible as they rarely pay on time,0,2,neutral,0.9880998134613037,logit_class_2,bert_finetune
1783236,C'est très joli.,2,1,positive,0.7623152136802673,logit_class_1,bert_finetune
1783481,Oui. J'ai remporté le premier prix du concours de maths.,1,2,neutral,0.6133831143379211,logit_class_2,bert_finetune
1783844,"Tut mir leid, ich hab's vergessen. Ich mag Meeresfrüchte auch nicht.",0,2,neutral,0.8630011677742004,logit_class_2,bert_finetune
1783971,Yes . It's really snowing .,1,2,neutral,0.5097521543502808,logit_class_2,bert_finetune
1784310,Sorry you had to live there. Good news is they are demolishing it in 2020.,0,2,neutral,0.7198148369789124,logit_class_2,bert_finetune
1784389,La misère partagée *toujours* me fait me sentir mieux :D,1,2,neutral,0.5230202674865723,logit_class_2,bert_finetune
1785145,"Yeah . Love me , and love my dog .",2,1,positive,0.9251879453659058,logit_class_1,bert_finetune
1785385,Grazie. Senti l'odore delle patatine fritte? Danno alla carne un bel sapore affumicato.,2,1,positive,0.7601500153541565,logit_class_1,bert_finetune
1785997,J'ai apprécié quand ils ont appris ce que les milliardaires de New York pensent vraiment des armes.,1,2,neutral,0.6594736576080322,logit_class_2,bert_finetune
1787212,Hm... Allora non posso aiutarti. Divento sempre gelida per ogni dipendenza che decido di smettere. :/ Questo non funziona per tutti.,0,2,neutral,0.9898533225059509,logit_class_2,bert_finetune
1787431,Davvero? Piacere di conoscerti! Ed ecco la fattura e il vostro cambiamento.,1,2,neutral,0.5053988695144653,logit_class_2,bert_finetune
1788213,"Ich habe versucht, mit meinen Eltern über das Telefon zu sprechen",0,2,neutral,0.9016153216362,logit_class_2,bert_finetune
1788690,Mi sentivo sopraffatto dal bisogno di avere un'avventura ma allo stesso tempo non volevo farlo senza volontà al mio fianco,2,0,negative,0.5440077185630798,logit_class_0,bert_finetune
1789055,But I lost the chance .,0,2,neutral,0.8857941627502441,logit_class_2,bert_finetune
1789236,"E' un lavoro dannatamente duro, far sembrare una cosa cosi' carina un idiota!",0,2,neutral,0.665301501750946,logit_class_2,bert_finetune
1789253,"Steve, ¡nací listo! Hoy los voy a volar de la cinta de correr.",2,1,positive,0.8788005113601685,logit_class_1,bert_finetune
1789281,quando mi è stato chiesto di essere un bambino madrina,1,0,negative,0.9122406244277954,logit_class_0,bert_finetune
1789381,C'est pas vrai. Ça.,0,2,neutral,0.8064796924591064,logit_class_2,bert_finetune
1789702,I'm afraid ...,2,0,negative,0.8554139137268066,logit_class_0,bert_finetune
1792287,"Ich werde da sein! Sollte ein interessanter Ausflug in die STOs sein, und ist ein Zeichen für das, was kommen wird.",2,1,positive,0.6743349432945251,logit_class_1,bert_finetune
1792481,Puedo sentir que me rompes el corazón.,2,0,negative,0.9996694326400757,logit_class_0,bert_finetune
1793071,"Oh, non! Je pensais que ça semblait un peu étrange.",0,2,neutral,0.8866556286811829,logit_class_2,bert_finetune
1793642,après ma,0,1,positive,0.9571115374565125,logit_class_1,bert_finetune
1794578,"Ich habe das Gefühl, wenn wir Gott hungrig hören wollen, um ihn zu sehen und ihn in unserem Leben zu suchen, wird er sich durch viele und jede mögliche Art und Weise offenbaren.",1,0,negative,0.9609754085540771,logit_class_0,bert_finetune
1795635,Je sais que je suis obligé de me sentir tout sale et être cette vilaine femme que Mike aime tellement au lit je vais comme je me sens un peu friskey et Mike regarde comme s'il est aussi heheh,1,0,negative,0.9933233857154846,logit_class_0,bert_finetune
1796797,Try not to take on more than you can handle .,1,2,neutral,0.9993591904640198,logit_class_2,bert_finetune
1798563,ho avuto un po' di nostalgia negli ultimi giorni,0,1,positive,0.5493064522743225,logit_class_1,bert_finetune
1800113,Todavía está en el aire. Hay algo malo entre nosotros.,0,2,neutral,0.9884479641914368,logit_class_2,bert_finetune
1800471,Das Gebäude ist ganz neu und gut gebaut. Ich bin auch mit den Armaturen zufrieden.,1,2,neutral,0.9095418453216553,logit_class_2,bert_finetune
1801205,You're lucky .,1,2,neutral,0.7925785183906555,logit_class_2,bert_finetune
1801725,"I like the mountain idea , but I am not so sure about the month of January .",1,2,neutral,0.8325598835945129,logit_class_2,bert_finetune
1801989,Je me sens comme la plupart des designers à l'écart de l'utilisation de la couleur dans la cuisine donc j'aime juste comment julia incorporé des éclaboussures lumineuses de bleu orange et vert dans tout l'espace,0,1,positive,0.9986691474914551,logit_class_1,bert_finetune
1802006,Tengo parches de escopolamina conmigo pero odio usarlos ya que me hacen sentir tan raro pero creo que mi plan está fallando.,0,2,neutral,0.5753026604652405,logit_class_2,bert_finetune
1802498,Es terrible cómo las cosas han cambiado.Te acuerdas de que había árboles en todas estas colinas.,0,2,neutral,0.7913886904716492,logit_class_2,bert_finetune
1803008,"J'ai une machine à courir à la maison. Je l'utilisais, mais j'en ai déjà marre.",2,0,negative,0.5091699957847595,logit_class_0,bert_finetune
1803290,"Ich bin froh, das zu hören. Wir versuchen, Ihnen eine günstige zu geben.",2,1,positive,0.8447926044464111,logit_class_1,bert_finetune
1805212,No estoy seguro de que estoy realmente listo.,0,2,neutral,0.8962191939353943,logit_class_2,bert_finetune
1806181,John Oliver ist ein verdammtes liberales Schwein.,0,2,neutral,0.8681377172470093,logit_class_2,bert_finetune
1806441,"Ja, bitte. Und ich mag es, Videoanrufe auch machen zu können.",2,1,positive,0.7110730409622192,logit_class_1,bert_finetune
1806555,cuando mi solicitud para estudiar el máster fue aceptada,1,0,negative,0.8144993782043457,logit_class_0,bert_finetune
1807049,Je me sens assez à l'aise à l'air stupide,1,0,negative,0.5904827117919922,logit_class_0,bert_finetune
1807413,Che cosa è sbagliato con questo,0,2,neutral,0.8472577929496765,logit_class_2,bert_finetune
1807475,"Oh, schön. Transfer, bitte.",1,2,neutral,0.8404003977775574,logit_class_2,bert_finetune
1808005,Mi piace molto la mia lezione di dibattito.,2,1,positive,0.7187310457229614,logit_class_1,bert_finetune
1808008,Era el fin de semana de mi regreso a casa vi a mi hermana por primera vez en meses es mi mejor amiga y extremadamente cercana,1,0,negative,0.5297114253044128,logit_class_0,bert_finetune
1808301,Ho sentito che alcune persone diventano un po' omofobiche con gli allenamenti. Fa schifo quando la folla buo,1,2,neutral,0.48421934247016907,logit_class_2,bert_finetune
1808860,Das ist toll. Gehen wir morgen gemeinsam skaten.,1,2,neutral,0.7122012972831726,logit_class_2,bert_finetune
1809118,E' stato bello averti con noi.,2,1,positive,0.7595694661140442,logit_class_1,bert_finetune
1809839,"ive wurde gerade zusammen mit einem sehr schönen Glas Pinot Grigio ausgezeichnet und ich fühle mich mehr als ein wenig eingeschüchtert, dass ich ihren Test bestanden",1,0,negative,0.9747300744056702,logit_class_0,bert_finetune
1810366,That's a beautiful city . When do you want to go there ?,2,1,positive,0.5753536820411682,logit_class_1,bert_finetune
1810470,Davvero non voglio saperlo. La fisica mi fa venire il mal di testa.,0,2,neutral,0.9180291295051575,logit_class_2,bert_finetune
1810569,E ti fara' male se non li lasci cadere per primi.,0,2,neutral,0.88004070520401,logit_class_2,bert_finetune
1810833,Me siento como si no fuera importante para el mundo.,1,0,negative,0.9195346832275391,logit_class_0,bert_finetune
1811433,i feel sort of like im writing for the audience which is my friends list more than i am for myself,0,1,positive,0.9974835515022278,logit_class_1,bert_finetune
1813544,"Bueno, es un regalo de boda.",2,1,positive,0.7335094809532166,logit_class_1,bert_finetune
1813652,"Ich weiß, sie erzählt sich leicht Geld und ich weiß, sie ist Grinnin von Ohr zu Ohr Gefühl nur ein wenig aufgeregt, wie Sie es tun, wenn Sie von Ihrer Lieblings Achterbahn kommen",1,0,negative,0.6563809514045715,logit_class_0,bert_finetune
1813955,Definitely . I really like Italian food .,1,2,neutral,0.6907860040664673,logit_class_2,bert_finetune
1814597,"Vielen Dank. Riechst du die Hickory-Chips? Sie geben dem Fleisch einen schönen, rauchigen Geschmack.",2,1,positive,0.8164317607879639,logit_class_1,bert_finetune
1814735,Non riesco a immaginare di essere così fragile che riuscire a sorridere minaccia la tua identità e la tua visione del mondo.,2,0,negative,0.9446977376937866,logit_class_0,bert_finetune
1815204,"Ich fühle mich, wie Sie es bei einigen der Straßenwettbewerbe töten würde die Straßenwettbewerbe sehe ich online in letzter Zeit sehen erstaunlich",1,2,neutral,0.6438010334968567,logit_class_2,bert_finetune
1815560,"Eccoti finalmente qui! Sei in ritardo di mezz'ora, sai.",2,1,positive,0.6802480816841125,logit_class_1,bert_finetune
1816338,Gracias por eso. Y te duplicaré la paga.,2,1,positive,0.5861364603042603,logit_class_1,bert_finetune
1816912,Mi sento spaventato e drogato mentre sdraio qui con la testa sulla mia scrivania dentro e fuori coscienza,2,0,negative,0.782753050327301,logit_class_0,bert_finetune
1817282,Mi sento come se avessi qualche strana responsabilita' di continuare cosi'.,0,2,neutral,0.5246632695198059,logit_class_2,bert_finetune
1817744,Je me suis ébranlé la tête.,2,0,negative,0.9520835280418396,logit_class_0,bert_finetune
1817959,"Bonjour, Shirley! Veux-tu me rejoindre pour le déjeuner... mon régal!",2,1,positive,0.9816028475761414,logit_class_1,bert_finetune
1818151,Vi la televisión.,2,0,negative,0.9301945567131042,logit_class_0,bert_finetune
1818317,ich rundete die Ecke im Dezember ich begann das Gefühl erstaunlich,2,1,positive,0.5535650253295898,logit_class_1,bert_finetune
1818726,Je me sens un peu débordé ici.,0,2,neutral,0.5222834348678589,logit_class_2,bert_finetune
1819236,"Ich fühle seine lächerliche zu handeln, wie gibt es eine Person auf dieser Erde, die nie tut, dass ich eingeschlossen",0,2,neutral,0.6315217018127441,logit_class_2,bert_finetune
1820282,Entrambi sono sicuro che lei può condurre una classe da sola sarebbe poi dato la sua camera,1,2,neutral,0.9167557954788208,logit_class_2,bert_finetune
1820771,"Ich fühle mich wie ich über Masseneffekt bis zum Tod in diesen Pfosten sprach, aber ich werde wieder müssen ich Angst",1,0,negative,0.9994533658027649,logit_class_0,bert_finetune
1820798,"Anyhow , this dress is really elegant .",2,1,positive,0.5858361124992371,logit_class_1,bert_finetune
1821165,"Why would the landlord pay it if electric isnt included. Sorry to OP, need to cut the heat down",2,0,negative,0.9914871454238892,logit_class_0,bert_finetune
1822375,"Ich fühle auf diese Weise und so viele andere faule Dinge seine Zeit ich auf ein tapferes Gesicht und machen Josh in Ordnung sein, weil das ist alles, was für mich zählt",0,1,positive,0.7755171656608582,logit_class_1,bert_finetune
1823719,ne se sent pas toujours en sécurité et très déprimée,0,1,positive,0.7769907116889954,logit_class_1,bert_finetune
1824275,Créer de nouvelles vacances. Nous avons besoin d'une journée de Ralsei où nous fêtons le bonbon.,2,1,positive,0.5101365447044373,logit_class_1,bert_finetune
1824391,Io gli mostro sempre quanto sono eccitato con tutte le cose di viaggiare e come faccio a diventare un drogato di adrenalina che è sempre curioso di provare cose nuove che spesso è una cosa pericolosa,2,0,negative,0.9229952096939087,logit_class_0,bert_finetune
1824783,Creo que en general animaba a los hombres a convertirse en mejores betas.,2,1,positive,0.9296988844871521,logit_class_1,bert_finetune
1825283,"Eigentlich, Ich esse lieber zu Hause, und dann haben wir mehr Zeit, um ein Gespräch.",1,2,neutral,0.9612124562263489,logit_class_2,bert_finetune
1825365,Un ami avec [jamais] à l'extérieur. [NAME] C'est le meilleur ami.,2,1,positive,0.5697242021560669,logit_class_1,bert_finetune
1825633,Great . One last question . Where is your jazz section ?,1,2,neutral,0.8797155022621155,logit_class_2,bert_finetune
1826967,"Oh, Taylor! - Nein, nein, nein, nein, nein, nein, nein, nein, nein, nein, nein, nein, nein, nein, nein, nein, nein, nein, nein, nein, nein, nein, nein, nein, nein, nein, nein, nein, nein, nein, nein, nein, nein, nein, nein, nein, nein, nein, nein, nein, nein, nein, nein, nein, nein, nein, nein, nein, nein, nein, nein, nein, nein, nein, nein, nein, nein, nein, nein, nein, nein, nein, nein. Ich bin so... so glücklich. Aber wer ist das dann?",1,2,neutral,0.9958307147026062,logit_class_2,bert_finetune
1827420,"Je me suis couché au lit, je me rends compte que je ne veux pas aller à l'école aujourd'hui.",0,2,neutral,0.7607642412185669,logit_class_2,bert_finetune
1828606,Stavo lì vicino al bordo della piscina ed ho guardato nell'acqua profonda scura potrei ritenere che da qualche parte sotto la superficie chiara fredda il segreto ha lain per mille anni e ho ritenuto ragionevolmente sicuro che si sarebbe posato per mille più,1,0,negative,0.7862588763237,logit_class_0,bert_finetune
1830213,L'action de ce film est merveilleuse en dépit de l'intrigue mince.,2,1,positive,0.6301541328430176,logit_class_1,bert_finetune
1830510,"Tu as de la chance de l'avoir... seigneur sait que j'aimerais avoir un tel, mais c'est naturel de vouloir des amis aussi...",2,1,positive,0.7483534216880798,logit_class_1,bert_finetune
1830525,J'ai l'impression qu'ils ne sont pas assez sincères.,1,0,negative,0.5845658183097839,logit_class_0,bert_finetune
1830652,Mi piacerebbe vederlo.,2,1,positive,0.5711387991905212,logit_class_1,bert_finetune
1830705,"Yo también. Al principio, pensé que iba a ser aburrido, pero luego se convirtió en bueno.",1,2,neutral,0.7901474237442017,logit_class_2,bert_finetune
1831056,"I'm just browsing , thanks .",2,1,positive,0.7773571014404297,logit_class_1,bert_finetune
1831258,"Certo che no. Fammi controllare. Oh, sembri che Bo abbia ragione.",2,1,positive,0.550850510597229,logit_class_1,bert_finetune
1831601,"Un momento, per favore. Sì. Puoi sederti.",1,2,neutral,0.9795454740524292,logit_class_2,bert_finetune
1831992,"Bueno, eso tiene sentido.",1,2,neutral,0.9638804197311401,logit_class_2,bert_finetune
1832711,Je me sens vraiment débordé avec tous les dispositifs médicaux et l'équipement de Grayson en ce moment si moins est plus la façon dont je le regarde,2,0,negative,0.507768988609314,logit_class_0,bert_finetune
1832990,Will do. Have a good night man.,2,1,positive,0.8079265356063843,logit_class_1,bert_finetune
1834675,"Ich denke, all unser Vermögen wird in Indien zu einem toten Kerl enden!",0,2,neutral,0.729237973690033,logit_class_2,bert_finetune
1835385,"Ouais, je vais sûrement faire un peu de cuisson avec ça! Je pourrais aussi aimer mieux après un certain temps, j'ai juste été très surpris aujourd'hui.",2,1,positive,0.6685298085212708,logit_class_1,bert_finetune
1835579,Me estás haciendo sentir muy desanimada.,2,0,negative,0.9986936450004578,logit_class_0,bert_finetune
1835906,"im noch kein Fan, aber ich fühle mich dadurch weniger quält und die Lehrer kommentieren, nachdem die Tatsache den Kampf wirklich wert gemacht hat",0,1,positive,0.9923157691955566,logit_class_1,bert_finetune
1836378,"Ich habe zwei und nichts ist mir je passiert. Die Medien wollen nicht, dass du deine Unterstützung zeigst, weil sie wollen, dass sich Unterstützer isoliert fühlen.",2,0,negative,0.9893057942390442,logit_class_0,bert_finetune
1837318,"Aujourd'hui, le premier élève serait expulsé comme un délinquant sexuel et mis sur un registre de toute façon",2,0,negative,0.9961740374565125,logit_class_0,bert_finetune
1837845,Nous aimons une plus grande garde-robe.,2,1,positive,0.6386831402778625,logit_class_1,bert_finetune
1838124,"Ich habe das Gefühl, dass es eine lange Zeit her war, dass ich keine aufgeregte Hausmusik wie diese hörte.",0,1,positive,0.676190197467804,logit_class_1,bert_finetune
1838520,"Danke [NAME] für den Haftungsausschluss, den du mir fast reingelegt hast.",0,2,neutral,0.7937669157981873,logit_class_2,bert_finetune
1839112,"Ich fühle, dass dies mein Tag ist, weil ich die cmaq-Installation lösen kann, die lange Zeit einen meiner Laborfreund Hengki in den Serverraum gekommen ist, um den Server neu zu installieren",0,1,positive,0.9997105002403259,logit_class_1,bert_finetune
1839130,Un verre de vin rouge qui arrive!,2,1,positive,0.6751435995101929,logit_class_1,bert_finetune
1840630,Zwei Wochen,1,2,neutral,0.9867308139801025,logit_class_2,bert_finetune
1841987,whenever i put myself in others shoes and try to make the person happy,0,1,positive,0.9995651841163635,logit_class_1,bert_finetune
1842515,"Nein, ich mag keine kurzen Haare. Das gefällt mir. Die Welle sieht wunderschön aus, und sie passt auch in mein Alter.",1,2,neutral,0.5914478898048401,logit_class_2,bert_finetune
1842985,Happy Cake 🍰 Day! 🤩 ⭕⭕⭕,2,1,positive,0.5875650644302368,logit_class_1,bert_finetune
1843271,"Eso es bueno. Bueno, estos son para ti. Espero que te gusten.",2,1,positive,0.6996607780456543,logit_class_1,bert_finetune
1843408,"Quindi, possiamo non personalizzare piu' le armi? Queste sembrano tutte le orribili armi uniche in FC5 che non userei mai.",2,0,negative,0.6971965432167053,logit_class_0,bert_finetune
1843758,Ça ferait mieux d'être un putain de poteau.,0,2,neutral,0.563438355922699,logit_class_2,bert_finetune
1844049,"Mentre non ho alcuna esperienza in incontri/relazioni, sono stato attraverso l'amore non corrisposto. Così ho imparato che nel modo difficile",1,2,neutral,0.7873212099075317,logit_class_2,bert_finetune
1844097,Je me sentais très nerveux à propos de mes deux vols.,1,0,negative,0.9950537085533142,logit_class_0,bert_finetune
1844448,Mi sentivo benissimo al mattino ma ora mi sento schifoso,0,1,positive,0.9798822999000549,logit_class_1,bert_finetune
1844809,Ce titre m'a fait mal au cerveau.,2,0,negative,0.9392653703689575,logit_class_0,bert_finetune
1845193,"Ho solo un voto da dare, altrimenti ne avresti di piu'.",0,2,neutral,0.9472898840904236,logit_class_2,bert_finetune
1846763,Ho voglia di ridacchiare alla sua osservazione sarcastica.,0,1,positive,0.9208444952964783,logit_class_1,bert_finetune
1846769,Ho sentito che sei stato promosso a direttore generale del quartier generale cinese di IBM.,2,1,positive,0.8476263880729675,logit_class_1,bert_finetune
1846959,"Necesito hacer algo más, siento que quiero que sea más gracioso con sus habilidades, así que más por venir.",1,2,neutral,0.5354777574539185,logit_class_2,bert_finetune
1847150,"Es ist anders, weil ich es verdiene.Diese gleichen Arschlöcher in ländlichen Gebieten.",0,2,neutral,0.9910662770271301,logit_class_2,bert_finetune
1847295,"Déjame ver. Sí, Mary. Vamos a hacerlo el próximo miércoles.",1,2,neutral,0.7108719348907471,logit_class_2,bert_finetune
1848256,"Sí, en realidad. Realmente no conozco a nadie, pero es un buen lugar. ¿Te lo estás pasando bien?",1,2,neutral,0.7798618078231812,logit_class_2,bert_finetune
1848340,AMD questo è il motivo per cui ci rallegriamo del suo divieto.... :),1,2,neutral,0.919640064239502,logit_class_2,bert_finetune
1848478,Me siento sin amenazar por la presentación popup dominator s lightbox estaba ansioso por leer lo que decía y estaba más interesado en suscribirse que si fuera a glace en una imagen de barra lateral una táctica que la mayoría de los blogs emplean para la promoción de productos,1,0,negative,0.927156388759613,logit_class_0,bert_finetune
1848712,Je me sens bizarrement mal à l'aise à propos de toute cette situation.,1,0,negative,0.9027438163757324,logit_class_0,bert_finetune
1848792,Quelle est ta fleur préférée?,1,2,neutral,0.9281378984451294,logit_class_2,bert_finetune
1848848,"Ich bin froh, dass Sie mit unserer Arbeit zufrieden sind. Ich kann Ihnen versichern, dass wir keine Mühe gescheut haben und eine Menge Geld ausgegeben haben, um den Verkauf Ihrer Produkte voranzutreiben.",1,2,neutral,0.775877058506012,logit_class_2,bert_finetune
1849122,"im Gefühl ein wenig überwältigt und fragen, ob ich vielleicht halten sollte, bis nach dem Dezember Pause, um es zu bekommen und laufen",0,2,neutral,0.5044417381286621,logit_class_2,bert_finetune
1849562,No tengo tiempo suficiente para hacer una buena línea par pero de lo contrario mi mirada de maquillaje debe tener eyeliner alado porque me siento extraño sin ella,0,2,neutral,0.5466231107711792,logit_class_2,bert_finetune
1849637,100% scam,0,2,neutral,0.9701979756355286,logit_class_2,bert_finetune
1849928,Je me sens surtout contenté d'être terrifié à ce sujet.,0,1,positive,0.952150285243988,logit_class_1,bert_finetune
1849986,i feel so weird this morning,0,2,neutral,0.519044816493988,logit_class_2,bert_finetune
1850472,J'aime beaucoup la photographie. J'avais l'habitude de recevoir le deuxième prix dans un concours de photographie à notre université.,2,1,positive,0.6647127866744995,logit_class_1,bert_finetune
1850556,Dios te bendiga.,2,1,positive,0.7378618121147156,logit_class_1,bert_finetune
1851026,intestin parce qu'il fait l'hiver et qu'il fait trop froid? C'est la raison pour laquelle mon intestin se sent XD,0,2,neutral,0.8103237152099609,logit_class_2,bert_finetune
1851419,Ich sitze hier an meinem Schreibtisch neben der offenen Balkontür und spüre die Hitze des Tages endlich zu einer erträglichen Wärme,1,0,negative,0.9102144241333008,logit_class_0,bert_finetune
1853007,Siempre fui el primer presentador o dos. Me sentí mejor sólo para sacarlo del camino y relajarse en lugar de estresarse por unos días más.,2,1,positive,0.7894346714019775,logit_class_1,bert_finetune
1853444,Celebré el cumpleaños de mis hijos más pequeños y me sentí alegremente llorando.,0,1,positive,0.8631953001022339,logit_class_1,bert_finetune
1854835,Me hace pensar que todavía hay gente por ahí que piensa que la marihuana es más peligrosa que el alcohol.,2,0,negative,0.5779353976249695,logit_class_0,bert_finetune
1855922,Vi mi primer episodio del show de Cosby que incluso consideré la raza como una razón por la que alguien podría sentir prejuicio y estoy agradecido a los huxtables por enseñarme lo absurda que es esa idea.,1,0,negative,0.9874671101570129,logit_class_0,bert_finetune
1856677,Pesce gratis... carino,1,2,neutral,0.9908168315887451,logit_class_2,bert_finetune
1857000,This is my favourite comment of the day. So because I don't like to be ripped off I should not be able to have a family?,2,1,positive,0.8803153038024902,logit_class_1,bert_finetune
1857513,Sono sconcertato.,0,2,neutral,0.8678845763206482,logit_class_2,bert_finetune
1857898,"Non mi preoccupo molto per tonnellate di ghiaccio e neve, ma devo essere in grado di sentire fredde brezze e sentirmi libero di muoversi come un essere umano e non come una fusione gocciolante e sudorazione forma informe di un corpo umano",1,0,negative,0.6797279119491577,logit_class_0,bert_finetune
1857946,Every time. There’s a montage with this song in the movie Spring Breakers and it’s fantastic.,2,1,positive,0.7591025829315186,logit_class_1,bert_finetune
1858196,Credi che io creda a questa storia?,0,2,neutral,0.9604917168617249,logit_class_2,bert_finetune
1858222,Nearly everything .,1,2,neutral,0.9839322566986084,logit_class_2,bert_finetune
1859739,"Ich habe das Gefühl, dass innere Ruhe und Dankbarkeit, die Sie nicht fake oder trommeln",0,1,positive,0.9206887483596802,logit_class_1,bert_finetune
1860566,"Ich verstehe, Sir. Ich bringe morgen einen Doktorbrief mit. Es tut mir leid, Herr. Thomas",0,2,neutral,0.8483542799949646,logit_class_2,bert_finetune
1860960,Je suis heureux de ressentir cette folie d'avoir une attraction si forte pour une femme avec qui je ne peux parler que par des mots sur papier de substitution,0,1,positive,0.960314154624939,logit_class_1,bert_finetune
1860972,Il rapporto sul letto e' terribile.,0,2,neutral,0.6981989741325378,logit_class_2,bert_finetune
1862071,Realmente no creo que las personas sanas sin otros problemas emocionales se arrepientan de tener a sus hijos.,0,2,neutral,0.7565494179725647,logit_class_2,bert_finetune
1862615,Je me suis battue pour avoir l'espoir parce que j'avais peur d'être déçue ou dévastée à nouveau,1,0,negative,0.9940364360809326,logit_class_0,bert_finetune
1863229,Ha avuto un momento così difficile tagliare la bistecca,0,2,neutral,0.9254729151725769,logit_class_2,bert_finetune
1863256,No hay problema. Te hablaré más tarde.,1,2,neutral,0.7165606021881104,logit_class_2,bert_finetune
1863707,"Típico de Francisco, ya sea que esté en el trabajo, o dedicado a actividades de ocio, siempre muestra el mismo afán y curiosidad por aprender algo nuevo y mejorarse.",1,2,neutral,0.8137493133544922,logit_class_2,bert_finetune
1865487,I'm with the photo guy. It would be an awful feeling to watch your date flirt with some other dude ON YOUR DATE.,0,2,neutral,0.8814250826835632,logit_class_2,bert_finetune
1866041,Non ho dovuto fare nulla per il Ringraziamento mi sento sopraffatto dai preparativi di Natale,2,0,negative,0.5309392809867859,logit_class_0,bert_finetune
1866530,"We pitched a tent in the night , waiting for the sunrise . Wow ! It was too beautiful .",2,1,positive,0.968795120716095,logit_class_1,bert_finetune
1866752,"Ich war alle Arten von aufgeregten Denken oh meine Güte hes wird uns reinlassen und wollte ihn über das Evangelium lehren und er wird den Geist fühlen und er wird getauft werden und all diese erstaunlichen Segnungen und Hölle wissen, himmlischen Vater liebt ihn",1,2,neutral,0.605780839920044,logit_class_2,bert_finetune
1867154,Natürlich! Fühlen Sie sich wie zu Hause.,2,1,positive,0.6189162135124207,logit_class_1,bert_finetune
1867839,"Yo tenía un problema similar. Resultó ser tecnología, y sobreestimulación. Apagó las pantallas antes de la cena y tuvo mucho mejor sueño.",0,2,neutral,0.8845000267028809,logit_class_2,bert_finetune
1867892,"Omg, das hat mich verletzt! Du solltest danach besser einen verdammt guten Rücken reiben.",0,2,neutral,0.5949190258979797,logit_class_2,bert_finetune
1868700,"if it's ""unavailable"" it's deffo not from the cold lol :D",1,2,neutral,0.9490718841552734,logit_class_2,bert_finetune
1868780,"Non sono un brexiter. In effetti, questa è la mia preoccupazione per un secondo referendum. Temo che il resto perdera'.",0,2,neutral,0.5914952754974365,logit_class_2,bert_finetune
1868883,J'ai l'impression que mon article sur nos normes nord-américaines concernant les corps de bikini n'a probablement pas besoin d'exister aujourd'hui.,0,1,positive,0.9899240136146545,logit_class_1,bert_finetune
1869226,¿Por qué no vamos a un concierto en su lugar?,1,2,neutral,0.809059202671051,logit_class_2,bert_finetune
1869935,"Ich will mich nicht noch mehr überwältigt fühlen als in diesem Jahr, wenn ich ihm helfen kann",0,2,neutral,0.5264500379562378,logit_class_2,bert_finetune
1870170,*Hey acabo de notar..* es tu **3er Cakeday** somenbjorn! ^(hug),2,1,positive,0.9737032055854797,logit_class_1,bert_finetune
1870502,J'ai l'impression que je n'ai pas le cœur de les affronter dans facebook et d'avoir envie d'une vraie conversation et compagnie,0,1,positive,0.9704540967941284,logit_class_1,bert_finetune
1871257,"Danke, dass Sie das gesagt haben. Haben Sie die Ausstellungshallen gesehen? Auf dem Display sind die meisten unserer Produkte, wie Seide, Wolle Strickwaren, Baumwolle Stückware, und Kleidung.",1,2,neutral,0.8526371121406555,logit_class_2,bert_finetune
1871814,"Peter, wenn du es nicht bald machst, werde ich dein Spielzeug in den Mülleimer werfen.",0,2,neutral,0.9741880893707275,logit_class_2,bert_finetune
1872440,Je sais que les garçons se sentent très mal à l'aise et qu'on dit que les terroristes ne sont pas nés.,1,0,negative,0.8930338621139526,logit_class_0,bert_finetune
1872778,"Ich sollte auch dieses Wochenende in ihrer Heimatshow sein, aber ich hatte eine Melt-Down und fühle mich überwältigt",0,2,neutral,0.5036566257476807,logit_class_2,bert_finetune
1872920,"Joli, s'il vous plaît!C'est quoi, ça?",2,1,positive,0.7354195713996887,logit_class_1,bert_finetune
1873586,im freuen uns auf Fortschritte und Gefühl erstaunlich,2,1,positive,0.58082515001297,logit_class_1,bert_finetune
1873605,Je me sens vraiment dévoué avec elle d'une manière ou d'une autre je me sens surpris par la façon dont elle peut résister à mon urne constante pour l'excitation,2,1,positive,0.9976219534873962,logit_class_1,bert_finetune
1874239,"Oh, cavolo, stavo pensando che tipo di mostro sta facendo questo",0,2,neutral,0.8603378534317017,logit_class_2,bert_finetune
1874341,"Warum waren alle so glücklich, als er das Messer zog?",1,2,neutral,0.8317610621452332,logit_class_2,bert_finetune
1875231,Yo estaba preparado para la universidad y no me sentía demasiado abrumado por la transición de la escuela secundaria a la enseñanza superior,0,2,neutral,0.5020215511322021,logit_class_2,bert_finetune
1877051,"Ich hoffe es auch, sie verdient es.",2,1,positive,0.5222131013870239,logit_class_1,bert_finetune
1877386,"Oh, ho preso un nuovo hobby.",2,1,positive,0.792634129524231,logit_class_1,bert_finetune
1877761,Sento che la strana sensazione era scomparsa e non come l'ultima volta così si wen di fronte a u tutti,0,2,neutral,0.5295769572257996,logit_class_2,bert_finetune
1878163,"Merci beaucoup. Donne-moi un billet, s'il te plaît.",2,1,positive,0.6063287258148193,logit_class_1,bert_finetune
1878909,Mais les leçons de ce semestre sont un peu difficiles.,0,2,neutral,0.9675168395042419,logit_class_2,bert_finetune
1879318,"Yes , certainly.You have the receipt ?",1,2,neutral,0.9957279562950134,logit_class_2,bert_finetune
1879550,Creo que está en su habitación armando algo para que te lleves a la escuela contigo.,2,1,positive,0.5898266434669495,logit_class_1,bert_finetune
1879774,Wann können wir Sie zum Abendessen erwarten? Kannst du heute Abend kommen?,1,2,neutral,0.7960913777351379,logit_class_2,bert_finetune
1879830,"Je ne sais même pas ce qu'est cette émission, c'est essentiellement des choses de plus en plus étranges qui arrivent aux jeunes.",2,0,negative,0.503734290599823,logit_class_0,bert_finetune
1879941,"Ça a l'air bien, et alors, pourquoi tu veux travailler avec eux?",2,1,positive,0.5385969281196594,logit_class_1,bert_finetune
1880927,"Tout ce que vous avez besoin de savoir, c'est que l'appartement est superbe.",2,1,positive,0.7540464401245117,logit_class_1,bert_finetune
1881998,C'est pas vrai! Cette voiture m'a presque frappé.,2,0,negative,0.5058914422988892,logit_class_0,bert_finetune
1882856,Aprendí mucho y amo mi trabajo a pesar de que me siento completamente abrumado,0,2,neutral,0.5633545517921448,logit_class_2,bert_finetune
1883439,Me siento abrumado para ser honesto,0,2,neutral,0.5260613560676575,logit_class_2,bert_finetune
1883775,Mi piace il rumore che fa sembrare un segno sincero di apprezzamento e improvvisamente mi sento molto piagnucoloso e vulnerabile,1,0,negative,0.9869072437286377,logit_class_0,bert_finetune
1884789,"Por favor, explique porque no tiene sentido para mí. ¿ Cómo puede la rutina de una muchacha ser tan complicada? Te levantas, te duchas, te vistes, te cepillas los dientes, sales por la puerta. Media hora, máximo.",0,2,neutral,0.8052941560745239,logit_class_2,bert_finetune
1885690,"Sí, nos tomaremos nuestro tiempo. E iremos a Cinco lagos Estrictos y a Wall Street.",1,2,neutral,0.888069748878479,logit_class_2,bert_finetune
1886687,"Esatto, le costolette di montone hanno un sapore così buono, le mangiamo con la salsa, hai mai provato?",1,2,neutral,0.9944937825202942,logit_class_2,bert_finetune
1887593,"No, ascoltami. Ti considero sempre il mio migliore amico. Ti ammiro, e ovviamente mi hai aiutato tanto. Dovrei ringraziarti.",2,1,positive,0.9312559366226196,logit_class_1,bert_finetune
1888569,Spero davvero che [NAME] sia in mk11. E' un personaggio fantastico!,2,1,positive,0.8197449445724487,logit_class_1,bert_finetune
1888859,"Sì, lo vedo. Il caldo estivo è finito, e il freddo invernale è ancora lontano.",1,2,neutral,0.9845259189605713,logit_class_2,bert_finetune
1889293,Je suis impatient de savoir pourquoi nous n'avons pas trouvé la bonne église ou un groupe cohérent d'amis ou de groupes de jeu,0,1,positive,0.6610980033874512,logit_class_1,bert_finetune
1889490,"Oh damn, look at that areshole telling the truth. Get him.",0,2,neutral,0.9262615442276001,logit_class_2,bert_finetune
1890246,Je pense avec la tristesse que je ressens bien que j'avais envie de juste câliner avec lui ou lui faire me distraire de mes pensées,1,0,negative,0.7457019686698914,logit_class_0,bert_finetune
1891318,"It's not his fault, it's your wife's. Shes the one you need to be pissed at",0,2,neutral,0.7373025417327881,logit_class_2,bert_finetune
1891870,"Ich fühlte, dass es keine Möglichkeit gab, sie zu erreichen, ohne dass sie sich seltsam fühlen.",0,2,neutral,0.5026643872261047,logit_class_2,bert_finetune
1891944,"Ich bin in einer Softball-Liga. Es ist kein schneller Pitch, aber es macht immer noch Spaß. Willst du dich unserer Gruppe anschließen?",1,2,neutral,0.7711194753646851,logit_class_2,bert_finetune
1892940,Memorizzare va bene ma sta solo spamming il sottomarino,0,2,neutral,0.9870625138282776,logit_class_2,bert_finetune
1893458,Non mi sento ansioso quanto prima.,1,0,negative,0.9663241505622864,logit_class_0,bert_finetune
1893925,"am Ende schlief ich in seinen Armen ein und fragte mich, ob seine Gefühle für mich über mich hinausgingen.",1,0,negative,0.7719664573669434,logit_class_0,bert_finetune
1895687,Das ist viel bequemer. Wir müssen nicht mal die Aromen mitbringen.,1,2,neutral,0.8537132143974304,logit_class_2,bert_finetune
1896236,Realmente siento que no estoy seguro de qué hacer.,1,0,negative,0.6370980739593506,logit_class_0,bert_finetune
1896957,"Je me sens trop, mais je ne m'en fiche pas Je ne m'occupe pas de moi Je ne m'occupe pas du jardin sauvage Vos trois projets pour demain",0,1,positive,0.873341977596283,logit_class_1,bert_finetune
1897721,"Ich mache mir keine Sorgen um unser Land, jetzt, da es in seinen Händen ist.",1,2,neutral,0.95665442943573,logit_class_2,bert_finetune
1897922,Of course . I'm sorry for your daughter .,2,0,negative,0.8896892666816711,logit_class_0,bert_finetune
1898081,"Je n'ai pas voulu que ce soit ma mission dans la vie, mais c'est incroyable de penser que j'ai inspiré les autres.",2,1,positive,0.8190553188323975,logit_class_1,bert_finetune
1898746,Repaso las revistas brillantes y veo una piel radiante y perfecta con enormes ojos perfectamente alineados mirándome y me siento como si me engañaran como si la industria de la belleza estuviera guardando sus secretos guardados bajo llave.,1,0,negative,0.9977902173995972,logit_class_0,bert_finetune
1898913,"Tengo la película cuando salió en DVD, ¿quieres venir?",1,2,neutral,0.6026060581207275,logit_class_2,bert_finetune
1899279,"hay un montón de cosas, tales como postales, llaveros, carteles y diversas artes y artesanías.",2,1,positive,0.5386742353439331,logit_class_1,bert_finetune
1899784,Non sono costantemente sentire il mio polso come cerco di digitare una scena un po 'divertente tra Derek e Mark,1,2,neutral,0.9949925541877747,logit_class_2,bert_finetune
1899948,Damn don’t sell this,0,2,neutral,0.9499885439872742,logit_class_2,bert_finetune
1900000,I just had an overabundance of fudge. I took several pounds to my regular dispensary and they were thrilled.,1,2,neutral,0.963262140750885,logit_class_2,bert_finetune
1900256,J'ai l'impression que Jake aurait pu être déplacé dans une cellule plus sûre la nuit où il s'est pendu.,0,1,positive,0.9880887866020203,logit_class_1,bert_finetune
1900470,If your enjoying your time with the other person then you are always on fun dates.,1,2,neutral,0.844641923904419,logit_class_2,bert_finetune
1900491,El truco era realmente intolerable. Lo escondieron.,0,2,neutral,0.9012681245803833,logit_class_2,bert_finetune
1900495,"Il y a 24 ans, les amateurs de trolls étaient drôles.",1,2,neutral,0.9944998025894165,logit_class_2,bert_finetune
1900636,Malato ritorno. Non e' proprio una sporca combinazione se non l'imbloccabile.,0,2,neutral,0.9031946063041687,logit_class_2,bert_finetune
1901400,"Oh , yes , that is a beautiful color . It has been very popular blush this season . I have two left .",2,1,positive,0.7586545348167419,logit_class_1,bert_finetune
1901595,"Ich laufe nicht herum und rede davon, wie ich meine Kinderlehrer verprügeln werde. Ich weiß nicht, woher du den harten Kerl hast.",0,2,neutral,0.8968737125396729,logit_class_2,bert_finetune
1902026,Ton cul après que je t'ai battu si fort que tu t'es chié toi-même,0,2,neutral,0.8634495735168457,logit_class_2,bert_finetune
1902952,"En como 5 años, toda tu carrera en la secundaria será una locura. Felicitaciones.",0,1,positive,0.5736770033836365,logit_class_1,bert_finetune
1902953,N'en sois pas si sûr. Il adore le vase que j'ai acheté ici la semaine dernière.,2,1,positive,0.5621953010559082,logit_class_1,bert_finetune
1903420,"Ho controllato il profilo dei tizi prima di postare questo, non si tratta di essere serio",0,2,neutral,0.9700811505317688,logit_class_2,bert_finetune
1903561,Lo so! E' cosi' sollevata.,2,1,positive,0.873992383480072,logit_class_1,bert_finetune
1903569,"Haben Sie schon einen von denen, Kumpel :) nur auf der Suche nach einem guten Ersatz, so dass ich weiter mit meinem [NAME]",1,2,neutral,0.6186156868934631,logit_class_2,bert_finetune
1903686,Sicher. Es ist das Neueste.,2,1,positive,0.5470008850097656,logit_class_1,bert_finetune
1903876,"Ich würde gerne ein Update über das, was passiert ist zu bekommen! (Wenn du bereit bist)",2,1,positive,0.9407094120979309,logit_class_1,bert_finetune
1905240,"Siento una emoción, pero no sé por qué la siento.",0,1,positive,0.7745293974876404,logit_class_1,bert_finetune
1906108,cuando i,0,1,positive,0.9015856385231018,logit_class_1,bert_finetune
1906377,ive jamais écrit bien que je ne vais pas le reproduire ici parce qu'il est plein de références académiques ennuyeux et aussi il analyse spécifiquement plusieurs blogueurs éminents et leur traitement des relations romantiques et id se sentent bizarre de mettre cela sur Internet,0,2,neutral,0.513820469379425,logit_class_2,bert_finetune
1907353,Je veux vous dire que les synonymes frustrés ne le feront pas.,0,2,neutral,0.9064620137214661,logit_class_2,bert_finetune
1909386,"Oh, eso es sólo unos días a partir de ahora! ¿Cuántas semanas vas a tomar?",1,2,neutral,0.7847738862037659,logit_class_2,bert_finetune
1909682,Questo e' molestare Brotha. Do you double ose me,0,2,neutral,0.8472190499305725,logit_class_2,bert_finetune
1909857,"Ich fühle mich unter Druck, ihnen mehr Geld zu geben, als einige seiner Freunde, die aus reichen Familien kommen und mehr Geld haben als sie",1,0,negative,0.9767373204231262,logit_class_0,bert_finetune
1909997,If it was super easy to get citizenship. I would love to.,1,2,neutral,0.8409663438796997,logit_class_2,bert_finetune
1912223,I ’ m not looking for excuses here . I just want to get this finished on time !,0,2,neutral,0.6930153369903564,logit_class_2,bert_finetune
1912390,yes . He always get us special gift . We should repay his kindness .,1,2,neutral,0.5550369620323181,logit_class_2,bert_finetune
1912516,Sei sempre la più bella del mondo. Come si chiama la damigella?,2,1,positive,0.5051997303962708,logit_class_1,bert_finetune
1914080,"Ich fühle mich lustig spiffy außer für die Tatsache, dass ich eine Hintern Ladung von Hausaufgaben",1,2,neutral,0.9252674579620361,logit_class_2,bert_finetune
1914487,Check out your mom's closet . I'll bet she still has something .,1,2,neutral,0.9993752837181091,logit_class_2,bert_finetune
1914765,Kommen Sie diesen Sonntag zu mir nach Hause. Meine Mutter wird dann nicht zu Hause sein. Wir können etwas wunderbares frittiertes Essen selbst kochen!,1,2,neutral,0.619189441204071,logit_class_2,bert_finetune
1915322,"Sería terrible en esto, como tan despacio.",0,2,neutral,0.7808928489685059,logit_class_2,bert_finetune
1915599,Je désire vraiment savoir comment aimer les gens bien je me sens plus de fois que pas que je suis incrédule et pas authentique dans mon amour envers les autres,0,1,positive,0.561444103717804,logit_class_1,bert_finetune
1916124,What in the fuck was [NAME] doing there,0,2,neutral,0.6140552163124084,logit_class_2,bert_finetune
1916514,También usé onimonpia en uno de mis poemas para involucrar y emocionar a los lectores. Siento que esto hace que el poema también sea menos jabalí.,1,0,negative,0.8593023419380188,logit_class_0,bert_finetune
1917562,"Mi ricordo di aver giocato a street hockey alla brezza del deserto crescendo, bei tempi",1,2,neutral,0.523268461227417,logit_class_2,bert_finetune
1917983,Je n'arrive pas à croire que tu aies fait confiance à Napolean et Kip pour nourrir Tina.,2,1,positive,0.8733872771263123,logit_class_1,bert_finetune
1919208,"Por favor, siéntase libre de reírse de mí si estoy equivocado pero he visto esta película antes... este juego ha terminado.",2,1,positive,0.9573854804039001,logit_class_1,bert_finetune
1920312,no estoy seguro de cómo te sientes y no estoy seguro de si mis sentimientos serían correspondidos o no,0,1,positive,0.7808492183685303,logit_class_1,bert_finetune
1920320,Je me demandais pourquoi et je me sentais mal alors j'ai eu un moment de réalisation,1,0,negative,0.9855427742004395,logit_class_0,bert_finetune
1921335,Je pense personnellement qu'il faut accorder de l'importance à ces talents plutôt que de se concentrer sur les petites amphéries.,0,1,positive,0.6743409037590027,logit_class_1,bert_finetune
1921981,Why would you doubt it dumbass?,2,0,negative,0.7979934215545654,logit_class_0,bert_finetune
1922219,Mi sentivo zombie esque sulla medicina avendo prelievi cattivi e sentirsi sedato per la maggior parte del tempo,0,1,positive,0.9956791996955872,logit_class_1,bert_finetune
1922335,"Quelle ""même chose""? Vous n'abordez aucun de mes arguments et vous le faites à peine depuis un moment.",0,2,neutral,0.9334906935691833,logit_class_2,bert_finetune
1922698,¡Créelo!,1,2,neutral,0.9257068037986755,logit_class_2,bert_finetune
1923154,"ich hatte getanzt eine Tonne in den Klassen und wurde für es erkannt ich hatte wirklich produktiv über die Arbeit erreicht und ein paar Männer hatte auf mich durch Social-Networking-Apps getroffen ich kann vergeblich sein, aber dass Scheiße hilft",1,0,negative,0.9992235898971558,logit_class_0,bert_finetune
1923399,Je ne devrais plus avoir l'impression d'être une prostituée pour avoir pris une décision que des millions de personnes chaque jour,1,0,negative,0.9725449681282043,logit_class_0,bert_finetune
1924024,Posso credere che SB abbia trovato questo anche lontanamente divertente.,2,1,positive,0.5605695843696594,logit_class_1,bert_finetune
1924070,Ce bullshit n'a même pas d'importance. La signature est bonne. [NAME] Les petites filles aiment le shit et ne reconnaissent pas.,0,2,neutral,0.860675036907196,logit_class_2,bert_finetune
1924384,Questo è certamente un bel risultato.,2,1,positive,0.5648125410079956,logit_class_1,bert_finetune
1925338,"Je cuisine parfois des choses pour mes colocataires, dont deux souffrent encore de délais et d'examens pour les prochaines semaines.",1,0,negative,0.9644980430603027,logit_class_0,bert_finetune
1925410,Peccato che abbia ucciso [NAME] in video.,0,2,neutral,0.671931266784668,logit_class_2,bert_finetune
1925606,Puoi usare anche le cesoie assottiglianti sopra? I miei capelli sono davvero spessi.,1,2,neutral,0.8174826502799988,logit_class_2,bert_finetune
1925791,"Oye, Tom, quiero aprender a jugar al golf.",1,2,neutral,0.9306017756462097,logit_class_2,bert_finetune
1925956,"Cavolo, un'altra fermata.Sembra che le auto davanti a noi debbano fermarsi ogni due minuti, non è più veloce di un autobus.",0,2,neutral,0.9465384483337402,logit_class_2,bert_finetune
1926709,Sono sicuro che ci conoscesse.,1,2,neutral,0.5793958902359009,logit_class_2,bert_finetune
1926973,"Tu peux te faire tuer. Sans déconner. Souvenez-vous, ne remuez jamais une ruche.",2,0,negative,0.5766826868057251,logit_class_0,bert_finetune
1927301,i feel intrigued lied to confused and yet mesmerized by elad lassrys work,0,2,neutral,0.9984489679336548,logit_class_2,bert_finetune
1927492,You know a giant lady as a character would be very interesting in my opinion.,1,2,neutral,0.9803691506385803,logit_class_2,bert_finetune
1927623,scoprire i miei voti alla fine del mio primo anno,1,0,negative,0.9306738376617432,logit_class_0,bert_finetune
1928654,"I love the museums , too .",1,2,neutral,0.5275434851646423,logit_class_2,bert_finetune
1928658,Mi piace [NOME] ma non sono d'accordo con lui qui. Poi ancora una volta non è una grande sorpresa che un mega ricco globetrotter che vive accanto a [NAME] avrebbe tali viste.,1,2,neutral,0.7267653942108154,logit_class_2,bert_finetune
1929025,Ugh!,1,2,neutral,0.942321240901947,logit_class_2,bert_finetune
1929041,"Was bedeutet Ihre Aussage überhaupt? Es ist ein Spiel im 2. Weltkrieg, nicht der Krieg selbst.",0,2,neutral,0.9895139932632446,logit_class_2,bert_finetune
1929404,"I mean hes been coat tailing, might as well make it obvious",0,2,neutral,0.9991773962974548,logit_class_2,bert_finetune
1929734,No quiero llegar a un punto en la vida en el que me olvide de lo que se siente al sentirse castigado amado y libre,1,0,negative,0.9941449761390686,logit_class_0,bert_finetune
1930222,Das ist nicht einmal die Rechnung für die NDAs anderen Kunden haben zu unterzeichnen.,0,2,neutral,0.9953908920288086,logit_class_2,bert_finetune
1930304,"Das Auto ist wunderschön, nicht wahr? Kommen Sie rein und wir besprechen den Preis.",2,1,positive,0.5760534405708313,logit_class_1,bert_finetune
1931159,Je sens que j'ai décidé de ne pas voler le magazine de la salle d'attente pour toute ma douleur et souffrir de tout ce qui attend,0,1,positive,0.8712837100028992,logit_class_1,bert_finetune
1931235,"Sei stato due mesi senza mangiarlo, ti meritavi di mangiarlo finche' non ti sentivi pieno. Non preoccuparti, ti meritavi quel pasto.",2,1,positive,0.4684845805168152,logit_class_1,bert_finetune
1931341,"Oui, ce sera tout aussi bon.",2,1,positive,0.5206140875816345,logit_class_1,bert_finetune
1931461,J'ai aimé ces photos sans regard sur le visage que [NAME] s'est mis sur [NAME],2,1,positive,0.6939253807067871,logit_class_1,bert_finetune
1931493,Estamos en el camino alto. Encuentra la sombra de la libra..,1,2,neutral,0.8830614686012268,logit_class_2,bert_finetune
1931523,Toco madera. Pero tengo una cita muy importante.,0,2,neutral,0.961509644985199,logit_class_2,bert_finetune
1931618,Je le fais si je me sens débordé et anxieux c'est d'attraper mon doux chien,0,2,neutral,0.5197622179985046,logit_class_2,bert_finetune
1931709,Now i need an island visit and a nice beef dip from the Crown and Gate!,2,1,positive,0.8579086661338806,logit_class_1,bert_finetune
1932557,"Ich weiß, wenn ich im Gefühl, dass so im alles über Elend liebende Gesellschaft, die hoffentlich wissen, dass Gott wirklich versteht, die Einsamkeit erlebt haben, könnte es einfacher für uns zu ihm zu nähern und darüber zu beten",1,0,negative,0.998071014881134,logit_class_0,bert_finetune
1932840,"Eh bien, voilà. Servez-vous à des crevettes. C'est frais.",1,2,neutral,0.9161384701728821,logit_class_2,bert_finetune
1933255,"¡De ninguna manera! Me gusta mi apartamento, y me gusta ser independiente.",2,1,positive,0.5908578038215637,logit_class_1,bert_finetune
1933974,That sounds reasonable . I'll be down there immediately .,2,1,positive,0.5840880870819092,logit_class_1,bert_finetune
1935292,"Quand je peux les voir pendant un appel, c'est bon, c'est seulement quand ils se tiennent devant moi.",2,0,negative,0.4640275239944458,logit_class_0,bert_finetune
1936395,Je vois. Merci.,1,2,neutral,0.5131275653839111,logit_class_2,bert_finetune
1937180,That's forward heavy punch right? Sorry I'm pretty new to SF,0,2,neutral,0.8821194767951965,logit_class_2,bert_finetune
1939038,"Me preocupa más que el nombre del niño sea ""[NAME]"".",2,0,negative,0.8646726012229919,logit_class_0,bert_finetune
1939884,Je les ai trouvés rassurés que je n'étais pas seul à me débrouiller.,1,0,negative,0.8560335040092468,logit_class_0,bert_finetune
1940140,"Buongiorno, dottore. Ho sofferto molto per il mal di denti ultimamente.",0,2,neutral,0.99859219789505,logit_class_2,bert_finetune
1941310,Esta es la burla más estúpida que he visto este año.,2,0,negative,0.8621752858161926,logit_class_0,bert_finetune
1941632,También me cansé de ser tomado como un tonto y siempre recibiendo mis sentimientos heridos mientras vagaban sobre alegre y gay sobre lo que pasó,0,1,positive,0.9945177435874939,logit_class_1,bert_finetune
1941643,"Ich mache mir Sorgen, dass ich einen Test vermasselt habe.",2,0,negative,0.8705320358276367,logit_class_0,bert_finetune
1941785,Très bien. Je peux avoir votre numéro de téléphone?,1,2,neutral,0.9309548735618591,logit_class_2,bert_finetune
1941830,Great . Let's go . Where is it ?,1,2,neutral,0.663359522819519,logit_class_2,bert_finetune
1942023,¿Cómo se puede perder varios autobuses?,0,2,neutral,0.9916015267372131,logit_class_2,bert_finetune
1942492,J'ai peur de ne pas pouvoir. Le stationnement n'est pas autorisé ici.,0,2,neutral,0.9514067769050598,logit_class_2,bert_finetune
1942525,"Da hast du recht. Es ist ruhig und sehr bequem. Den Bus und die U-Bahn-Stationen erreichen Sie innerhalb von zehn Minuten zu Fuß. Es gibt ein Lebensmittelgeschäft, ein Buchladen, ein Fitnessstudio und viele Restaurants",2,1,positive,0.5015649199485779,logit_class_1,bert_finetune
1942841,Bien. Allons-y maintenant.,1,2,neutral,0.6413559913635254,logit_class_2,bert_finetune
1942930,No puedo creer que el aire en esta ciudad sea tan sucio.,2,0,negative,0.6416093707084656,logit_class_0,bert_finetune
1943046,"On en parlera la prochaine fois. Maintenant que tout est réglé, prenons une tasse de thé, et retirez nos esprits des affaires pour un changement.",1,2,neutral,0.9642844200134277,logit_class_2,bert_finetune
1943163,"It's a fine day today , isn't it ?",1,2,neutral,0.9679507613182068,logit_class_2,bert_finetune
1943770,Ich habe hier einen beängstigenden Moment.,2,0,negative,0.8711217641830444,logit_class_0,bert_finetune
1943954,Guten Tag! Sehr geehrte Damen und Herren! Ich warte auf dich.,2,1,positive,0.7525508999824524,logit_class_1,bert_finetune
1944241,"Ich habe heute Nachmittag mit Mom gesprochen, sie hat mich irgendwie verärgert und dann fühlte ich mich auch nicht toll.",1,0,negative,0.569085419178009,logit_class_0,bert_finetune
1944623,Inutile ma divertente,1,2,neutral,0.7833176255226135,logit_class_2,bert_finetune
1945039,"Hat dich warten lassen, was?",0,2,neutral,0.9645119309425354,logit_class_2,bert_finetune
1945601,Ich finde mich frustriert zu fühlen wie im Schreiben etwas lohnendes Hinzufügen zum Stress der selbst auferlegten persönlichen Herausforderung,1,0,negative,0.9714106321334839,logit_class_0,bert_finetune
1945634,Ich schaue in diese wunderschönen Augen oder spüre seine Umarmung oder halte seine Hand während eines anderen Kampfs tief oder tobend hoch,0,1,positive,0.9998539686203003,logit_class_1,bert_finetune
1946232,"Oui. Je suppose qu'il cause des écrevisses vivantes et au début de la saison? Imbécile. J'adore le café aux écrevisses, mais pas pour ce prix.",1,2,neutral,0.9296338558197021,logit_class_2,bert_finetune
1946318,J'ai des lentilles de contact l'autre jour et j'essaie de m'habituer à eux. J'ai l'impression que mon visage est vraiment bizarre sans lunettes et c'est si étrange quand je me vois de loin.,0,2,neutral,0.5301748514175415,logit_class_2,bert_finetune
1946776,"Thanks, I hate it. They're out now though.",0,2,neutral,0.7287283539772034,logit_class_2,bert_finetune
1947974,¡Loco! ¡Mantén tus ojos en mi heno!,2,0,negative,0.49683624505996704,logit_class_0,bert_finetune
1949559,"Oh, gegen 6 Uhr. Ist das in Ordnung?",1,2,neutral,0.925956130027771,logit_class_2,bert_finetune
1949924,im releasing my heart and its feeling amazing theres no one else that matters you love me and i wont let you fall girl let you fall girl oh ah ah ye yer i wont let you fall let you fall let you fall oh oh,2,1,positive,0.5244887471199036,logit_class_1,bert_finetune
1950120,Yea sounds like a great way to teach your children that stalking and harrassing = love. Husband only hits you bc he loves you!,2,1,positive,0.9071184992790222,logit_class_1,bert_finetune
1950152,Nous avons eu des amis à dîner et l'un d'eux a jeté une bouteille de bière dans l'air,0,1,positive,0.9439808130264282,logit_class_1,bert_finetune
1950210,Je me sens débordée par où commencer.,2,0,negative,0.5186669230461121,logit_class_0,bert_finetune
1950830,Mi piace come è anche una ragazza sottile,2,1,positive,0.988243579864502,logit_class_1,bert_finetune
1951710,Forte! Dimmi di piu' su di te... se ti senti piu' a tuo agio.,2,1,positive,0.8805814981460571,logit_class_1,bert_finetune
1952520,Estoy de compras allí me siento como si no soy bienvenido o no de un estado lo suficientemente alto para estar de compras allí,1,0,negative,0.9478352069854736,logit_class_0,bert_finetune
1953090,Me siento preocupado por esto cuando al principio entré con un corazón tan ligero,1,0,negative,0.9688509702682495,logit_class_0,bert_finetune
1953131,¿Y cómo está tu hermano?,1,2,neutral,0.9940401911735535,logit_class_2,bert_finetune
1953365,Confound your toll Troll!,2,0,negative,0.8621978163719177,logit_class_0,bert_finetune
1954436,Vous autres que le fait qu'on aime les petites filles et pisse / les garder comme esclaves où que [NAME] a payé toutes ses filles,2,1,positive,0.47333765029907227,logit_class_1,bert_finetune
1954670,"Mi piace guardarlo per la moda. Mi piace vedere cosa indossano le signore. Naturalmente, gli uomini quasi sempre solo indossare lo smoking tradizionale.",1,2,neutral,0.6152281761169434,logit_class_2,bert_finetune
1955566,"Siento que mis fiestas son una mierda, pero a los chicos les gustan y se divierten tan bien.",0,1,positive,0.508994996547699,logit_class_1,bert_finetune
1955580,Estoy sentado aquí solo un viernes por la noche y leo libros esta semana mientras estoy viajando y me siento jodidamente increíble,2,1,positive,0.5969560742378235,logit_class_1,bert_finetune
1956034,I've searched everywhere . Where on earth did I put it ?,0,2,neutral,0.8640925884246826,logit_class_2,bert_finetune
1957021,"> ""Tod durch Zoll"" Titel Ihres Sexbandes!",2,0,negative,0.7542036175727844,logit_class_0,bert_finetune
1957594,"Sono stato qui per più di un mese e che mi sembra semplicemente così pazzo perché mi sembra proprio ieri che stavo facendo domanda e di essere accettato nel programma, ma qui ora mi sento proprio a casa",1,0,negative,0.5277568101882935,logit_class_0,bert_finetune
1958108,"Tut mir leid, dass ich Sie belästigt habe.",0,2,neutral,0.705287754535675,logit_class_2,bert_finetune
1959391,Mi sento in colpa e disgusto perche' ho offeso l'innocente perche' le persone che volevo accettare e amarmi sembravano ancora tenermi fuori penzolando la speranza di ottenere la loro approvazione e il loro perdono,1,0,negative,0.9860833287239075,logit_class_0,bert_finetune
1959820,J'avais oublié que ça allait arriver jusqu'à ce que je voie ça. Que nous sommes mon niveau d'excitation et d'anticipation.,2,1,positive,0.6216854453086853,logit_class_1,bert_finetune
1960130,"Honestly, I respect [NAME] for doing what he felt was best for business. [NAME] can go fuck himself.",0,2,neutral,0.9421091675758362,logit_class_2,bert_finetune
1960738,"Omg, wenn WOW sie verklagt, dann wäre meine Depression geheilt und ich werde meinen Jush haben.",2,0,negative,0.8187294602394104,logit_class_0,bert_finetune
1961037,Mi recreación favorita es cocinar. Aprendí a cocinar platos chinos y platos de estilo occidental también. Me mantiene ocupada y me hace feliz.,2,1,positive,0.8164873123168945,logit_class_1,bert_finetune
1961250,Sono stato molte volte che ti senti spaventato come se non fossi davvero lì,2,0,negative,0.9911551475524902,logit_class_0,bert_finetune
1961415,"Et avec les lois fédérales sur le peu de temps qu'ils peuvent conduire avant les pauses forcées, ils travaillent moins que n'importe quel chef de merde salaried manager et grand salaire",2,0,negative,0.7315995693206787,logit_class_0,bert_finetune
1962491,¡Adelante! ¡Rápido!,0,2,neutral,0.934853732585907,logit_class_2,bert_finetune
1962535,Sento questo vuoto in me che ho iniziato a desiderare il desideroso di vedere la fuoriuscita di sangue,1,0,negative,0.9758161902427673,logit_class_0,bert_finetune
1962990,"Du bist nur eifersüchtig, weil du nicht so gut warst, wie du dachtest. Gib es zu.",0,2,neutral,0.9111994504928589,logit_class_2,bert_finetune
1963239,"Ich habe dazu neigt, meine Frustration und das Gefühl, durch Ablehnung der Menschen geliebt auszudrücken",0,1,positive,0.9124352931976318,logit_class_1,bert_finetune
1963649,"¡Ja, ja, tu loco!",2,0,negative,0.688114583492279,logit_class_0,bert_finetune
1964120,I'm Mary . I want to say I really admire the software you're designed .,1,2,neutral,0.9809201955795288,logit_class_2,bert_finetune
1964206,So much lost diversity...,0,2,neutral,0.9644771218299866,logit_class_2,bert_finetune
1964303,Je me sens un petit dîner au restaurant cette semaine.,0,1,positive,0.9851898550987244,logit_class_1,bert_finetune
1965198,"Ziemlich gut. Es gab ein bisschen Turbulenzen, während wir über dem Pazifischen Ozean waren, aber es war nicht so schlimm. Das Schlimmste war der Kerl hinter mir. Er schnarchte die ganze Nacht hindurch!",1,2,neutral,0.6320680975914001,logit_class_2,bert_finetune
1965548,i have lost lbs and we feel amazing both physically and emotionally,2,1,positive,0.5347619652748108,logit_class_1,bert_finetune
1966248,"Non quando sono scritti dai suoi avvocati, ma ha scritto totalmente 'costruire il muro del crimine cadrà' e ha pensato che fosse così intelligente",2,1,positive,0.8853572607040405,logit_class_1,bert_finetune
1966482,"No tan pronto. Hoy no es mi cumpleaños. Bueno, usted ’ vendrá, won ’ usted?",1,2,neutral,0.9504126310348511,logit_class_2,bert_finetune
1966487,i feel really weird these days,0,2,neutral,0.5036548376083374,logit_class_2,bert_finetune
1968182,J'ai l'impression d'être parti et d'avoir fait quelque chose avec qui elle n'était pas à bord.,0,1,positive,0.7708894610404968,logit_class_1,bert_finetune
1968835,Forse. Sono stanco morto.,0,2,neutral,0.9914489388465881,logit_class_2,bert_finetune
1968897,"No, è stato bello essere un pedone ai vecchi tempi, chiedere [NAME]",2,1,positive,0.6555489897727966,logit_class_1,bert_finetune
1969333,"Ho chiamato un'ambulanza per la mia amica senza sapere che era contro i suoi desideri. Non mi ha mai incolpato, ma mi sono sentito davvero in colpa.",0,2,neutral,0.7652894258499146,logit_class_2,bert_finetune
1969699,"Recuerdo en abril cuando tuve que rechazar mi primera entrevista cuando estaba en la coalición del evangelio y sentirme desanimado, pero todavía con la esperanza de que el plan de los dioses es mayor de lo que puedo imaginar",1,0,negative,0.999426007270813,logit_class_0,bert_finetune
1972236,Presumo che il vestito sia casual.,1,2,neutral,0.9013416171073914,logit_class_2,bert_finetune
1972853,Désolé si j'ai blessé quelqu'un mais oui shindong est plus beau que le vampire,1,2,neutral,0.4734593629837036,logit_class_2,bert_finetune
1973327,Je me sens comme un succès en tant que parent quand je regarde Mimi hardiment aller où n'importe quel autre enfant serait timide et puis je me souviens que Mimi est juste né comme ça,0,1,positive,0.939276397228241,logit_class_1,bert_finetune
1973367,"ich oft teilen, dass, wenn Sie nicht überwältigt fühlen, dann werden Sie es nicht richtig tun",0,2,neutral,0.5106492042541504,logit_class_2,bert_finetune
1973641,"Ahia. Quegli insulti geriatrici sono il punto più su, non lo sono? Quello e durante la rotazione in pediatria.",0,2,neutral,0.8637094497680664,logit_class_2,bert_finetune
1974182,They need all the help they can get. If they continue their bad form they can get relegated. They just fired [NAME],0,2,neutral,0.5780620574951172,logit_class_2,bert_finetune
1974382,Happy little lies.,1,2,neutral,0.8488572835922241,logit_class_2,bert_finetune
1974596,"Ich konnte nicht beides tun, ohne meine kostbare Zeit mit meinen beiden geliebten Menschen zu Hause zu opfern und am Ende im Unterricht ärgerlich zu sein, weil ich so müde war.",0,1,positive,0.9010446071624756,logit_class_1,bert_finetune
1974911,"Penso che non sarà l'ultimo a evitare di menzionare la sua influenza nel loro suono, ma una band come questa ha ancora qualche idea interessante di come questo suono potrebbe leggere da un gruppo o una prospettiva figureheads per quanto la scelta nel suono e la scelta nel fornire quel suono va",0,1,positive,0.9990018010139465,logit_class_1,bert_finetune
1975302,*lacht in Spartan*,1,2,neutral,0.6013712286949158,logit_class_2,bert_finetune
1976276,mi sento impaziente di iniziare a lavorare di nuovo nella mia scelta professione di design costume,1,0,negative,0.5255836248397827,logit_class_0,bert_finetune
1976295,im off per lavorare sui miei boxer e spero che youre occupato sui vostri progetti troppo che modo non mi sento come un così strano cucito su questo splendido sabato soleggiato,1,2,neutral,0.5521259307861328,logit_class_2,bert_finetune
1977257,"Sí. Puedo sentir la diferencia en el material. No hay mucha diferencia en el precio. Ok, Voy a tomar el más caro.",1,2,neutral,0.9669209718704224,logit_class_2,bert_finetune
1977552,"Sí, pero mi casa tiene grandes ventanas y así consigue mucho sol. Y tiene un pequeño balcón en la parte superior.",1,2,neutral,0.9564390182495117,logit_class_2,bert_finetune
1977770,It's shameful that he has to preface this post with his bias. Couldn't just leave well enough alone.,0,2,neutral,0.577118992805481,logit_class_2,bert_finetune
1977828,"Ich mag es, zu einem Date ins Kino zu gehen. Es ist laut dort.",2,1,positive,0.5016841888427734,logit_class_1,bert_finetune
1978283,Gracias. Ahora me gustaría ver este libro.,2,1,positive,0.6994900703430176,logit_class_1,bert_finetune
1978582,"No, estoy lleno. Mi estómago ya no me gruñe.",1,2,neutral,0.9753590822219849,logit_class_2,bert_finetune
1979413,Tom a grandi de six pouces en un an.,2,1,positive,0.735464870929718,logit_class_1,bert_finetune
1979458,Ich fühle mich soo seltsam,0,2,neutral,0.5412312150001526,logit_class_2,bert_finetune
1979512,"Vielen Dank. Können Sie mir sagen, wo ich meine Tasche einzahlen soll?",1,2,neutral,0.6704024076461792,logit_class_2,bert_finetune
1980014,Je me sens comme une jeune fille de troisième année qui a le béguin pour le garçon dans la quatrième rangée mais déteste les garçons parce qu'ils ont des cooties mais ne peuvent pas aider à penser que d'une manière ou d'une autre lui et son espèce pourrait ne pas être tout si mauvais,0,1,positive,0.5965631008148193,logit_class_1,bert_finetune
1980198,"Yeah , that is the holiday is hot , isn't it ?",1,2,neutral,0.9917334318161011,logit_class_2,bert_finetune
1980624,"I Meditation Pause während des Tages, wenn Sie vielleicht ein wenig überwältigt sein",2,0,negative,0.5035498142242432,logit_class_0,bert_finetune
1980720,"Ich kann mich nur manchmal besonders fühlen, wenn ich weiß, dass ich von einigen Dingen belästigt bin.",0,1,positive,0.8914057016372681,logit_class_1,bert_finetune
1980818,Mi sento come un serpente affascinato,1,2,neutral,0.5282611846923828,logit_class_2,bert_finetune
1980874,"the fucking buffet part killed me, i always considered myself good at roasting but damn bro lmaoo",0,2,neutral,0.7136271595954895,logit_class_2,bert_finetune
1981098,Posso anche scommettere che ti senti spaventato a causa di tutte le sensazioni che probabilmente ha causato in te,2,0,negative,0.9894592761993408,logit_class_0,bert_finetune
1981866,[NAME] è come [NAME]. Puo' essere nella spazzatura assoluta e va ancora bene perche' e'...,1,2,neutral,0.9535985589027405,logit_class_2,bert_finetune
1982413,Ich bin etwas nervös.,0,2,neutral,0.9674875736236572,logit_class_2,bert_finetune
1983430,No asistiré a tam este año porque no me siento bienvenido o seguro y no estoy de acuerdo con las recientes acciones del presidente jref dj grothe,1,0,negative,0.883122444152832,logit_class_0,bert_finetune
1983496,"im verlassen mit dem Versuch, Menschen Gefühle statt mich immer wieder zu befriedigen, wenn ich ernsthaft verachtet, dies zu tun, weil oh gut dont Sie gerade noch verstehen",0,1,positive,0.5018669962882996,logit_class_1,bert_finetune
1985762,"Yo digo que mantengas el paquete de color verde hacia ella. Vamos, mantenlo. No te sientas tímido. Puedo conseguir mucho a bordo.",0,2,neutral,0.8356332778930664,logit_class_2,bert_finetune
1987907,"Ah, c'est bon! J'ai peur de le faire, mais je ne savais pas que c'était ce que ça voulait dire (si vieux je deviens stupide...).",0,2,neutral,0.7113776803016663,logit_class_2,bert_finetune
1987966,Me siento estúpidamente extraña y horriblemente enamorado de ese guapo y adorable,1,0,negative,0.6258633732795715,logit_class_0,bert_finetune
1988069,No te preocupes. Compraré un collar nuevo como el anterior.,1,2,neutral,0.9433664679527283,logit_class_2,bert_finetune
1988627,Pas de problème. C'est un dollar supplémentaire.,1,2,neutral,0.927265465259552,logit_class_2,bert_finetune
1988934,J'ai l'impression de maudire beaucoup plus dans la conversation que dans mes petites blagues.,1,0,negative,0.9886294603347778,logit_class_0,bert_finetune
1989562,Congratulazioni! Aspetta di ottenere il tuo primo appuntamento e ti sentirai ancora meglio.,2,1,positive,0.8277443647384644,logit_class_1,bert_finetune
1989798,"Ich vergaß den Kontext und dachte, du meinst, die Band sei republikanisch, bitte mach dir keine Sorgen mehr so.",0,1,positive,0.5441251993179321,logit_class_1,bert_finetune
1990736,"Sì, certamente. Hai la ricevuta?",1,2,neutral,0.8876073956489563,logit_class_2,bert_finetune
1990960,"No problem , just go ask .",1,2,neutral,0.9067118763923645,logit_class_2,bert_finetune
1991325,sur un voyage que j'ai passé par une usine de cellulose c'était une belle journée,0,1,positive,0.7353415489196777,logit_class_1,bert_finetune
1991788,Vaya. Esto me asusta.,1,2,neutral,0.5290263295173645,logit_class_2,bert_finetune
1992445,Me compadezco mucho con el autor caminar una milla en mis zapatos sentimientos también creo que hace daño a la nobleza de un relato de lo que fue una valiente valiente y bien implementada acción militar,1,0,negative,0.7097036838531494,logit_class_0,bert_finetune
1994165,J'ai eu pour mon neuvième ou dixième anniversaire il m'a attiré dans la vie complète et rêve de l'histoire si absolument que je peux encore entendre et sentir la douceur douloureuse de la musique,0,1,positive,0.6979101896286011,logit_class_1,bert_finetune
1994363,"Chi schneit. Ich kriege keine Pause, ich zerquetsche sie.",0,2,neutral,0.9078036546707153,logit_class_2,bert_finetune
1994477,lors d'une discussion avec un de mes collègues,1,0,negative,0.9575751423835754,logit_class_0,bert_finetune
1994680,Imagine being on community that is literally every bad rumor about the furry community,2,0,negative,0.7501434087753296,logit_class_0,bert_finetune
1994867,Sympa et facile. Donne-lui juste un peu de gaz.,1,2,neutral,0.5897976160049438,logit_class_2,bert_finetune
1995982,Kor est un chad absolu,0,2,neutral,0.5647575259208679,logit_class_2,bert_finetune
1996084,"Sehr gut. Ich denke, ich wähle diese einzelne Brust eins. Wann kann ich es bekommen?",1,2,neutral,0.7700766324996948,logit_class_2,bert_finetune
1997002,C'est vrai. Excuse-moi si ça vient de là.,0,2,neutral,0.9554219841957092,logit_class_2,bert_finetune
1997373,i couldn t stop thinking about you it feels so strange now thinking about it,2,0,negative,0.5014334917068481,logit_class_0,bert_finetune
1998160,Mi sento meno arrabbiato e più fiducioso,1,0,negative,0.9950756430625916,logit_class_0,bert_finetune
1998236,"Ni siquiera pude conseguir una pasantía para Recursos Humanos sin tener 2-3 años de experiencia en 'Mundo Real'. Todavía en servicio al cliente, con una tonelada de deuda.",0,2,neutral,0.9695871472358704,logit_class_2,bert_finetune
2000864,Sospetto che ci siano altre volte in cui ci si sente come destino e diritto di nascita e ti infastidisci che anche il passeggino fantasioso intrappola sulle porte ed è coperto di vomito bambino,0,1,positive,0.9967918992042542,logit_class_1,bert_finetune
2001172,I guess I asked the wrong person .,1,2,neutral,0.9850000143051147,logit_class_2,bert_finetune
2001671,"Je ressens de la jalousie ou de la colère, hier, face au bonheur de ma femme et à notre décision de chaperonner un voyage avec mes fils à l'école.",0,1,positive,0.6949625611305237,logit_class_1,bert_finetune
2001870,"I'd love to . I heard about Halloween when I was in Beijing . It's kind of a children's day . Small kids get dressed up , then walk around with paper bags or baskets , knocking on the neighbor's",1,2,neutral,0.5078522562980652,logit_class_2,bert_finetune
2002360,"Ich glaube, wenn ich die Motivationen emotional oder rational hinter ihrem Verhalten verstehen kann, könnte ich in der Lage sein, eine positive Auflösung zu suchen",0,1,positive,0.5114150643348694,logit_class_1,bert_finetune
2002362,Grazie. Vorrei comprare del latte in polvere per il mio bambino. C'e' qualcosa che puoi consigliarmi?,2,1,positive,0.5820534825325012,logit_class_1,bert_finetune
2002427,"Natürlich, nehmen Sie Platz.",1,2,neutral,0.9655899405479431,logit_class_2,bert_finetune
2002440,"Beh, potremmo andare in quella nuova galleria d'arte, invece.",1,2,neutral,0.9878732562065125,logit_class_2,bert_finetune
2002486,Was für eine Schande! Ich habe sie nicht gesehen.,0,2,neutral,0.6483627557754517,logit_class_2,bert_finetune
2003132,Me siento como un poco idiota por preocuparme tanto por algunos premios noche y este artículo no es sin algunos celos algo que no puedo ocultar pero después de la decisión de anoche no puedo ir pero también pensar que algo ha ido mal en el sistema de juzgar,1,0,negative,0.7904972434043884,logit_class_0,bert_finetune
2003204,No puedo correr son los días que me siento raro,0,2,neutral,0.5806790590286255,logit_class_2,bert_finetune
2003315,"Lo siento señor, pero estamos completos esta noche hasta las ocho.",0,2,neutral,0.7441118359565735,logit_class_2,bert_finetune
2003394,Then I'II make reservations for 9 pm for a party of four .,1,2,neutral,0.8684406876564026,logit_class_2,bert_finetune
2004245,"Aquí hay todo tipo de jades. Elige lo que quieras, por favor.",1,2,neutral,0.9127973914146423,logit_class_2,bert_finetune
2004558,Esos pobres egipcios esclavos trabajaron tan duro y usted quiere dar a los extranjeros todo el crédito!,2,0,negative,0.7120968103408813,logit_class_0,bert_finetune
2004632,Espero que entiendas los sentimientos conflictivos y los controvertidos también aunque no estés de acuerdo o te sientas preocupado por ellos o por las imágenes que he descrito,0,1,positive,0.6619696617126465,logit_class_1,bert_finetune
2004657,Was soll das? Das Wasser ist zu heiß!,0,2,neutral,0.9255576133728027,logit_class_2,bert_finetune
2005125,"Lo hago no sólo con tristeza y emociones difíciles, sino con alegría y confusión y felicidad sólo pienso en ello hasta que ya no tengo los sentimientos sólo los pensamientos sobre ellos si eso tiene algún sentido en absoluto, así que anoche, cuando me desmayé bewling era difícil para mí",0,1,positive,0.9249549508094788,logit_class_1,bert_finetune
2005593,"Schwer. Soziale Angst/allgemeine Angst/Congones hielten mich davon ab, tatsächlich Dates zu bekommen und ich war extrem peinlich, als ich schließlich aufhörte, Angst zu machen, um tatsächlich auf das Date zu gehen.",0,2,neutral,0.6595747470855713,logit_class_2,bert_finetune
2006303,Society started going downhill at exactly the point where I became negatively affected by social change.,0,2,neutral,0.9976173043251038,logit_class_2,bert_finetune
2006744,Eine traurige Zeit wurde damit verbracht.,0,2,neutral,0.5904532074928284,logit_class_2,bert_finetune
2006829,"Je n'étais pas sûr d'y aller, mais je l'ai fait et j'étais content d'y aller.",1,0,negative,0.9493122100830078,logit_class_0,bert_finetune
2007540,Esa también es muy buena. Estoy bastante molesto por aprender lo limitado que es mi vocabulario.,0,2,neutral,0.7756739258766174,logit_class_2,bert_finetune
2007577,"No sé por qué, pero lo estoy.",0,2,neutral,0.9627282023429871,logit_class_2,bert_finetune
2007918,Je pourrais aller chez mon médecin pour quelque chose de complètement sans rapport avec le sentiment de dépression et je m'assure que je téléporte de l'oreille à l'oreille marchant dans sa chirurgie pour laisser sur moi heureux qui est complètement stupide de moi,0,1,positive,0.6372911930084229,logit_class_1,bert_finetune
2008983,C'est un échec extrêmement rare. J'ai lu un article sur ce type. Il était juste stupide et s'est arrêté là.,0,2,neutral,0.9474795460700989,logit_class_2,bert_finetune
2008992,ich fühle mich im kümmern weniger amp weniger jetzt immer unhöflicher Menschen amp immer böser,1,0,negative,0.6719785928726196,logit_class_0,bert_finetune
2010043,"¡Oh, genial!",1,2,neutral,0.589218258857727,logit_class_2,bert_finetune
2011583,"Sto bene, grazie. Ho ricevuto il tuo rapporto stamattina. Grazie per questo. Si unisce alla conferenza di oggi?",1,2,neutral,0.9191882014274597,logit_class_2,bert_finetune
2012050,Vielen Dank. Hier ist Ihr Tag.,2,1,positive,0.5735471844673157,logit_class_1,bert_finetune
2012503,J'avais vraiment quelque chose à ressentir.,0,1,positive,0.7640729546546936,logit_class_1,bert_finetune
2012825,Je suis déçu par votre travail ces derniers temps.,2,0,negative,0.9682946801185608,logit_class_0,bert_finetune
2013068,"Bueno, lo confieso. Lo hice, porque necesito urgentemente dinero para comprar alguna medicina para mi madre porque está muy enferma. Me avergüenzo de haberlo hecho.",0,2,neutral,0.7552013993263245,logit_class_2,bert_finetune
2014620,"Ah bene mi sento ancora un po 'cattivo per il pappagallo, ma almeno lui ha vinto di essere danneggiato:)",0,1,positive,0.7040716409683228,logit_class_1,bert_finetune
2014843,No juzgues nuestro amor,0,2,neutral,0.880474328994751,logit_class_2,bert_finetune
2015124,"Adoro la mia camicia da maratona, ma mi sento un po' strana ad indossarla come se provassi a vantarmi o qualcosa del genere.",0,2,neutral,0.5004602670669556,logit_class_2,bert_finetune
2015567,Perche' dovrei? Si diverte troppo a leggere commenti scritti da gente distorta bolla;),1,2,neutral,0.5587894320487976,logit_class_2,bert_finetune
2015853,> traffic through there in the summer is awful because that’s where everyone wants to be. your life starts to revolve around bridge time.,0,2,neutral,0.9946545362472534,logit_class_2,bert_finetune
2016761,Je me sentais un peu moins débordé pendant quelques jours et maintenant je suis de retour à me sentir super débordé,2,1,positive,0.9763197898864746,logit_class_1,bert_finetune
2017365,"Fui a trabajar al día siguiente sintiéndome conmocionada y enferma, pero tenía miedo de mi asistencia.",0,2,neutral,0.6711918711662292,logit_class_2,bert_finetune
2017455,"I don't disagree, but if he's open he's gonna shoot",0,2,neutral,0.9543904066085815,logit_class_2,bert_finetune
2018244,"Je me rends compte que ce sentiment est ridicule parce que j'ai enfin une petite amie et finalement eu mon premier baiser, mais je ne peux toujours pas secouer cette dépression massive",0,2,neutral,0.5076260566711426,logit_class_2,bert_finetune
2018784,"E' un grande onore averla qui, signor Brown.",2,1,positive,0.6159914135932922,logit_class_1,bert_finetune
2021430,"Ich erhielt eine Nachricht, dass mein älterer Bruder in einen Autounfall verwickelt war und im Krankenhaus aufgenommen wurde.",0,1,positive,0.7326309084892273,logit_class_1,bert_finetune
2021648,"Am vierten Tag, gingen wir, um die französische Küche zu probieren. Das war wirklich fantastisch. Und keine Magenprobleme.",1,2,neutral,0.6458441019058228,logit_class_2,bert_finetune
2022291,"Weißt du nicht, dass Kinder ständig überwacht werden müssen, bis sie 18 werden? Oder vielleicht 30. Der Himmel verbietet, dass sie alleine zur Schule gehen/Bike/Bus/etc.",0,2,neutral,0.9965744018554688,logit_class_2,bert_finetune
2022984,Je pense à toutes les personnes que je connais qui doivent être dévastées par sa mort et combien c'est choquant d'avoir quelqu'un de si talentueux qui n'est plus avec nous,1,0,negative,0.9981332421302795,logit_class_0,bert_finetune
2023177,"die Vorschläge, mit denen die Nutzung fossiler Brennstoffe durch Biokraftstoffe auf pflanzlicher Basis reduziert und der Markt für diese Biokraftstoffe vollständig entzogen werden soll, so daß etwa 1 Mio. Investitionen in die Biokraftstoffindustrie in Gefahr geraten könnten,",1,2,neutral,0.8559520244598389,logit_class_2,bert_finetune
2023295,"Che è davvero interessante, devi giocare per me un po 'di tempo.",1,2,neutral,0.745292603969574,logit_class_2,bert_finetune
2024076,Du hast recht. Und ich treffe auch viele neue Freunde beim Sammeln von Briefmarken.,1,2,neutral,0.750453770160675,logit_class_2,bert_finetune
2024596,Je veux la voir Je veux qu'elle sache que je réalise mon sentiment envers elle et me résolve à souffrir alors pourquoi tu te caches,0,1,positive,0.9590775370597839,logit_class_1,bert_finetune
2024707,¡Excelente! Vamos a partir.,2,1,positive,0.7966724038124084,logit_class_1,bert_finetune
2024899,Eso es conveniente. Gracias.,2,1,positive,0.7282208800315857,logit_class_1,bert_finetune
2025085,when i began to read a thick book,0,1,positive,0.8736424446105957,logit_class_1,bert_finetune
2027235,Me desperté y todavía podía sentir la aridez de sus órganos internos deslizándose a lo largo de mis manos y antebrazos.,1,0,negative,0.8820952773094177,logit_class_0,bert_finetune
2028343,Debe ser feliz.,2,1,positive,0.590185284614563,logit_class_1,bert_finetune
2028746,Too bad you missed Jane's performance .,1,2,neutral,0.9866008162498474,logit_class_2,bert_finetune
2028902,No está mal. ¿Qué tipo de película produjo desde la lista hasta mediados de 1930?,1,2,neutral,0.8656869530677795,logit_class_2,bert_finetune
2029306,"Ich bin, aber ich hasse es, wenn ich auf jemanden oder etwas warte, wenn es niemand Fehler nicht cool",0,1,positive,0.8211210370063782,logit_class_1,bert_finetune
2029514,Mi mancava davvero e mi sentivo di merda così sono andato a trovarla a casa mia papà e sono davvero contento di essere andato,1,0,negative,0.9308403134346008,logit_class_0,bert_finetune
2029627,Im trovare un sacco di cose che si sentono strane,2,0,negative,0.5009046196937561,logit_class_0,bert_finetune
2030240,ich fühle mich sehr aufgeregt,1,0,negative,0.7823005318641663,logit_class_0,bert_finetune
2031408,"Non cerco nemmeno di atterrare, la metà del tempo se sto volando basso un edificio o la terra mi succhierà e distruggere l'aereo",0,2,neutral,0.8499332070350647,logit_class_2,bert_finetune
2031620,"Crois-moi, ça empire à partir de là... Je l'ai beaucoup raccourci.",0,2,neutral,0.7978094220161438,logit_class_2,bert_finetune
2033026,J'ai tellement à réfléchir.,2,1,positive,0.7333394289016724,logit_class_1,bert_finetune
2033977,Ce serait charmant. Mais maintenant allons boire un verre.,1,2,neutral,0.6092552542686462,logit_class_2,bert_finetune
2034053,"Sono fobico di aghi e bambini, quindi non era una foto che volevo vedere.",0,2,neutral,0.9633631706237793,logit_class_2,bert_finetune
2034228,¡Vete a tu habitación!,2,0,negative,0.5718023180961609,logit_class_0,bert_finetune
2035901,"J'ai l'impression que si mon médicament a commencé à fonctionner moins, c'est comme si je n'avais plus d'espoir.",0,1,positive,0.9929653406143188,logit_class_1,bert_finetune
2036002,Je ne pense pas que ce soit tes affaires.,0,2,neutral,0.9794409275054932,logit_class_2,bert_finetune
2036520,"Ich kannte einen Typen namens [NAME]. Ich habe mich immer gefragt, wie sein zweiter Vorname ist.",1,2,neutral,0.9866835474967957,logit_class_2,bert_finetune
2036861,Esto sucedió recientemente.,0,2,neutral,0.7993885278701782,logit_class_2,bert_finetune
2037255,Je m'en réjouis tellement.,2,1,positive,0.986042320728302,logit_class_1,bert_finetune
2037309,Es ist alles deine FAULT MAMA,0,2,neutral,0.986056923866272,logit_class_2,bert_finetune
2037444,"Ich will wissen, wohin diese Beziehung geht. Ich bin in dich verliebt und ich muss wissen...",2,1,positive,0.7931510806083679,logit_class_1,bert_finetune
2037658,Sounds pretty good . What about the charge ?,1,2,neutral,0.6835401654243469,logit_class_2,bert_finetune
2037745,ich spüre ihr kick or move im absolut überwältigt von einem Gefühl von Liebe und Ruhe,0,2,neutral,0.4883234202861786,logit_class_2,bert_finetune
2038550,i forgive myself that i have accepted and allowed myself to participate in feeling overwhelmed with tasks during my day,2,0,negative,0.5231828093528748,logit_class_0,bert_finetune
2039703,Der Tod der Angst ist sicher.,0,2,neutral,0.5621674656867981,logit_class_2,bert_finetune
2042087,Ça a été agréable de parler avec vous.,2,1,positive,0.694279670715332,logit_class_1,bert_finetune
2042145,¿Por qué no? Deberíamos hacerlo. Porque ahora podemos permitírnoslo.,1,2,neutral,0.9498528242111206,logit_class_2,bert_finetune
2043574,"Sì, apprezziamo i vostri sforzi nel spingere le vendite dei nostri pianoforti. Possiamo vedere che hai esperienza in questa particolare linea.",1,2,neutral,0.6998852491378784,logit_class_2,bert_finetune
2043650,Tengo la sensación de que es todo el mundo todo el tiempo y estoy siendo un gimoteo culo,0,1,positive,0.8865829110145569,logit_class_1,bert_finetune
2045243,Beeilung! Beeilung! Was für schöne Raupen sind da drüben!,1,2,neutral,0.7753709554672241,logit_class_2,bert_finetune
2045502,mi sento ancora un po'sul bordo si sente strano non più con la pressione che ero sotto nel mio lavoro di metterlo in contesto era una commissione di negozio di telefono basato e alta pressione per colpire obiettivi,2,0,negative,0.5005571842193604,logit_class_0,bert_finetune
2045538,Planeo ser respetuoso lol. Espero que esté allí.,2,1,positive,0.5522290468215942,logit_class_1,bert_finetune
2046069,"... seid vorsichtig, Jungs.",0,2,neutral,0.9951725602149963,logit_class_2,bert_finetune
2047076,"Ottimo, è una casa con due camere da letto?",1,2,neutral,0.8437922596931458,logit_class_2,bert_finetune
2047111,Me preguntaba lo satisfactorio que sería correr descalzo en esa hierba sentir el frío contra mis tobillos,1,0,negative,0.9850600361824036,logit_class_0,bert_finetune
2047238,"Alors, je vais te voir à la fête?",1,2,neutral,0.6508616805076599,logit_class_2,bert_finetune
2047481,"ich fühle mich sicher unbequem genug besonders am Ende des Tages, wenn ich nicht entspannen kann",0,1,positive,0.602404773235321,logit_class_1,bert_finetune
2047784,Me sentía abrumada con la vida.,0,2,neutral,0.5265849232673645,logit_class_2,bert_finetune
2047836,Las Montañas serían un gran lugar para el retiro de la compañía.,1,2,neutral,0.6223196983337402,logit_class_2,bert_finetune
2048409,"ho una sensazione la mia terribile perdere le ultime settimane rallenterà, ma spero che non lo fa",1,0,negative,0.9929116368293762,logit_class_0,bert_finetune
2048775,Cada juego cuenta para los Kings tho. Los soles están fuera si la carrera de playoffs y esto es una victoria obligada para los reyes. ¡BOL!,2,1,positive,0.759037435054779,logit_class_1,bert_finetune
2048939,J'ai l'impression de n'avoir rien à voir avec ça.,0,1,positive,0.6234326362609863,logit_class_1,bert_finetune
2049274,Hobbies are never too late to learn . They offer a variety of classes at the local community college . You should look into it .,1,2,neutral,0.9974623918533325,logit_class_2,bert_finetune
2049299,This guy's an idiot lol,0,2,neutral,0.7663018703460693,logit_class_2,bert_finetune
2049579,Eso es increíble. ¿Qué consejos te dio tu entrenador?,1,2,neutral,0.8897150158882141,logit_class_2,bert_finetune
2049928,Ti capisco. Facciamolo.,1,2,neutral,0.5415511131286621,logit_class_2,bert_finetune
2050356,¡En serio! Qué fascinante.,2,1,positive,0.8430264592170715,logit_class_1,bert_finetune
2050844,Je suis sincère dans ce que je dis je me sens presque pas sincère parce que très probablement je ne les appelle que ce jour parce que c'est le jour marqué dans les livres pour être obligé de le faire,1,0,negative,0.6407233476638794,logit_class_0,bert_finetune
2051868,Potrei ascoltare un disco punk e sentirmi come se fossi meno un casino o mettere su un tom piccolo disco e sentirsi ok per le cose,0,1,positive,0.9949793219566345,logit_class_1,bert_finetune
2052136,He estado tan lejos de mi zona de confort y la sensación era increíble,2,1,positive,0.512118399143219,logit_class_1,bert_finetune
2052926,"J'aime le bowling, mais je préfère être avec toi.",1,2,neutral,0.9901006817817688,logit_class_2,bert_finetune
2053555,"Questo è esattamente quando io sono via. Suona ideale, purché il padrone di casa sia d'accordo.",2,1,positive,0.7321011424064636,logit_class_1,bert_finetune
2054101,Je voulais quelque chose en particulier et je ne l'ai pas eu,0,1,positive,0.548512876033783,logit_class_1,bert_finetune
2054226,Prendo un bicchiere di birra. E tu?,2,1,positive,0.5933377742767334,logit_class_1,bert_finetune
2055428,Mi sento come se tutta la speranza si perdesse per me per ritrovare la mia felicità una canzone di Taylor Swift mi riporta su e mi ricorda che le cose buone arrivano a persone che aspettano e che non sono l'unico che si sentiva così,0,1,positive,0.9895890951156616,logit_class_1,bert_finetune
2055615,Let ’ s look at the newspaper .,2,1,positive,0.5084652900695801,logit_class_1,bert_finetune
2057097,"Eh bien, tu sais, c'est le moment de se réunir avec toute ta famille et d'être reconnaissant pour tout!",2,1,positive,0.8092381358146667,logit_class_1,bert_finetune
2057599,Tu agis toujours comme ça quand tu es tombé amoureux. Qui est-ce? Comment vous êtes-vous rencontrés?,1,2,neutral,0.6606394648551941,logit_class_2,bert_finetune
2058786,"Stellen Sie sicher, und kommen Sie zurück in ein paar Wochen.",1,2,neutral,0.9576104283332825,logit_class_2,bert_finetune
2059893,J'ai l'impression que pinterest m'a débordé.,0,2,neutral,0.5025968551635742,logit_class_2,bert_finetune
2060231,That is insanity,0,2,neutral,0.9222350120544434,logit_class_2,bert_finetune
2060541,"Broncos man war schwieriger als Staatsrivalen und wir wurden als mögliche Anwärter gesprochen, nur um nach einer frühen Führung zerschmettert zu werden",2,0,negative,0.9364258050918579,logit_class_0,bert_finetune
2061209,C'est juste le [NAME] qu'ils détestent. [NAME] est juste leur objet actuel de mépris,0,2,neutral,0.9427622556686401,logit_class_2,bert_finetune
2061535,Wha? I'd love more background on this.,1,2,neutral,0.6787543892860413,logit_class_2,bert_finetune
2061821,Ja - manchmal sehe ich erstaunlich detaillierte kleine Gesichter. Es ist so seltsam.,1,2,neutral,0.8886328339576721,logit_class_2,bert_finetune
2061885,Gott sei Dank bist du offen! Ich habe einen Notfall!,1,2,neutral,0.48961934447288513,logit_class_2,bert_finetune
2063018,"Der Typ vom Deli heute Morgen, als ich Schinken holen ging, sah aus, als ob er zusammenbrechen könnte.",0,2,neutral,0.937857985496521,logit_class_2,bert_finetune
2063283,"Wow, e' un peso, mi dispiace.",0,2,neutral,0.8745151162147522,logit_class_2,bert_finetune
2063526,"È un po'strano però, di avere la neve in aprile, e così tanto di esso.",1,2,neutral,0.9130047559738159,logit_class_2,bert_finetune
2063894,Mon père me manque. J'en ai marre du froid et de la neige.,0,2,neutral,0.6207010746002197,logit_class_2,bert_finetune
2064123,Poor guy :(,2,0,negative,0.5565316081047058,logit_class_0,bert_finetune
2064397,Le doy mi palabra.,1,2,neutral,0.9317561388015747,logit_class_2,bert_finetune
2064548,J'ai continué à me sentir en colère et id rythme la maison parfois faire un sprint occasionnel de la chambre de livin à ma chambre et retour,1,0,negative,0.9634929299354553,logit_class_0,bert_finetune
2065217,It costs more than you think to run a car---especially when there are so many things wrong with it !,0,2,neutral,0.9033896327018738,logit_class_2,bert_finetune
2065639,Thank you for a lovely day . I really enjoyed it .,2,1,positive,0.887424111366272,logit_class_1,bert_finetune
2065815,Pauvres hommes [NAME] ou pauvres hommes [NAME],2,0,negative,0.5341424345970154,logit_class_0,bert_finetune
2066761,"il est grand et mince, aux cheveux clairs.",1,2,neutral,0.8241709470748901,logit_class_2,bert_finetune
2067930,"Jajaja, sabía que iban a publicar esto.",2,1,positive,0.7886931896209717,logit_class_1,bert_finetune
2068132,Du solltest kommen. Das würde Ihnen gefallen.,1,2,neutral,0.7868746519088745,logit_class_2,bert_finetune
2069461,"Je suis assez sortante, je crois.",2,1,positive,0.6413988471031189,logit_class_1,bert_finetune
2070083,What the hell are you doing now ?,2,0,negative,0.6374557018280029,logit_class_0,bert_finetune
2070844,"Bien sûr, désolé pour la réponse tardive.",0,2,neutral,0.8906722664833069,logit_class_2,bert_finetune
2071455,Sento un dolore nella mia anima quando penso a ciò che il destino attende i genitori che sono riusciti ad abbandonare i loro figli,0,1,positive,0.903433620929718,logit_class_1,bert_finetune
2071803,Ich liebe Apfelkuchen.,2,1,positive,0.8030707240104675,logit_class_1,bert_finetune
2072471,C'est un hypocrite comme tout le monde dans sa famille et sa fête.,0,2,neutral,0.8054331541061401,logit_class_2,bert_finetune
2072690,Había dejado un periódico estudiantil de la universidad china en la mesa de la biblioteca que había desaparecido cuando volví,0,1,positive,0.6170439124107361,logit_class_1,bert_finetune
2072827,Super excited to watch them in Syracuse next year. Might actually spring for season tickets,2,1,positive,0.9561243653297424,logit_class_1,bert_finetune
2073754,"Ich fühle mich, als ob in einem fremden Land ein angenehmes Gefühl von Fremdheit und Distanz",2,1,positive,0.9974219799041748,logit_class_1,bert_finetune
2074142,I've never given a speech in front of a thousand people before .,1,2,neutral,0.959120512008667,logit_class_2,bert_finetune
2074866,"Das beste Beispiel für ein egoistisches, ignorantes und rassistisches Stück Müll. Menschen wie diese ekeln mich an.",2,0,negative,0.660354733467102,logit_class_0,bert_finetune
2075527,Me temo que no. ¿Has perdido tu pasaporte?,0,2,neutral,0.9928903579711914,logit_class_2,bert_finetune
2076718,"Holen Sie ihnmmmmmmmmmmmmm!!!!!- Nein, nein, nein, nein, nein, nein, nein, nein, nein, nein, nein, nein, nein, nein, nein, nein, nein, nein, nein, nein, nein, nein, nein, nein, nein, nein, nein, nein, nein, nein, nein, nein, nein, nein, nein, nein, nein, nein, nein, nein, nein, nein, nein, nein, nein, nein, nein, nein, nein, nein, nein, nein, nein, nein, nein, nein, nein, nein, nein, nein, nein, nein! nein, nein, nein, nein! nein, nein, nein, nein, nein! nein, nein, nein! nein, nein! nein!",0,2,neutral,0.9239092469215393,logit_class_2,bert_finetune
2077745,Me siento aquí exhausto de un fin de semana de triatlón me siento deseoso de volver y comenzar las últimas semanas de esfuerzo y restablecer mi reloj para los campeonatos británicos en julio,1,0,negative,0.9415122866630554,logit_class_0,bert_finetune
2078510,"I only watched the clip someone posted last week, but I found [NAME] funnier.",2,1,positive,0.5914160013198853,logit_class_1,bert_finetune
2079069,Avevo la sensazione che avrei perso quello come bello ha le capacità di dibattito superiori,1,0,negative,0.9964808821678162,logit_class_0,bert_finetune
2079172,"Eh bien, tu as fait un bon choix. Venant à nous, je veux dire.Nous avons une gamme complète de produits, des cosmétiques aux nettoyants pour la peau et les hydratants.",1,2,neutral,0.720907986164093,logit_class_2,bert_finetune
2079317,Les nouveaux meubles font paraître une pièce si fraîche. Je vois que vous avez aussi acheté une nouvelle lampe pour votre table de chevet.,1,2,neutral,0.9866836667060852,logit_class_2,bert_finetune
2079806,"Ich dachte, eine Hurrikan-Turnado-Kombi würde uns schlagen und diese Stadt in den Äther verwandeln.",0,2,neutral,0.9813981652259827,logit_class_2,bert_finetune
2081601,Penso che lo faccia sentire molto piu' a posto riguardo al livello di sfiducia verso gli uomini che ho perche' ha stuprato,1,2,neutral,0.8186123371124268,logit_class_2,bert_finetune
2081804,Elle a eu de la chance.,2,1,positive,0.5472013354301453,logit_class_1,bert_finetune
2082695,"Avrete sintomi per un paio di settimane in più mentre calci, buona fortuna, felice di vedere youre fare meglio",2,1,positive,0.5791224837303162,logit_class_1,bert_finetune
2083406,Et ce pull bleu?,1,2,neutral,0.9750550389289856,logit_class_2,bert_finetune
2085631,Yo no fui a dar un paseo con el perro y el hombre se siente un poco aturdido perezoso,0,2,neutral,0.8790680766105652,logit_class_2,bert_finetune
2086122,wieder mit meinem Freund nach einem Jahr weg auseinander,1,0,negative,0.5168666243553162,logit_class_0,bert_finetune
2087062,"E' un tale stronzetto, impossibile da amare.",0,1,positive,0.5765051245689392,logit_class_1,bert_finetune
2088851,Sólo aprende de esto y sigue adelante hermano. Date tiempo para llorar.,0,2,neutral,0.7301536798477173,logit_class_2,bert_finetune
2089539,"Eid... das macht so viel mehr Sinn! Nein, nein, nein, nein, nein, nein, nein, nein, nein, nein, nein, nein, nein, nein, nein, nein, nein, nein, nein, nein, nein, nein, nein, nein, nein, nein, nein, nein, nein, nein, nein, nein, nein, nein, nein, nein, nein, nein, nein, nein, nein, nein, nein, nein, nein, nein, nein, nein, nein, nein, nein, nein, nein, nein, nein, nein, nein, nein, nein. nein, nein, nein, nein, nein, nein. Na ja, toll, ich mag sowieso kein deutsches Essen!",1,2,neutral,0.7796235084533691,logit_class_2,bert_finetune
2090108,Je ne ressens rien d'autre que de la peur.,1,0,negative,0.8103009462356567,logit_class_0,bert_finetune
2091063,"Je sens la peur assez souvent, mais ce sentiment était très fort l'année dernière quand mon mari a été envoyé de façon assez inattendue à l'hôpital.",0,1,positive,0.6955291628837585,logit_class_1,bert_finetune
2091420,"Ich weiß nicht, was als nächstes passieren wird oder wohin das gehen soll, aber ich fühle mich wieder aufgeregt.",1,0,negative,0.8224921226501465,logit_class_0,bert_finetune
2092137,"Ich bin immer in den Park gegangen, wenn ich mich in Not fühle und einen Roman gelesen habe.",0,1,positive,0.883678138256073,logit_class_1,bert_finetune
2092409,E' il tuo ripiego. Divertiti. Ma aspettati poco. E certamente non si aspettano che duri.,2,1,positive,0.5385712385177612,logit_class_1,bert_finetune
2092509,Je n'étais pas sûr qu'il ait été vraiment réparé.,1,0,negative,0.6367334723472595,logit_class_0,bert_finetune
2092747,"En realidad no hicieron ninguna prueba para confirmar que era incluso hueso, mucho menos humano.",0,2,neutral,0.9933021068572998,logit_class_2,bert_finetune
2092944,"Oh, sí, fue muy interesante.",2,1,positive,0.6323018670082092,logit_class_1,bert_finetune
2092998,I m una ragazza molto aperta e ottimista amo la musica danza sportiva e cantare auto festa camminando sempre quando sono qui mi sento brutto e giocoso,1,0,negative,0.9047540426254272,logit_class_0,bert_finetune
2093100,"Ich rufe an, mich für das Interview gestern zu bedanken.",1,2,neutral,0.9963493347167969,logit_class_2,bert_finetune
2094869,"Felice anno nuovo, complice!",2,1,positive,0.5854154825210571,logit_class_1,bert_finetune
2094909,Je me sens avide qu'il ait ditmaldonado force de caractère maquillage en plus de rattraper l'histoire cette saison comme il devient le plus vénézuelan à prendre part à la sphère du championnat f,1,0,negative,0.8480767011642456,logit_class_0,bert_finetune
2095254,Je me sens malade et prêt à tirer sur tous ceux qui me gênent,0,2,neutral,0.42961835861206055,logit_class_2,bert_finetune
2095695,I feel like im beatted down grazie per il pick me up profondo respiro accanto permette di vedere questo fino alla fine,0,1,positive,0.546633243560791,logit_class_1,bert_finetune
2097044,i feel really overwhelmed with mine,0,2,neutral,0.5411379337310791,logit_class_2,bert_finetune
2097091,Je me suis réveillée seule dans mon lit pour la dernière fois me sentant nerveusement excitée calme,0,1,positive,0.9918646216392517,logit_class_1,bert_finetune
2097281,C'est bien. Ce serait très utile. Peux-tu commencer par ces pages là-bas?,2,1,positive,0.5049694180488586,logit_class_1,bert_finetune
2097404,"No estoy muy seguro, pero sé que Ruby es menos valioso que el diamante.",2,1,positive,0.9150310158729553,logit_class_1,bert_finetune
2098510,"No, estoy de vacaciones para ver las famosas Tres Gargantas.",1,2,neutral,0.9914093613624573,logit_class_2,bert_finetune
2098742,"Großartig. Es gibt ein Mädchen sagte, es ist das beste Spiel, das ich je gesehen habe.",2,1,positive,0.6532111167907715,logit_class_1,bert_finetune
2098772,"I like the head bounce. He can ask the concussion to hold his beer, it will be strong...",1,2,neutral,0.882251501083374,logit_class_2,bert_finetune
2099290,i lovato siento que hay poca energía y te enfocas en el movimiento de la danza,0,1,positive,0.9573268294334412,logit_class_1,bert_finetune
2100743,You were lucky then .,1,2,neutral,0.832302451133728,logit_class_2,bert_finetune
2102303,ive s'est sentie désavantagée artistiquement récemment haha,0,1,positive,0.5264979600906372,logit_class_1,bert_finetune
2102467,Folgen Sie mir in den Hinterhof.,1,2,neutral,0.9057868719100952,logit_class_2,bert_finetune
2103011,J'aime me sentir comme si je suis constamment au milieu d'une ruée sur le sucre.,0,1,positive,0.9908349514007568,logit_class_1,bert_finetune
2106194,Creo que habría sido más rápido para estar frustrado y para sentirme exiliado y aislado,0,1,positive,0.9935675263404846,logit_class_1,bert_finetune
2106920,ive been feeling so weird today,2,0,negative,0.5070937871932983,logit_class_0,bert_finetune
2106952,Me encanta correr y cómo me siento increíble después de sangrar los pies y todo,2,1,positive,0.5219499468803406,logit_class_1,bert_finetune
2109946,"ich habe mich in der Regel selbst gegeben, um von Punkt a bis Punkt b zu bekommen und ich fühle mich als hätte ich mir das volle Verständnis einiger der komplizierteren Szenen genommen",0,1,positive,0.9908202290534973,logit_class_1,bert_finetune
2110277,"I am sorry , but you need a receipt for a refund .",0,2,neutral,0.9486197233200073,logit_class_2,bert_finetune
2110557,"Nun, ich habe neulich in dieser Zeitschrift gesucht und Kreuzfahrten sind überhaupt nicht sehr teuer. Sehen Sie sich das an!",1,2,neutral,0.6674490571022034,logit_class_2,bert_finetune
2111008,Non mi sento molto amichevole con i bambini,0,1,positive,0.9998867511749268,logit_class_1,bert_finetune
2111132,"Ich glaube, ich habe auch erkannt, dass diese Sehnsüchte kein Grund sind, entmutigt zu werden",0,1,positive,0.9770879745483398,logit_class_1,bert_finetune
2111261,"Nous méritons des animaux si nous leur accordons de l'amour! Ne parle pas tellement de toi, idiot.. c'est ce que ce chaton dirait!",2,0,negative,0.6238834261894226,logit_class_0,bert_finetune
2111285,"Ja, das ist es. Woher weißt du das?",1,2,neutral,0.8828038573265076,logit_class_2,bert_finetune
2111873,"Ich lerne, dass ich das Gefühl, sich als ein Sprungbrett zur eigentlichen Assimilation des Wissens akzeptieren muss",0,1,positive,0.9982228875160217,logit_class_1,bert_finetune
2112703,Je me sens bizarre quand je n'écris pas,2,0,negative,0.5181585550308228,logit_class_0,bert_finetune
2112842,Scusa. Siamo sotto controllo adesso.,0,2,neutral,0.8949589729309082,logit_class_2,bert_finetune
2115069,Pasé de ser comprensiva y compasiva con esta persona a querer atacarla. No puedo aunque me bloqueó. Claramente tiene más experiencia en esto que yo.,1,2,neutral,0.9196237325668335,logit_class_2,bert_finetune
2115135,"Ja, es kostete ein Bündel in Ordnung.",2,1,positive,0.6937686800956726,logit_class_1,bert_finetune
2116066,"Pense qu'il est temps que tu laisses ton papillon sortir toi-même, chérie...",1,2,neutral,0.9917470216751099,logit_class_2,bert_finetune
2116948,Dimenticavo cosa si prova a non odiare uno dei pazienti.,2,0,negative,0.9520687460899353,logit_class_0,bert_finetune
2117237,There ’ s an interesting feature article in the chronicle about doing business in china and the daily news has printed a report about the special economic zone near pairs . We have a subsidiary company l,1,2,neutral,0.993286669254303,logit_class_2,bert_finetune
2117452,"J'adore l'appariement rose et rouge comme je trouve que bien qu'ils se sentent étranges de se combiner, ils se complimentent si bien",0,2,neutral,0.5266554355621338,logit_class_2,bert_finetune
2118159,Morgen ist Carls Geburtstag?,1,2,neutral,0.7895928025245667,logit_class_2,bert_finetune
2118510,"Wir werden dich vermissen. Ich hoffe, wir bleiben in Kontakt.",1,2,neutral,0.4993646442890167,logit_class_2,bert_finetune
2118880,Genial. ¿Cuánto va a costar esto?,1,2,neutral,0.5840549468994141,logit_class_2,bert_finetune
2119988,"Eh bien, non. Je croyais que j'avais fini en cinq minutes. et je ne voulais pas être difficile à peu près quelques minutes, si je n'avais pas manqué le bus et dans le trafic je n'aurais pas été si tard. Je suis désolé.",0,2,neutral,0.9355123043060303,logit_class_2,bert_finetune
2120497,"Ich fühle mich aber nicht danach, mit ihnen zu Hause zu sein",1,0,negative,0.6836467385292053,logit_class_0,bert_finetune
2121402,Me gusta [NAME]. Demándame.,2,1,positive,0.5798491835594177,logit_class_1,bert_finetune
2121585,Siento que estoy a unos días de lanzar la novela número dos en el borde aquí es un teaser para el lector,0,1,positive,0.9861885905265808,logit_class_1,bert_finetune
2121748,"Je veux me sentir seule et en retour je veux qu'elle oublie tout le reste et qu'elle sente ce qui prend soin de quelqu'un, c'est qu'elle peut aussi bien se laisser aller et me laisser prendre soin d'elle pour un changement.",1,0,negative,0.9968770742416382,logit_class_0,bert_finetune
2123332,"Non, pas du tout. Je n'ai pas encore eu le plaisir de la rencontrer.",1,2,neutral,0.8755500912666321,logit_class_2,bert_finetune
2124531,Das wird auf der 2. Schleife viel schlimmer.,0,2,neutral,0.8497305512428284,logit_class_2,bert_finetune
2124603,E' difficile scrivere per [NOME]?,0,2,neutral,0.9237259030342102,logit_class_2,bert_finetune
2125312,Gli ho chiesto di non sentirmi strano.,0,2,neutral,0.5203768014907837,logit_class_2,bert_finetune
2125814,"Oui, ça fait très mal.",2,0,negative,0.6316076517105103,logit_class_0,bert_finetune
2126364,im feel blu iframe title youtube video player width height src http www,0,1,positive,0.995698094367981,logit_class_1,bert_finetune
2126878,Mangeons au restaurant de l'autre côté de la rue de mon appartement.,1,2,neutral,0.9096468687057495,logit_class_2,bert_finetune
2126920,J'y travaille. Mais il y a toujours la peur qui se cache autour...,0,2,neutral,0.7058826684951782,logit_class_2,bert_finetune
2127130,"Je suis fatiguée, j'ai la même sensation de douleur tous les jours, il revient avec un grand sourire.",1,0,negative,0.8399146199226379,logit_class_0,bert_finetune
2127390,C'est insupportable.,0,2,neutral,0.8852131366729736,logit_class_2,bert_finetune
2127757,"J'ai mal à l'estomac, je sais qu'il s'est passé quelque chose de vraiment mauvais.",0,2,neutral,0.8461993932723999,logit_class_2,bert_finetune
2128141,Silly me .,0,2,neutral,0.8968100547790527,logit_class_2,bert_finetune
2128867,Tengo que encontrarme con la noche de la ira hoy también. Nos llevamos bien desde el principio.,1,2,neutral,0.882533848285675,logit_class_2,bert_finetune
2128878,"Ich sagte zu diesem Freund von mir, der nicht in der Welt passt, wissen Sie, wie ich mich fühle, wenn jemand mir vor kurzem sagte, oh wie seltsam es ist, in Malaysien zu leben und kein Auto zu haben",2,0,negative,0.5799731612205505,logit_class_0,bert_finetune
2129771,"Je suis désolé, Bob. Si tu m'avais dit que tu allais venir, j'aurais gardé ce soir libre. Mais tu ne m'as rien dit.",0,2,neutral,0.8725572824478149,logit_class_2,bert_finetune
2130422,"Ich bin gefallen, als wärst du willentlich unwissend der Realität.",2,1,positive,0.6452357172966003,logit_class_1,bert_finetune
2130640,Ich fühle mich so wackelig über alles vielleicht krank einfach fallen meine tugendhafte Lib-Position und join georgie porgie,1,0,negative,0.9998761415481567,logit_class_0,bert_finetune
2131262,"Bitte erklären Sie, weil es für mich keinen Sinn ergibt. Wie kann ein Mädchen die Routine so kompliziert sein? Du stehst auf, du duschest, du ziehst dich an, du putzst deine Zähne, du ziehst dich aus der Tür. Eine halbe Stunde, höchstens.",0,2,neutral,0.9654207229614258,logit_class_2,bert_finetune
2131469,That place must be a gold mine of good stories.,2,1,positive,0.5683419704437256,logit_class_1,bert_finetune
2133297,Je commençais à me sentir intriguée par ce parker de Sidney qui a choisi de parler à sa nièce comme si c'était un être humain intelligent plutôt qu'un nain de back nike air max up qui est comme l'horrible oncle ernie m'a toujours parlé,1,0,negative,0.9990527033805847,logit_class_0,bert_finetune
2133556,No estoy seguro de qué hacer con él.,0,2,neutral,0.6697931289672852,logit_class_2,bert_finetune
2133563,"No, solo tre regali. Immagino che avrebbe potuto essere un'intera stanza piena di ragazzi (magi)",1,2,neutral,0.5003187656402588,logit_class_2,bert_finetune
2134470,J'ai l'impression de ne pas être sûr d'y arriver.,1,0,negative,0.9606462717056274,logit_class_0,bert_finetune
2134544,No tenía ganas de gastar el dinero en cinta adhesiva.,1,0,negative,0.5568499565124512,logit_class_0,bert_finetune
2134963,"Sí. Encantado de conocerla, Sra. Smith.",1,2,neutral,0.9140720367431641,logit_class_2,bert_finetune
2135063,Ich fühle mich wie eine Berührung an der richtigen Stelle wird mich zum Wahnsinn treiben,1,0,negative,0.6341628432273865,logit_class_0,bert_finetune
2135534,"Si', anche sentimenti strani.",0,2,neutral,0.9189914464950562,logit_class_2,bert_finetune
2137271,"At that time her back was ramrod straight as she sailed by , her tone is best , neither over-passionate , nor too cold .",1,2,neutral,0.9378675222396851,logit_class_2,bert_finetune
2137408,"Ich rollte meine Augen so viele Zeit saß, dass und ja, es wurde mehr als genug Male erwähnt, die das wirkliche Gefühl der Geschichte gestört und es war ein gegeben, dass sie ein romantisches Paar sein werden",1,0,negative,0.9928963780403137,logit_class_0,bert_finetune
2138166,Much as I wish to but I really can ’ t . I've already booked the flight .,1,2,neutral,0.9928712248802185,logit_class_2,bert_finetune
2138642,"Désolé, nous ne pouvons pas descendre plus.",0,2,neutral,0.8714916110038757,logit_class_2,bert_finetune
2138945,Wow! Perche' cosi' tanto? Pensavo che ti avrebbero trovato un assistente.,0,2,neutral,0.9727675914764404,logit_class_2,bert_finetune
2140774,"Ich bin der Einzige auf Erden, der das verspürt.",0,2,neutral,0.8541069626808167,logit_class_2,bert_finetune
2141296,Ce n'est pas grave. Je vous remercie.,1,2,neutral,0.507969856262207,logit_class_2,bert_finetune
2142336,Mi favorito es jugar juegos de ordenador.,2,1,positive,0.5375632047653198,logit_class_1,bert_finetune
2143581,Mi sento sempre in colpa quando la gente mi dice che sono impressionati da ciò che rivelo e anche se non intendo mancarmi di rispetto qui è la mia risposta sincera in fondo non hai idea di quanto cazzo potrei andare più in profondità,0,2,neutral,0.8372181057929993,logit_class_2,bert_finetune
2145121,"Gracias, señor. Smith. Adiós.",2,1,positive,0.6264522075653076,logit_class_1,bert_finetune
2145194,Sento che c'e' un tizio super inquietante seduto accanto a me.,0,1,positive,0.9994608759880066,logit_class_1,bert_finetune
2145678,"Oh, ti sarebbe piaciuto?",1,2,neutral,0.9767695069313049,logit_class_2,bert_finetune
2147378,"Are you ready for the big competition today , Todd ? The winner gets two tickets to the Sydney Olympics !",2,1,positive,0.966066300868988,logit_class_1,bert_finetune
2147835,J'aime à peu près n'importe quoi de la part de Prince.,2,1,positive,0.8264726400375366,logit_class_1,bert_finetune
2147862,"Danke, dass du das gesagt hast, aber mein Mann denkt anders.",1,2,neutral,0.7044932842254639,logit_class_2,bert_finetune
2148241,Convirtiendo el lado soleado en un lado de mierda en todas las direcciones. ¡Me encanta!,2,1,positive,0.9567921161651611,logit_class_1,bert_finetune
2149670,Je pense également qu'il est de notre responsabilité en tant que citoyens d'examiner de près ceux qui utilisent des histoires émotionnelles pour justifier des lois radicales qui pourraient causer des dommages à des milliers de citoyens.,0,1,positive,0.7952685356140137,logit_class_1,bert_finetune
2149811,You have a bench warrant .,2,0,negative,0.6687119603157043,logit_class_0,bert_finetune
2149885,"Oui, je le ferai.Nous sommes très heureux de votre performance et voulons poursuivre notre relation de travail du bois.",2,1,positive,0.8094597458839417,logit_class_1,bert_finetune
2150109,"Apropos klassische Musik, sollten wir das Neujahrskonzert der Wiener Philharmoniker nie vergessen.",2,1,positive,0.5802983641624451,logit_class_1,bert_finetune
2150173,J'ai l'impression qu'on a beaucoup à en vouloir.,0,1,positive,0.9028812050819397,logit_class_1,bert_finetune
2150180,# Tutto cio' che voglio e' essere lasciato solo # # nella mia casa normale # # ma perche' mi sento sempre # # come se fossi nella zona del crepuscolo?*,0,2,neutral,0.8658512830734253,logit_class_2,bert_finetune
2150786,"Ja, natürlich. Und ich bin erstaunt, dass diese Karate- und Judo-Jungs vor den Ringern so hilflos waren.",1,2,neutral,0.9619754552841187,logit_class_2,bert_finetune
2151119,NO I HAVE NOT EVER FIRED MY GUN IN THE AIR AND GONE AAAAGGHHH!,0,2,neutral,0.8869302868843079,logit_class_2,bert_finetune
2151135,Me despierto en la noche sintiéndome aturdido y perturbado,2,0,negative,0.7762641906738281,logit_class_0,bert_finetune
2151162,¡Qué deprimido!,0,2,neutral,0.8062599897384644,logit_class_2,bert_finetune
2151225,Hice un esfuerzo para hacer lo que siento es una de las hazañas más increíbles en el ciclismo puente de la brecha a una ruptura,2,1,positive,0.5142754912376404,logit_class_1,bert_finetune
2151636,"Sicher. Es ist wahrscheinlich die Skishow. Adam sagte mir, es gab viele Skiclubs, deren Mitglieder auf Shows setzen, um mehr Besucher anzuziehen.",2,1,positive,0.869898796081543,logit_class_1,bert_finetune
2152464,"Ok, ne prendo quattro, per favore. Mi hai salvato molto.",1,2,neutral,0.8239476084709167,logit_class_2,bert_finetune
2153523,C'est une bonne idée. Nous pouvons améliorer notre technologie pour répondre à vos besoins particuliers.,2,1,positive,0.7175483107566833,logit_class_1,bert_finetune
2154062,E' molto normale nella maggior parte del mondo. E 'giustamente sembra terrificante a coloro che nel primo mondo paesi.,0,2,neutral,0.7976308465003967,logit_class_2,bert_finetune
2154539,Fuoco del cassonetto. Non posso lasciarti Edmonton!!,2,0,negative,0.8727055191993713,logit_class_0,bert_finetune
2154544,"I ’ m fine , thank you .",2,1,positive,0.5173091888427734,logit_class_1,bert_finetune
2154591,Warum nicht? Wir sollten es tun. Denn jetzt können wir es uns leisten.,1,2,neutral,0.9473922848701477,logit_class_2,bert_finetune
2154720,un moment où,0,2,neutral,0.9522964358329773,logit_class_2,bert_finetune
2156291,"Me gusta, más por favor.",1,2,neutral,0.5888444185256958,logit_class_2,bert_finetune
2156358,Sbrigati! Sbrigati! Che bellissimi bruchi ci sono laggiù!,1,2,neutral,0.7953834533691406,logit_class_2,bert_finetune
2156741,J'ai travaillé pour une autre école et j'ai été écrasé par le stress et le sentiment que je n'ai pas fait assez pour soutenir ma famille ou assez pour toucher les élèves en difficulté que j'essayais de servir,0,1,positive,0.9956005811691284,logit_class_1,bert_finetune
2157112,Iría a través de todos los días la sensación de que no valía la pena que nunca encontraría a alguien,0,1,positive,0.8361949324607849,logit_class_1,bert_finetune
2157208,Me sentía muy extraña por alguna razón y la respuesta de mi madre me hizo llorar.,1,0,negative,0.9767646193504333,logit_class_0,bert_finetune
2157546,Alguien me llamó un apodo asqueroso.,0,1,positive,0.5998027324676514,logit_class_1,bert_finetune
2158287,J'ai reçu des commentaires sur ce blog indiquant clairement que beaucoup de membres de la communauté scolaire publique n'appuient pas son costume et pensent qu'il n'a servi qu'à détourner les enfants de questions vraiment beaucoup plus pressantes qui touchent les enfants de cette communauté.,0,1,positive,0.6319878697395325,logit_class_1,bert_finetune
2159138,Ich erinnere mich an unzählige Sonntagmorgens oder Nachmittage es hätte diese schmutzige Abschaum unter meiner Haut gespürt,0,1,positive,0.78849196434021,logit_class_1,bert_finetune
2160390,Je n'ai jamais été aussi fier de l'humanité.,2,1,positive,0.9801157712936401,logit_class_1,bert_finetune
2160962,J'ai une question sur mon paiement et j'ai besoin de quelqu'un pour m'aider.,2,0,negative,0.5489704012870789,logit_class_0,bert_finetune
2161675,todos mis viejos amigos de la escuela me dieron una fiesta y tuve que despedirme de todos ellos.,0,1,positive,0.6887028813362122,logit_class_1,bert_finetune
2161721,[NAME] era orribile per noi,0,2,neutral,0.8136192560195923,logit_class_2,bert_finetune
2161744,j'ai l'impression qu'il salit var disqus config fonction var config cet accès à la config objet config,0,1,positive,0.8620502948760986,logit_class_1,bert_finetune
2161923,"Auf jeden Fall. Um ehrlich zu sein, habe ich viel über diese Tiere und Polargebiete gelernt. Ich denke an meine Kinder in diesen Tagen.",2,1,positive,0.5373975038528442,logit_class_1,bert_finetune
2162247,notre pensionnaire qui a bu après les repas,0,1,positive,0.9880397915840149,logit_class_1,bert_finetune
2162754,"Bon appétit, monsieur.",1,2,neutral,0.8895053863525391,logit_class_2,bert_finetune
2164522,"Bueno, creo que serías el candidato perfecto para el puesto. De acuerdo con la política de la empresa, usted todavía tendrá que pasar por los procedimientos de solicitud formal aunque, por lo que llenar este formulario de solicitud en",1,2,neutral,0.9954727292060852,logit_class_2,bert_finetune
2164643,"Por supuesto, es un placer. Te citaremos el precio más bajo que prevalece.",2,1,positive,0.5853915214538574,logit_class_1,bert_finetune
2165041,"Oh, nein. Zu viel Arbeit. Ich hasse es zu schwitzen. Es ist so eklig.",2,0,negative,0.6160768866539001,logit_class_0,bert_finetune
2165073,Noooooooooo. Quería ver qué podía hacer.,0,2,neutral,0.7883514165878296,logit_class_2,bert_finetune
2165406,"Ich fühlte mich nicht so aufgeregt, leider",1,0,negative,0.8243511319160461,logit_class_0,bert_finetune
2165707,Je me suis toujours demandé comment les cas où un individu obtient une somme de 7 ou 8 chiffres émis contre eux fonctionnent dans la pratique,1,2,neutral,0.9392963647842407,logit_class_2,bert_finetune
2165874,La suite principal es la mejor. Vamos a echar un vistazo a la siguiente.,1,2,neutral,0.8171365857124329,logit_class_2,bert_finetune
2165927,i am feeling very overwhelmed and i just dont feel like i can give things the attention they deserve,0,2,neutral,0.5285452604293823,logit_class_2,bert_finetune
2166812,Certo. Il profumo agrodolce ha un effetto calmante sui nervi.,1,2,neutral,0.6605313420295715,logit_class_2,bert_finetune
2167523,"And here is Buckingham Palace ! Look , isn't it beautiful ? It is much bigger than I imagined .",2,1,positive,0.8345618844032288,logit_class_1,bert_finetune
2168157,Sie fahren Ski in Colorado.,2,1,positive,0.8581462502479553,logit_class_1,bert_finetune
2168349,> Religion Lol la lâcheté que vous ne direz pas '[RELIGION]'.,0,2,neutral,0.7926874756813049,logit_class_2,bert_finetune
2168485,"C'était le premier épisode que j'ai jamais vu, et ça m'a fait accrocher!",2,1,positive,0.826036810874939,logit_class_1,bert_finetune
2169398,I look forward to it.,2,1,positive,0.588659942150116,logit_class_1,bert_finetune
2169711,"Nein, nur eine kleine.Nächste Lassen Sie uns singen "" Happy Birthday "" Mary.",1,2,neutral,0.7646682262420654,logit_class_2,bert_finetune
2169825,Let's go . The time is coming .,1,2,neutral,0.89029461145401,logit_class_2,bert_finetune
2169875,Ich schlafe nicht gerne auf der Couch :(,0,2,neutral,0.6894711852073669,logit_class_2,bert_finetune
2171161,Giusto a dire che non dovro' pagare la pipebomb 10ETH. Buon anno a tutti!,2,1,positive,0.5253140926361084,logit_class_1,bert_finetune
2171718,S'il en sort un jour,2,0,negative,0.5258660912513733,logit_class_0,bert_finetune
2172452,C'est une scène parfaitement cromulente.,2,1,positive,0.684980034828186,logit_class_1,bert_finetune
2172695,"L'ho fatto ieri sera, l'ho colpito e l'ho agitato come un pazzo.",1,2,neutral,0.8391252160072327,logit_class_2,bert_finetune
2173398,Je suppose que c'est un peu privé.,2,0,negative,0.7953369617462158,logit_class_0,bert_finetune
2173436,Me alegra oír eso. ¿Podría enviarlo al Hotel Hilton?,1,2,neutral,0.5866714715957642,logit_class_2,bert_finetune
2174080,All right . I'll bring your soup right away .,1,2,neutral,0.549433708190918,logit_class_2,bert_finetune
2175020,Qu'est-ce que c'est que ça?Qu'est-ce qu'il y a?,0,2,neutral,0.9302775859832764,logit_class_2,bert_finetune
2176220,mi sento impaziente di raggiungere il peso dove posso dire andare in spiaggia senza sentirsi autoconsapevole,0,1,positive,0.518240213394165,logit_class_1,bert_finetune
2176287,"Tut mir leid, dass wir nicht ins Ausland fahren. Das ist zu viel Ärger.",0,2,neutral,0.7438950538635254,logit_class_2,bert_finetune
2176473,la pensée avait découvert le vrai amour,1,0,negative,0.43273234367370605,logit_class_0,bert_finetune
2179493,Qu'est-ce qu'il y a de mauvais! Vous m'avez piégé?,0,2,neutral,0.7228110432624817,logit_class_2,bert_finetune
2179706,Ich habe denselben Schreibtisch von Amazon. Toller Schreibtisch.,2,1,positive,0.7611528038978577,logit_class_1,bert_finetune
2179816,[NAME]!,0,2,neutral,0.9836582541465759,logit_class_2,bert_finetune
2179875,"Ich wurde für eine Date-Funktion von jemandem, der ich wirklich für",0,2,neutral,0.7176080942153931,logit_class_2,bert_finetune
2180473,Ho perso tutta la prospettiva e mi sento sopraffatto,2,0,negative,0.5382266640663147,logit_class_0,bert_finetune
2180695,"Ich glaube, ich werde bald an einer Überdosis sterben.",0,2,neutral,0.8574844002723694,logit_class_2,bert_finetune
2180996,"Certo, forniamo bonus semestrale, un piccolo bonus al Festival di primavera, quattro settimane di vacanza pagato un anno.",2,1,positive,0.5103223323822021,logit_class_1,bert_finetune
2182170,Je me sens parfois débordé et quelque chose comme ça arrive à mon cousin.,2,0,negative,0.50672447681427,logit_class_0,bert_finetune
2182354,Gracias. Aprecio el tiempo que me has dado.,2,1,positive,0.9475322365760803,logit_class_1,bert_finetune
2182795,"Okay, dann lass uns schnell gehen! Nein, nein, nein, nein, nein, nein, nein, nein, nein, nein, nein, nein, nein, nein, nein, nein, nein, nein, nein, nein, nein, nein, nein, nein, nein, nein, nein, nein, nein, nein, nein, nein, nein, nein, nein, nein, nein, nein, nein, nein, nein, nein, nein, nein, nein, nein, nein, nein, nein, nein, nein, nein! Dieses Ding kann wirklich schnell beschleunigen.",1,2,neutral,0.6575503349304199,logit_class_2,bert_finetune
2186015,"ich war wirklich in die Geschichte vertieft und konnte fühlen, wie die Charaktere litten und es war alles nur sehr cool",0,1,positive,0.9993057250976562,logit_class_1,bert_finetune
2186060,"Hey, John. Wie geht's dir? Schönes Auto.",2,1,positive,0.5920603275299072,logit_class_1,bert_finetune
2186378,"Me , too . Now let's make a list for what we need to take with us .",1,2,neutral,0.9208746552467346,logit_class_2,bert_finetune
2186499,No . She is actually very intelligent and well behaved .,1,2,neutral,0.7934817671775818,logit_class_2,bert_finetune
2187607,Great ! Thank you very much .,2,1,positive,0.8214198350906372,logit_class_1,bert_finetune
2188367,Puedo sentir que es la sensación vacía y lo extraño mucho pero no puedo hacer nada al respecto. No sé qué más puedo hacer.,0,2,neutral,0.5358400940895081,logit_class_2,bert_finetune
2189421,Verdammt. (NAME),0,2,neutral,0.7334486842155457,logit_class_2,bert_finetune
2189513,i am now so versed in going in and out of trance that i no longer need a formal induction and just a mere word when im of the mind to heed can relax me so completely that i am never more than a moment away from feeling amazing,1,2,neutral,0.613788366317749,logit_class_2,bert_finetune
2190658,"Haha! In realtà, ho sentito che la vostra gamma di servizi è molto meglio di quello che la mia vecchia banca aveva in offerta. Inoltre, ho un sacco di amici che banca con voi e sono estremamente felici.",2,1,positive,0.872298538684845,logit_class_1,bert_finetune
2191212,Je me suis sentie insatisfaite car je n'avais pas l'impression que beaucoup avait été résolu ou accompli.,0,1,positive,0.9553990364074707,logit_class_1,bert_finetune
2192118,"Hey, I made it in the screenshot!",2,1,positive,0.6482939124107361,logit_class_1,bert_finetune
2192536,Non riesco a descrivere i sentimenti amarodolce che odore ricordato mi sentivo come il mio cuore stava per esplodere dal mio petto e ho colpito le ginocchia stordito,2,0,negative,0.977512776851654,logit_class_0,bert_finetune
2192951,"Thank you . If you have any problems , just call .",1,2,neutral,0.6684680581092834,logit_class_2,bert_finetune
2193469,Je pensais être dans un film d'horreur et fermer les portes. Lol,1,2,neutral,0.6850045323371887,logit_class_2,bert_finetune
2194466,Recuerdo sentirme más fuerte y más rápido semana tras semana de entrenamiento y para cuando llegamos al fin de semana para nuestra puesta a punto estaba curiosamente emocionado y sólo un poco nervioso,2,1,positive,0.7082239389419556,logit_class_1,bert_finetune
2194657,"¡No juzgo a nadie con estas cosas, confía en mí, puedo sostenerlas cerca de mi cara para poder hacer té!",2,1,positive,0.6287549138069153,logit_class_1,bert_finetune
2195839,"Ich weiß, Blake. Aber du bist mir den ganzen Morgen aus dem Weg gegangen, und wir müssen über diesen Deal mit der Mc Kinsey Food Company reden.",0,1,positive,0.8626609444618225,logit_class_1,bert_finetune
2196135,im endlich Gefühl wie im an einem guten Ort emotional in Bezug auf meine Trennung von meiner ex,1,0,negative,0.8957328200340271,logit_class_0,bert_finetune
2196420,You've got this. Hang in there. Please keep us updated. I'm really sorry that you're dealing with this right now.,0,2,neutral,0.6755515336990356,logit_class_2,bert_finetune
2196541,"Me siento por esa gente a la que he desterrado de mi vida, tontos desagradecidos tan amigables con el usuario.",1,0,negative,0.9999122619628906,logit_class_0,bert_finetune
2196642,Desde luego que lo soy. Me habría decepcionado mucho si no los hubiera conseguido.,1,0,negative,0.6238295435905457,logit_class_0,bert_finetune
2196732,The air quality in this city is horrendous . The pollution levels are so high that we are not supposed to go outside with a face mask again !,2,0,negative,0.9478537440299988,logit_class_0,bert_finetune
2197178,"awkward edit - aww are you a rangers fan, damnit",0,2,neutral,0.9792038202285767,logit_class_2,bert_finetune
2197572,"Sie sind herzlich willkommen, auf Wiedersehen.",1,2,neutral,0.6686927080154419,logit_class_2,bert_finetune
2197742,"Escuela. Desde que estaba trabajando a tiempo parcial, tuve un tiempo difícil para mantenerme al día con la clase. Ahora que se acercan los exámenes, me estoy volviendo loco.",0,2,neutral,0.9015941023826599,logit_class_2,bert_finetune
2197867,Ma che cazzo? Ora è spazzatura!,0,2,neutral,0.6115064024925232,logit_class_2,bert_finetune
2199139,Im sentirsi sopraffatti e non davvero in grado di mettere a parole come mi sento su tutti i cambiamenti,2,0,negative,0.5219805240631104,logit_class_0,bert_finetune
2199745,Auf Wiedersehen und bis heute Abend. Fräulein Rose.,1,2,neutral,0.6977366209030151,logit_class_2,bert_finetune
2200745,"Ich erinnere mich, dass ich mich damals sehr aufgeregt fühlte, denn wenn dies so war, wie behauptet wurde, eine neue Bewegung des heiligen Geistes, dann wollte ich ein Teil davon sein und alles erleben, was im Angebot war",1,0,negative,0.7710459232330322,logit_class_0,bert_finetune
2201117,Ich wurde eines Nachts von einem Fremden sexuell angegriffen.,0,2,neutral,0.5157600045204163,logit_class_2,bert_finetune
2201612,"I'm all for not getting too crazy because we've had a rough stretch, but [NAME] scoring twice hurt. A lot.",1,2,neutral,0.9364004135131836,logit_class_2,bert_finetune
2201779,Ver esto me duele la cabeza.,2,0,negative,0.8691677451133728,logit_class_0,bert_finetune
2202265,Vista tower is going to be such a cool addition to the skyline when the glass is installed!,2,1,positive,0.9103960990905762,logit_class_1,bert_finetune
2202792,Désolé. Je ne voulais pas.,0,2,neutral,0.8319072127342224,logit_class_2,bert_finetune
2203627,"Yeah , I guess I did . They're going to buy invoking ?",1,2,neutral,0.9992938041687012,logit_class_2,bert_finetune
2204245,Esa lógica lleva a un lugar muy oscuro si todo lo que tienes es gente terrible en tu vida.,0,2,neutral,0.8279556035995483,logit_class_2,bert_finetune
2205026,J'aimerais évoquer le fait que tous ces systèmes pyramidaux ont des bureaux d'entreprise qui ont exactement la même structure qu'ils se dressent contre.,1,2,neutral,0.954940915107727,logit_class_2,bert_finetune
2205183,"#Jódete, [NOMBRE].",2,0,negative,0.9455540180206299,logit_class_0,bert_finetune
2205853,"Sure , I think that would be possible . Where is the fundraiser ?",1,2,neutral,0.946388304233551,logit_class_2,bert_finetune
2206689,Elle ressemble à un rafraîchisseur plus jeune qui regarde [NAME] bien que lol,2,1,positive,0.7376754879951477,logit_class_1,bert_finetune
2206951,Ce gamin qui voulait voir s'il portait encore un casque m'a fait rire.,2,1,positive,0.5793188214302063,logit_class_1,bert_finetune
2207124,Penso che Taylor farebbe un buon lavoro.,1,2,neutral,0.9438027739524841,logit_class_2,bert_finetune
2207425,ein Haar in der Suppe finden,0,2,neutral,0.9634215831756592,logit_class_2,bert_finetune
2207708,Look ! Allen has the mike !,1,2,neutral,0.9568833708763123,logit_class_2,bert_finetune
2208053,¿Impacto? Sólo estoy interesado en lo bajo que se hundirá.,0,2,neutral,0.9272289872169495,logit_class_2,bert_finetune
2208294,Doch. Ich bin letzte Woche hierher gezogen.,1,2,neutral,0.968555748462677,logit_class_2,bert_finetune
2208335,He encontrado que se necesita una persona muy especial para hacerte sentir que vale la pena en lugar de necesitado,1,0,negative,0.5475810170173645,logit_class_0,bert_finetune
2208650,"he is tall and slim , fair-haired .",1,2,neutral,0.6928166747093201,logit_class_2,bert_finetune
2209296,"Ich weiß nicht, aber ich habe Vertrauen auf sie zwischen der Zeit der Trennung erzählte er dem anderen Mädchen, das Gefühl für ihn über die Trennung haben",0,1,positive,0.8688744306564331,logit_class_1,bert_finetune
2209756,Pourquoi le hotdog est si long lmao,0,2,neutral,0.7950573563575745,logit_class_2,bert_finetune
2210561,En algún momento del año que viene. Aún no hemos fijado la fecha.,1,2,neutral,0.9874059557914734,logit_class_2,bert_finetune
2210677,Oh wow che è sicuramente qualcosa,1,2,neutral,0.6889176368713379,logit_class_2,bert_finetune
2211069,"Viaggiare, nuotare, andare al cinema. E tu?",1,2,neutral,0.9525249600410461,logit_class_2,bert_finetune
2212429,La primera vez que me di cuenta de lo amigable que es la gente en Nagano.,1,2,neutral,0.8539688587188721,logit_class_2,bert_finetune
2212921,ho prestato più attenzione a come im feelin quando ho questi desiderio mi rendo conto che desidero questi quando im ansioso preoccupato o nervoso e thats che cosa alcuni libri dicono troppo destra,0,1,positive,0.7957993745803833,logit_class_1,bert_finetune
2215368,So che io e me abbiamo preso questa decisione perché entrambi sentivamo Dio che ci portava a riprendere il trattamento così ho odiato sentire come non mi fidavo della nostra decisione,1,0,negative,0.7779237031936646,logit_class_0,bert_finetune
2216899,C'est une bonne idée. Mais laissez le front tel qu'il est maintenant.,1,2,neutral,0.6539286375045776,logit_class_2,bert_finetune
2217017,"Miss, es tut mir sehr leid für die Verzögerung, bitte genießen Sie diese. Frei ein Glas Wein für Unannehmlichkeiten. Es tut mir leid, dass ich dich so lange warten lasse.",0,2,neutral,0.9605072140693665,logit_class_2,bert_finetune
2217238,"Jack, lascia andare l'FBI!",0,2,neutral,0.9129480719566345,logit_class_2,bert_finetune
2218105,"ich habe auf alle Kommentare außer den wenigen geantwortet, die ich heute bekommen habe, also fühle ich mich aufgeregt haha",1,0,negative,0.5983726978302002,logit_class_0,bert_finetune
2218319,That song was epic live,2,1,positive,0.7196481227874756,logit_class_1,bert_finetune
2218464,"Kommen Sie sehen, Ich erhielt viele schöne E-Karten. Sie sind von meinen Freunden, auf der ganzen Welt. Weihnachtswünsche für alle meine Freunde.",1,2,neutral,0.9347105026245117,logit_class_2,bert_finetune
2218713,i like that she's just kind of meeting people and dating. I wouldn't even really call it a triangle tbh.,1,2,neutral,0.7199156880378723,logit_class_2,bert_finetune
2218805,Posso dirvi da esperienza personale che la sensazione sono così perso non è piacevole,1,0,negative,0.996948778629303,logit_class_0,bert_finetune
2220579,"Je comprends, et je suis vraiment désolé.",0,2,neutral,0.5412267446517944,logit_class_2,bert_finetune
2221080,"Good , I can see the library on the map .",1,2,neutral,0.9238210916519165,logit_class_2,bert_finetune
2221179,"No me parece incómodo, es relajante y quiero disfrutar de tener un poco más de lavado y cortarme el pelo.",1,2,neutral,0.7566344141960144,logit_class_2,bert_finetune
2222025,¿Por qué intentas apurarme con el teléfono?,0,2,neutral,0.9495258331298828,logit_class_2,bert_finetune
2223109,J'ai l'impression d'être assis ici au travail et de ne pas avoir remarqué.,0,1,positive,0.7783655524253845,logit_class_1,bert_finetune
2223603,Es ist nichts Nancy.,1,2,neutral,0.9954084753990173,logit_class_2,bert_finetune
2223687,Ich konnte nicht. Ich wurde gefesselt und geknebelt.,0,2,neutral,0.8483002781867981,logit_class_2,bert_finetune
2224455,"J'avais volé une bouteille de rhum à une personne qui me connaît bien, il a menacé d'appeler la police si je ne payais pas de shillings.",0,1,positive,0.5383696556091309,logit_class_1,bert_finetune
2224859,"Ich fühle, dass sie alle auf eine andere Weise reden und sich benehmen.",2,1,positive,0.9013133645057678,logit_class_1,bert_finetune
2225102,"E' stato in 54 paesi all'età di 34 anni. Niente debiti, mai. Miro al pensionamento all'inizio degli anni '40. La vita e' bella.",2,1,positive,0.7977831363677979,logit_class_1,bert_finetune
2225345,*Hey hat gerade bemerkt..* es ist dein **5. Kuchentag** [NAME]! ^(Schwerpunkt) ^(Schwerpunkt) ^(Schwerpunkt) ^(Schwerpunkt) ^(Schwerpunkt) ^(Schwerpunkt) ^(Schwerpunkt) ^(Schwerpunkt) ^(Schwerpunkt) ^(Schwerpunkt) ^(Schwerpunkt) ^(Schwerpunkt) ^(Schwerpunkt) ^(Schwerpunkt) ^(Schwerpunkt) ^(Schwerpunkt) ^(Schwerpunkt) ^(Schwerpunkt) ^(Schwerpunkt) ^(Schwerpunkt) ^(Schwerpunkt) ^(Schwerpunkt) ^(Schwerpunkt) ^(Schwerpunkt) ^(Schwerpunkt) ^(Schwerpunkt) ^(Schwerpunkt) ^(Schwerpunkt) ^(Schwerpunkt) ^(Schwerpunkt) ^(Schwerpunkt) ^(Schwerpunkt),1,2,neutral,0.8096887469291687,logit_class_2,bert_finetune
2226060,Sento che è stato dal giorno precedente non riesco a immaginare l'impatto di esso appena spruzzato,1,0,negative,0.9425785541534424,logit_class_0,bert_finetune
2226218,"die Sportfischer, die Möwen anstelle von Fischen mit ihren Haken fangen, ist es oft ein Fehler, aber es macht mich wütend",0,2,neutral,0.5837045311927795,logit_class_2,bert_finetune
2226615,Je me sens encore dérangé confus triste bizarre solitaire stressé fatigué,2,0,negative,0.9936603903770447,logit_class_0,bert_finetune
2226951,Non vedo l'ora di farlo e assicurarmi che tutte le scartoffie siano pronte e in attesa.,2,1,positive,0.6540352702140808,logit_class_1,bert_finetune
2228408,Je continue à me sentir incroyable et sentir zéro alarme à la perspective que mon corps pourrait mourir,1,2,neutral,0.5680363774299622,logit_class_2,bert_finetune
2228621,¿Y dejar que arruinen mi vida? ¡Olvídalo!,0,2,neutral,0.5118126273155212,logit_class_2,bert_finetune
2229328,"Bien, señor. Estaremos allí ahora mismo... señor, su mesa está lista.",1,2,neutral,0.9126893281936646,logit_class_2,bert_finetune
2232641,That ’ s what I can do .,1,2,neutral,0.9642966985702515,logit_class_2,bert_finetune
2233079,"¿Cuántos años tienes, Su?",1,2,neutral,0.8994960188865662,logit_class_2,bert_finetune
2233153,"Mi dispiace, questo e' il nostro prezzo piu' basso.",0,2,neutral,0.6086108684539795,logit_class_2,bert_finetune
2235183,"Il fait froid et sombre, comme le temps.",0,2,neutral,0.9692129492759705,logit_class_2,bert_finetune
2235573,Estoy seguro de que tienes el número equivocado. Este ha sido mi número durante más de 20 años.,2,1,positive,0.6699779629707336,logit_class_1,bert_finetune
2238743,Merci beaucoup. Je vais l'écrire tout de suite.,2,1,positive,0.8198502659797668,logit_class_1,bert_finetune
2239232,¿Qué hay de esa película europea?,1,2,neutral,0.9624050259590149,logit_class_2,bert_finetune
2239410,Vacila de sentir su todo negro humor tambores cayendo como eran punción lumbar y siendo tan triste conflicto y harto de todo eso que sólo quiero despertar y su y tengo una segunda oportunidad de hacerlo bien,1,0,negative,0.9988465309143066,logit_class_0,bert_finetune
2239687,"Ça a l'air plutôt bien. OK, je vais changer 500 USD aujourd'hui, merci.",2,1,positive,0.6012409329414368,logit_class_1,bert_finetune
2240742,Gute Tipps!,2,1,positive,0.6410791873931885,logit_class_1,bert_finetune
2242012,"Been looking at Panthera, will take a look at RAP N. Thanks for the consideration of my big hands :D",2,1,positive,0.7720273733139038,logit_class_1,bert_finetune
2242153,"Bei tempi, bei tempi lol",1,2,neutral,0.5643038153648376,logit_class_2,bert_finetune
2242792,"She already had plans with some of her friends and it would have been weird for me to get there, I didn’t know any of them.",0,2,neutral,0.9963725805282593,logit_class_2,bert_finetune
2243353,"Senti, quei curly q sulla tua faccia mi rendono cosi' sexy che non riesco a pensare lucidamente.",2,1,positive,0.6623203754425049,logit_class_1,bert_finetune
2243912,"¡Lo tienes! En cierto sentido, se ha convertido en un lema para el deporte chino.",1,2,neutral,0.7317888736724854,logit_class_2,bert_finetune
2244204,I will be homeschooling the kids through a different virtual school and its new program this year walking into something new and the unknown leaves me feeling some curiose but excited too,0,2,neutral,0.9998114705085754,logit_class_2,bert_finetune
2244240,Siento mucho oír eso. ¿Es suficiente?,1,2,neutral,0.9428192377090454,logit_class_2,bert_finetune
2244719,Mi sento a mio agio ma ho paura Spaziatura lettera stile span,0,1,positive,0.9824819564819336,logit_class_1,bert_finetune
2245586,Y vamos a tener vacaciones de verano.,2,1,positive,0.5525521636009216,logit_class_1,bert_finetune
2245663,"Definitiv nicht die Norm in KY oder anderen Bibelgürtelzuständen, leider. Meine erweiterte Familie schaut auf meinen CF-Lifestyle mit nichts als Bingos.",2,0,negative,0.5159149765968323,logit_class_0,bert_finetune
2245975,No point in trying to maintain your mental health if no one would and does not even care about you.,2,0,negative,0.5889184474945068,logit_class_0,bert_finetune
2246253,"Mi sono svegliato infuriato stamattina, mi sembra il momento perfetto per sfogarmi su qualcosa che mi disturba da qualche giorno ormai.",0,1,positive,0.8432571291923523,logit_class_1,bert_finetune
2246578,Kann ich dir noch eine Decke besorgen?,1,2,neutral,0.9937478303909302,logit_class_2,bert_finetune
2246616,"Sì. Ho avuto un brutto incidente stradale. Guarda, la mia macchina sembra una lattina di coca schiacciata.",0,2,neutral,0.7788054943084717,logit_class_2,bert_finetune
2247368,No puedo creer que la gente siga siendo víctima de esas máquinas.,2,0,negative,0.5423687696456909,logit_class_0,bert_finetune
2247378,Mary is really a diligent girl .,1,2,neutral,0.7729279398918152,logit_class_2,bert_finetune
2247539,"Ich spüre, dass Bryn geliebte Aiden zu schnell hasste",0,1,positive,0.9021689891815186,logit_class_1,bert_finetune
2247672,"??? Technically the peso is always in devaluation, also it's not worst right now than before.",2,0,negative,0.6187811493873596,logit_class_0,bert_finetune
2248364,Je savais que tout irait bien pour toi!,1,2,neutral,0.6067069172859192,logit_class_2,bert_finetune
2248437,"Je suis à la recherche d'une bibliothèque, mais je ne veux pas en acheter une nouvelle.",2,0,negative,0.781437337398529,logit_class_0,bert_finetune
2248967,mi vesto e mi sento come una ragazza senza consapevolmente provare di diventare un buon ascoltatore e sono sinceramente interessante nelle sue storie heck non riesco a smettere di sorridere dopo lo incontro anche se è per un combattimento,1,0,negative,0.9490199089050293,logit_class_0,bert_finetune
2249479,J'avais l'impression qu'elle n'aimait pas beaucoup les petits discours.,1,0,negative,0.6604116559028625,logit_class_0,bert_finetune
2250498,Me he enamorado de mi jefe.,2,1,positive,0.5782762169837952,logit_class_1,bert_finetune
2250576,Hmm. Creo que debería pedir consejo a algunos de mis amigos antes de tomar una decisión. Lo siento.,0,2,neutral,0.6273252964019775,logit_class_2,bert_finetune
2251007,Scripted but funny,1,2,neutral,0.8163730502128601,logit_class_2,bert_finetune
2251381,avevo sentito in un rut non avevo desiderio di riparare la casa finish mettendo in giardino anche se sono felice dal momento che è stato così freddo per affrontare molte cose sulla mia lista di fare,1,0,negative,0.8247037529945374,logit_class_0,bert_finetune
2251424,Mais pourquoi est-ce que l'homme se moque de lui?,0,2,neutral,0.9274934530258179,logit_class_2,bert_finetune
2251599,Ich weiß Ihre Meme OP zu schätzen.,2,1,positive,0.8157737255096436,logit_class_1,bert_finetune
2252310,Zum 100. Jahrestag der Eröffnung der Bibliothek werden wir eine Party feiern.,1,2,neutral,0.579667866230011,logit_class_2,bert_finetune
2252426,"Ja, meine eigene Spezialmischung! Du kannst es an ihnen erkennen, indem du sie nur riechst?",1,2,neutral,0.8298274874687195,logit_class_2,bert_finetune
2254289,Estoy bastante seguro. Siempre me ha encantado trabajar con niños.,2,1,positive,0.8627586960792542,logit_class_1,bert_finetune
2255023,"Ich spiele gerne Basketball. Basketball ist ein sehr spannendes Spiel, weil es hält Sie wachsam und ich genieße auch den Teamgeist des Basketballs.",1,2,neutral,0.828088104724884,logit_class_2,bert_finetune
2258157,"Certains egos fragiles semblent très contrariés par l'annonce. C'est de l'alcool, c'est de l'alcool.",0,2,neutral,0.9689117074012756,logit_class_2,bert_finetune
2258260,"Ich kenne das Gefühl, ziemlich gut eingeschüchtert zu sein, weil ich täglich Schlagzeug spiele",0,1,positive,0.7342615723609924,logit_class_1,bert_finetune
2258305,Je suis sûr que votre femme les aimera.,1,2,neutral,0.5628135800361633,logit_class_2,bert_finetune
2259846,"4 heures A. M............................................................................................................................................................................................................................................................................................................................................................................................................................................................................................................................. C'est quoi, ça? Je suis vraiment désolé.",1,2,neutral,0.9989211559295654,logit_class_2,bert_finetune
2259880,Vielen Dank. Es ist in Ordnung.,2,1,positive,0.5417616963386536,logit_class_1,bert_finetune
2260052,"Heilige Scheiße. Ich erinnere mich, dass ich im Auto meiner Eltern auf dem Rückfenster ""ledge"" geschlafen habe! Daran habe ich seit Jahren nicht gedacht.",1,2,neutral,0.8337613344192505,logit_class_2,bert_finetune
2262067,I dont know why people are hating this so much. I guess everyone here wants to be just ok for the next 5 years,0,2,neutral,0.9483744502067566,logit_class_2,bert_finetune
2263060,Mi sento un po 'cattivo ma gli avevo detto i miei piani anche se vedo che avevano fatto i loro piani per me,0,1,positive,0.8714631199836731,logit_class_1,bert_finetune
2263160,"Non entrerò nei dettagli che portano alla loro morte perché che mi riporta solo su una montagne russe emotive, ma il mio mondo si sente certamente più vuoto senza la loro ricca presenza nella mia vita e sto ancora imparando a muoversi ogni giorno senza di loro",1,0,negative,0.9946414232254028,logit_class_0,bert_finetune
2263557,"Oh, vielen Dank. Ich möchte kommen, aber ich fürchte, ich bin an diesem Abend beschäftigt.",1,2,neutral,0.827767550945282,logit_class_2,bert_finetune
2263661,Non preoccuparti. Ciao.,1,2,neutral,0.7311006784439087,logit_class_2,bert_finetune
2263671,I'm not going to look at your evidence. There's never been a shred of evidence!,2,0,negative,0.9192126989364624,logit_class_0,bert_finetune
2264458,Estaba convencido de que el resto de mis turnos iban a ser terribles y empecé a sentirme ansioso por volver a trabajar hasta el punto de que estaba físicamente enfermo del estómago.,0,1,positive,0.7792999744415283,logit_class_1,bert_finetune
2266439,Mi sento un po'sorpreso e benedetto che in grado di sedersi qui oggi a discutere di un'esperienza così traumatica come sicuramente quasi certamente finito me,2,0,negative,0.5359246134757996,logit_class_0,bert_finetune
2268040,"Nun hoffentlich werden wir herausfinden, wie schwer ihr Leben war heute Abend",0,2,neutral,0.7758175730705261,logit_class_2,bert_finetune
2268679,Das ist eine tolle Mahlzeit!,2,1,positive,0.7703537940979004,logit_class_1,bert_finetune
2269433,Lo leí mal pero casi se siente como si lo tratara como un trofeo en lugar de una chica tonta valiente sinceridad,0,1,positive,0.761390745639801,logit_class_1,bert_finetune
2269972,"ich fühlte mich sentimental über mein jüngstes Sein im Kindergarten und die Wahrheit ist, ich fühle mich mehr schockiert als sentimental, dass die Zeit so schnell verging",0,2,neutral,0.9922782182693481,logit_class_2,bert_finetune
2271620,"Ich denke, dass s, warum es einfacher ist, Freude zu fühlen, wenn ich allein bin",1,0,negative,0.5524559617042542,logit_class_0,bert_finetune
2272250,J'ai l'impression de ne pas pouvoir faire confiance aux gens qui m'entourent avec mes sentiments et mes opinions sans avoir l'air de me juger.,0,1,positive,0.9810305833816528,logit_class_1,bert_finetune
2272620,Ein neuer Bonbonladen öffnete letzte Woche um die Ecke. Sie haben eine Vielzahl von Süßigkeiten und es ist immer voller Menschen.,1,2,neutral,0.6144283413887024,logit_class_2,bert_finetune
2273242,Evito questo tipo di notizie così davvero non familiarità con la storia e ci sono state alcune discussioni su se sarebbe stato bene ricevere una donazione di organi da un assassino,1,0,negative,0.9871947169303894,logit_class_0,bert_finetune
2273410,J'ai assisté à une cérémonie au denmark qui est comparable à notre Halloween ils construisent un grand feu de joie et placent un mannequin grandeur nature d'une sorcière la foule applaudit quand le mannequin éclate en flammes,0,1,positive,0.9106566309928894,logit_class_1,bert_finetune
2274576,grabo aquí los colibríes veo las flores huelo las noticias escucho los acontecimientos que siento y lo extraño que gusto,0,2,neutral,0.5920448899269104,logit_class_2,bert_finetune
2274654,C'est pour ça qu'on ne peut pas avoir de belles choses! Je l'aurais battu pour avoir enlevé mes hommes inexistants.,0,2,neutral,0.8618295788764954,logit_class_2,bert_finetune
2274898,Exactamente. Tener a Jo como mi amigo es una de las mejores cosas que me han pasado.,1,2,neutral,0.6407231092453003,logit_class_2,bert_finetune
2275039,"Es tut mir leid, aber das war im Verkauf, also kann ich Ihnen nur den Ladenkredit geben.",0,2,neutral,0.8365289568901062,logit_class_2,bert_finetune
2275994,"J'ai commencé mes règles, je me sentais très déprimée.",1,0,negative,0.9901719689369202,logit_class_0,bert_finetune
2276050,"Tout le monde semble oublier combien il a sucé comme un quarterback, il y a une raison pour qu'il n'ait pas été repêché",0,2,neutral,0.9781500697135925,logit_class_2,bert_finetune
2276431,"Sorry , the connection is terrible . I'll call you back because I can't hear anything .",0,2,neutral,0.9350461959838867,logit_class_2,bert_finetune
2276462,"Je me sentais très heureuse ce matin, mais maintenant je me sens un peu déprimée.",1,0,negative,0.8311411738395691,logit_class_0,bert_finetune
2276544,"Seltsam, wie er das Wort Review nicht sagen muss, um den gesamten Artikel zu überdenken",0,2,neutral,0.8169935345649719,logit_class_2,bert_finetune
2277125,Je pensais qu'il serait totalement trompeur de dire qu'en tant qu'enfant et en grandissant avec une certaine négligence de soutien et un chemin étroit d'esprit mes parents avaient fait cet effet que je voulais sentir et que d'autres dans mes relations se sentent émotionnellement attachés à moi,0,1,positive,0.9980942606925964,logit_class_1,bert_finetune
2277145,"Oh, davvero. Mi piace il cibo caldo. Allora, qual è la tua raccomandazione per me?",1,2,neutral,0.9020365476608276,logit_class_2,bert_finetune
2277846,Me sentí feliz cuando mi madre me pidió prestado el coche para dejarme salir sola por primera vez.,1,0,negative,0.5643649101257324,logit_class_0,bert_finetune
2279494,Me siento ansiosa desesperada.,1,0,negative,0.9885668754577637,logit_class_0,bert_finetune
2280074,"N'est-ce pas un beau temps? Tu vas m'aider à arroser les fleurs, Jack?",1,2,neutral,0.8715634346008301,logit_class_2,bert_finetune
2280125,"ich habe mich besonders vom Evangelium begeistert gefühlt in letzter Zeit bin ich so dankbar für alles, was Gott mir gezeigt hat und weiterhin mir zu zeigen",2,1,positive,0.9549767971038818,logit_class_1,bert_finetune
2280394,Non e' per questo che te l'ho chiesto. Lieto di vedere il tuo fare qualcosa e non solo desiderare o piagnucolare come che non lo fanno accadere,2,1,positive,0.6912614703178406,logit_class_1,bert_finetune
2280924,Ero ancora leggermente irritato perché mi sentivo come se non avevamo davvero trascorso del tempo insieme in una settimana e mi mancava e non mi sembrava che si preoccupasse abbastanza come se non fosse molto o affatto importante per lui,1,0,negative,0.9919313788414001,logit_class_0,bert_finetune
2280988,¿Adivina qué vino en el correo hoy?,1,2,neutral,0.89142906665802,logit_class_2,bert_finetune
2281516,That's a cute kitty :3,2,1,positive,0.9437775015830994,logit_class_1,bert_finetune
2282129,Sabes que es muy malo cuando las pestañas son más grandes que las cejas,0,2,neutral,0.8960298299789429,logit_class_2,bert_finetune
2282828,Je l'ai senti quand j'ai passé mon examen en anatomie.,0,1,positive,0.8656009435653687,logit_class_1,bert_finetune
2282922,Je n'ai pas eu beaucoup de temps pour apprendre à les connaître avant qu'ils partent mais le sentiment était là et nous nous aimions et c'était triste de les voir partir ou d'apprendre qu'ils étaient partis,1,0,negative,0.9300965666770935,logit_class_0,bert_finetune
2283268,on a trip i passed by a cellulose factory it was a fine day,0,1,positive,0.9989732503890991,logit_class_1,bert_finetune
2284582,"Ouais, ce sont les idiots que tu dois éviter.",0,2,neutral,0.7119463086128235,logit_class_2,bert_finetune
2284779,Das Kleid sieht wunderschön aus. Kann ich es anfassen?,2,1,positive,0.537391185760498,logit_class_1,bert_finetune
2284865,Mi sento come un pesce fuori dall'acqua o come se fossi in una strana versione equina della zona di Twighlight,0,2,neutral,0.5042248964309692,logit_class_2,bert_finetune
2286067,Tuve la sensación y me sorprendió mientras corría hacia ella que estaba considerando nuestra distancia de ella y el tiempo que nos tomaría atravesar esa distancia,0,2,neutral,0.960509717464447,logit_class_2,bert_finetune
2286251,Ho la sensazione di aver lasciato fuori dei pezzi importanti.,1,0,negative,0.5321650505065918,logit_class_0,bert_finetune
2286277,"Ich liebe dich, und ich hasse dich.",0,1,positive,0.7878328561782837,logit_class_1,bert_finetune
2286800,I dare you to say that again .,0,2,neutral,0.9318059086799622,logit_class_2,bert_finetune
2286944,There won't be anyone there to appreciate how cute you are .,2,1,positive,0.5762300491333008,logit_class_1,bert_finetune
2287475,My hair looks hideous .,0,2,neutral,0.6938090324401855,logit_class_2,bert_finetune
2288379,ich fühlte mich nicht wie ein mega superstar ich fühlte mich wirklich demütigt,1,0,negative,0.9410022497177124,logit_class_0,bert_finetune
2289163,Tengo la sensación de que le sorprenderá y probablemente encontrarás que tus sentimientos de rechazo sanarán más rápido cuando estén bañados en un espíritu positivo.,1,2,neutral,0.9691997766494751,logit_class_2,bert_finetune
2289468,"Ich war in diesen Kerl verknallt, seit ich ihn als verrückten Hasser auf OUAT sah.",1,0,negative,0.9626908302307129,logit_class_0,bert_finetune
2290446,Dammit I got whooshed,2,0,negative,0.6702541708946228,logit_class_0,bert_finetune
2290492,mi ha ricordato molto eloquentemente che non è solo e non lo è mai,0,2,neutral,0.5728154182434082,logit_class_2,bert_finetune
2291009,Je sais ce que ça fait d'être aimé et déçu.,0,1,positive,0.6385898590087891,logit_class_1,bert_finetune
2291831,Tuve un amigo completamente no partisano con quien realmente se hizo la cirugía antes así que ella sabía cómo me sentía y era de apoyo y poco emocional al respecto perfecto,1,0,negative,0.6471813917160034,logit_class_0,bert_finetune
2292247,"Ich liebe dieses auch ""Ich mag es, verwöhnt zu werden und werde auch meinen Mann verderben"" Männer übersetzen dies in ""Pay me for sex""",2,1,positive,0.8233315348625183,logit_class_1,bert_finetune
2292314,"Eh bien, personnellement je n'aime pas alors parce que je ne crois pas qu'ils sont en bonne santé.",1,2,neutral,0.9658190608024597,logit_class_2,bert_finetune
2293204,"Je vais là-bas, c'est plus spécial maintenant.",1,2,neutral,0.6805461645126343,logit_class_2,bert_finetune
2293640,im souvent submergé par combien j'aime cette petite créature et combien je me sens anxieux d'être sûr de créer un début positif à sa vie,1,0,negative,0.9808119535446167,logit_class_0,bert_finetune
2293869,"Oh, vielen Dank. Dein Rock sieht auch schön aus.",2,1,positive,0.8942232131958008,logit_class_1,bert_finetune
2293994,"En fait, je partais en CRAZY en attendant qu'il sorte et qu'il ait été prépayé à l'avance et cela valait la peine d'attendre.",2,1,positive,0.5540432929992676,logit_class_1,bert_finetune
2294010,Je suis et parfois ils couvrent le chemin et je pourrais me sentir un peu désorienté et incertain le i m toujours sur le chemin et ne pas m'égarer sur le bord,0,2,neutral,0.9149802923202515,logit_class_2,bert_finetune
2294369,"Creo que el racismo y la homofobia en América proviene de la ignorancia, así como de un deseo de autogarantía.",1,2,neutral,0.5612488985061646,logit_class_2,bert_finetune
2294626,Je me sens coupable de ne pas aimer les papers des faucons Je n'aime pas mon sens de moi-même,1,0,negative,0.9674848318099976,logit_class_0,bert_finetune
2294819,Davvero! Vivi a Taiwan!,2,1,positive,0.6247703433036804,logit_class_1,bert_finetune
2295375,Siento remordimiento por haber sido tan flagrantemente extravagante como para comer.,0,1,positive,0.8141342401504517,logit_class_1,bert_finetune
2295660,"Ok, à lundi prochain à 10 heures!",2,1,positive,0.5675219297409058,logit_class_1,bert_finetune
2296928,Muori arrabbiato per questo.,2,0,negative,0.7194754481315613,logit_class_0,bert_finetune
2297181,Tuve reuniones toda la mañana. Y el teléfono sonó desde el momento en que entré en la oficina.,0,2,neutral,0.9708573818206787,logit_class_2,bert_finetune
2297781,Je suis sûr que vous passerez un bon moment.,1,2,neutral,0.6438807249069214,logit_class_2,bert_finetune
2298558,Non ho niente da offrirti se non il mio amore.,1,2,neutral,0.8243178725242615,logit_class_2,bert_finetune
2300323,Hardly surprising. Now they also lost their coach... rip,2,0,negative,0.7638252973556519,logit_class_0,bert_finetune
2300959,Je suis un adulte et j'ai permis à cet établissement d'apprentissage d'enregistrer les dix-huit premières années de ma vie. J'ai l'impression que l'université de Washington est un morceau de moi que j'aime beaucoup et que je refuse de laisser aller.,1,0,negative,0.8093857169151306,logit_class_0,bert_finetune
2301087,"Ich konnte fühlen, dass er nur seinen Job machte, aber ich wurde in dem Prozess quält",0,1,positive,0.7663910388946533,logit_class_1,bert_finetune
2301826,"Vielen Dank. Übrigens, machen Sie die Lieferungen?",1,2,neutral,0.8823051452636719,logit_class_2,bert_finetune
2302074,gâté,0,2,neutral,0.9646236896514893,logit_class_2,bert_finetune
2302151,i feel absolutely overwhelmed by it,0,2,neutral,0.5335748195648193,logit_class_2,bert_finetune
2302414,Je me sens désemparée et compatissante à l'égard de la situation,0,1,positive,0.8950574994087219,logit_class_1,bert_finetune
2302452,J'ai l'impression de faire partie de ce miracle incroyable,2,1,positive,0.5444840788841248,logit_class_1,bert_finetune
2302720,Ok. Facciamolo insieme.,2,1,positive,0.5542773008346558,logit_class_1,bert_finetune
2304197,"Ich lehnte mich über ihn, um auf ein Diagramm zu zeigen, ich ruhte meine Hand leicht auf seinem Rücken und war überrascht, ihn wie eine erschreckte Antilope bei meiner Berührung zu fühlen",0,2,neutral,0.9437183737754822,logit_class_2,bert_finetune
2304217,Si'... per Halloween! Abbiamo una grande festa in ufficio domani sera. C'è un premio per il miglior costume!,2,1,positive,0.6972214579582214,logit_class_1,bert_finetune
2305246,"Once again if you base your worth/purpose on some base primal act, you're pathetic",0,2,neutral,0.9522470235824585,logit_class_2,bert_finetune
2305539,"Vale, dime el día.",1,2,neutral,0.9675490856170654,logit_class_2,bert_finetune
2305919,Mom . My legs are killing me .,2,0,negative,0.5423298478126526,logit_class_0,bert_finetune
2306008,Ich meine es total ernst.,2,0,negative,0.6324228048324585,logit_class_0,bert_finetune
2306075,J'ai cru que j'avais déjà eu ma volonté et j'ai pardonné que j'avais ça dans mon sac.,2,0,negative,0.44703400135040283,logit_class_0,bert_finetune
2306548,Impressionante avere una tale lungimiranza.,1,2,neutral,0.7868240475654602,logit_class_2,bert_finetune
2306552,"Juste un soda de club pour moi, s'il vous plaît.",1,2,neutral,0.9767776131629944,logit_class_2,bert_finetune
2307679,"Ja, es könnte einige Lebensmittel, die Sie noch nie zuvor gegessen haben.",1,2,neutral,0.9773942232131958,logit_class_2,bert_finetune
2309370,Ma il loro amore è toccante!,2,1,positive,0.8448269963264465,logit_class_1,bert_finetune
2309390,"Se llama ""Amor infinito"". Fue un regalo de una ciudad hermana en Australia para el centenario de la ciudad.",2,1,positive,0.8328889012336731,logit_class_1,bert_finetune
2311400,"Perfecto. Empezaré a prepararme mañana. Si vamos a conducir, tendré que llenar el tanque.",2,1,positive,0.8298526406288147,logit_class_1,bert_finetune
2311695,"Es fühlt sich einfach so an, als wäre alles so falsch. Wenn ich mich nicht um mich selbst kümmern kann, warum sollte dann jeder andere?",0,2,neutral,0.9133048057556152,logit_class_2,bert_finetune
2311965,BLOCK BLOCK BLOCK his ass!,2,0,negative,0.7523416876792908,logit_class_0,bert_finetune
2312254,Mi sentivo un po' strana per quello che ho visto mentre tornavo a piedi.,1,2,neutral,0.5133367776870728,logit_class_2,bert_finetune
2312312,"Ich bin ziemlich sicher, dass der IT-Typ angewiesen wurde, die Website mit nicht viel mehr Anweisungen niederzulegen.",2,1,positive,0.5335642099380493,logit_class_1,bert_finetune
2313356,Di gran lunga il mio giocatore preferito di tutti i tempi. [NAME] ha una top 10 successi solo per se stesso deve amare la parte migliore dell'hockey,2,1,positive,0.9338638782501221,logit_class_1,bert_finetune
2313863,"so nice to see you again , Louise . How are you doing ?",1,2,neutral,0.606117308139801,logit_class_2,bert_finetune
2314700,"Oh, siento oír eso. Creo que ’ será mejor que hable con el oficial de policía que camina allí.",0,2,neutral,0.7422441244125366,logit_class_2,bert_finetune
2315686,Je suis content que les gens aient de nouvelles idées par ici. Parle-moi de ça.,2,1,positive,0.9273148775100708,logit_class_1,bert_finetune
2317186,"Ich begann vor kurzem, eine Erkältung kommen auf und nahm größere Mengen von all meinen natürlichen Heilmitteln für Tage und bin bereits fühle mich immer gut",0,1,positive,0.9873403906822205,logit_class_1,bert_finetune
2318058,Tant mieux! Ils se sont développés et se portent mieux qu'ils ne l'étaient au dernier trimestre. C'est agréable de voir une certaine amélioration pour un changement.,1,2,neutral,0.6313373446464539,logit_class_2,bert_finetune
2318110,C'est très bien. Je vais essayer.,2,1,positive,0.6587085127830505,logit_class_1,bert_finetune
2318185,Scommetto che posso andare un'ora in classe stamattina e non sentire niente.,2,0,negative,0.8283711075782776,logit_class_0,bert_finetune
2318508,"Regarde, chérie. C'est là-bas.",1,2,neutral,0.9111852049827576,logit_class_2,bert_finetune
2319277,E' il compleanno di mia moglie. Devo comprarle dei fiori.,2,1,positive,0.5943434238433838,logit_class_1,bert_finetune
2319593,"Non lo so. Ha sempre detto che non l'amavo, ma l'ho fatto.",0,2,neutral,0.882055401802063,logit_class_2,bert_finetune
2320197,Ich habe eine Art Problem mit nicht freudig in der Anwesenheit der Herren,1,0,negative,0.9725281000137329,logit_class_0,bert_finetune
2321556,"Dannazione, mi hai battuto.",2,0,negative,0.4895448684692383,logit_class_0,bert_finetune
2321959,' Beautiful Mind ' will be playing again . And there's also ' Titanic ' .,2,1,positive,0.7201045155525208,logit_class_1,bert_finetune
2322153,¡También estoy interesado en este enlace!,2,1,positive,0.5054115653038025,logit_class_1,bert_finetune
2322641,C'est vrai! J'ai eu une dispute interne plus tôt si de lui demander pourquoi mais pensé mieux de lui!,2,0,negative,0.6327348351478577,logit_class_0,bert_finetune
2323454,Je vous remercie. Mais il est nécessaire pour moi d'acheter un téléviseur.,1,2,neutral,0.8006678223609924,logit_class_2,bert_finetune
2323733,Mi hanno appena licenziato.,2,0,negative,0.8818120360374451,logit_class_0,bert_finetune
2325473,Mi hermano ha encontrado su trabajo y mi hermana todavía está en la universidad.,2,0,negative,0.6025891304016113,logit_class_0,bert_finetune
2325518,"Lo siento, no sé la regla sobre los puñetazos.",2,0,negative,0.5538956522941589,logit_class_0,bert_finetune
2326392,Bien. Vamos a hacerlo.,1,2,neutral,0.8118039965629578,logit_class_2,bert_finetune
2326690,Me desperté de la cirugía sintiéndose aturdido y escupiendo sangre mientras tosía,2,0,negative,0.7817701697349548,logit_class_0,bert_finetune
2327128,"Me siento sorprendido y más que un poco horrorizado por lo que he descubierto, pero al mismo tiempo no puedo evitar sentir que finalmente me conozco mejor de lo que he descubierto en mucho tiempo.",0,2,neutral,0.7599253058433533,logit_class_2,bert_finetune
2328006,Je me sens plutôt en colère.,1,0,negative,0.9815650582313538,logit_class_0,bert_finetune
2328083,Ich spüre die Angst und die Sorglosigkeit meiner Zukunft,1,0,negative,0.6109327077865601,logit_class_0,bert_finetune
2329152,"Oh , I am not sure I even want to look at this house !",2,1,positive,0.5235072374343872,logit_class_1,bert_finetune
2330008,Ce logo a l'air cool le matin lol presque cyperpunk,1,2,neutral,0.5170640349388123,logit_class_2,bert_finetune
2330418,Hai fatto una buona scelta.Questo set di tè in porcellana è insolito.E'stato fatto in Jingdezhen.,2,1,positive,0.6329029202461243,logit_class_1,bert_finetune
2331194,"Scusa, hai scritto male irrispettoso. Non hai la mia fiducia. Ecco i documenti per il divorzio.",0,2,neutral,0.6986863017082214,logit_class_2,bert_finetune
2331218,Je pense que je pourrais vomir honnêtement et ma tête me semble vraiment bizarre,2,0,negative,0.5271674394607544,logit_class_0,bert_finetune
2331391,"Debería haber sido a y 1 tbh, [NAME] lo golpeó en la cara.",0,2,neutral,0.9813945293426514,logit_class_2,bert_finetune
2332173,J'aurais dû rester dans le bus.,0,2,neutral,0.9661369919776917,logit_class_2,bert_finetune
2332286,i get into what it actually does i feel like everyone should buy it just because it smells amazing,2,1,positive,0.5930036306381226,logit_class_1,bert_finetune
2332609,Creo que puedes ir a visitar el museo. Vale la pena verlo. Puedes ir a la plaza en otro momento.,1,2,neutral,0.6875894665718079,logit_class_2,bert_finetune
2332884,Bien joué! Je n'ai encore envoyé aucune demande d'emploi.,1,2,neutral,0.6279416084289551,logit_class_2,bert_finetune
2333434,Je pense que quelqu'un me traque.,0,2,neutral,0.45491573214530945,logit_class_2,bert_finetune
2333569,"Hey, nette Widerlegung. Ich habe daraus neue Informationen, danke dafür. Es geht nur ums Lernen.",1,2,neutral,0.7757355570793152,logit_class_2,bert_finetune
2333743,"Adivina otra vez, Dave. No tengo intención de dejar de invocar. Nunca lo hice.",2,1,positive,0.5430559515953064,logit_class_1,bert_finetune
2334786,I think I speak for most when I say: Please post the video,0,2,neutral,0.996733546257019,logit_class_2,bert_finetune
2334958,Das kann nicht dein Ernst sein!,0,2,neutral,0.8433944582939148,logit_class_2,bert_finetune
2335040,J'ai l'impression que cela arrive à l'ensemble de la distribution il n'importe quel spectacle de réalité majeure.,2,1,positive,0.8871890306472778,logit_class_1,bert_finetune
2335262,Je pense que c'est de ne pas me sentir aimée.,1,0,negative,0.9625385403633118,logit_class_0,bert_finetune
2335772,"Du hast eine perfekte Wahl getroffen, Jack.",1,2,neutral,0.792020857334137,logit_class_2,bert_finetune
2336367,Je ne sentais rien que je n'étais pas sûr de pouvoir tenir ma promesse de ne pas mettre fin à ma vie. Plus rien n'avait d'importance. Je m'inquiétais d'être en train de fondre dans le lit. Je ne pouvais même pas pleurer. Je ne pouvais pas sentir mon corps que j'avais mangé et si j'essayais de vomir.,1,0,negative,0.9533706307411194,logit_class_0,bert_finetune
2337211,"Haha, temo che sia semplicemente perché nessuno desidera essere troppo evidente finendo il piatto.",1,2,neutral,0.5861862301826477,logit_class_2,bert_finetune
2338939,"ich fühle könnte erstaunlich sein, aber wie Wunder Frau wird selten gut behandelt",2,1,positive,0.5134233832359314,logit_class_1,bert_finetune
2339897,"Danke. Guten Abend, Mr. Dean.",1,2,neutral,0.5861601233482361,logit_class_2,bert_finetune
2340292,Wie deprimiert!,0,2,neutral,0.7399846315383911,logit_class_2,bert_finetune
2340615,Podía sentir que Julia dudaba ya que aún no estaba convencida de que debía hablar con esta mujer.,1,0,negative,0.9190129637718201,logit_class_0,bert_finetune
2340672,Es gibt einige grässliche Höhen in Dallas. Aber auch einige schöne und ikonische.,2,1,positive,0.9458655118942261,logit_class_1,bert_finetune
2341023,Je me sentais un peu mal à ce sujet.,0,1,positive,0.6790592670440674,logit_class_1,bert_finetune
2341379,J'espère que ça ira demain. Je vais pique-niquer avec ma famille.,2,1,positive,0.724339485168457,logit_class_1,bert_finetune
2341490,Looks f*cking delicious,1,2,neutral,0.6119834780693054,logit_class_2,bert_finetune
2342216,Fröhlicher Kuchentag auch für Sie!,2,1,positive,0.6603038311004639,logit_class_1,bert_finetune
2342653,Es steht dir gut.,1,2,neutral,0.8680649399757385,logit_class_2,bert_finetune
2343060,"Estaba empezando a sentirme abrumado, vino a mí en oración que estoy haciendo por mi padre lo que hizo por mí cuando era un niño",0,2,neutral,0.559384286403656,logit_class_2,bert_finetune
2343481,alguien fumando en tren eléctrico trenes eléctricos son no fumadores con olor a alcohol proveniente de la persona,0,2,neutral,0.788532555103302,logit_class_2,bert_finetune
2344877,"Yes , in a monkey suit . It's adorable !",1,2,neutral,0.7590901255607605,logit_class_2,bert_finetune
2345220,i certainly hear that you have been feeling overwhelmed and likely really scared and hopeless and out of control,0,2,neutral,0.5844940543174744,logit_class_2,bert_finetune
2345634,"Ich fühlte mich gestern sehr entmutigt, aber jetzt, da ich eine Perspektive und einen Plan habe, fühle ich mich hoffnungsvoller",0,1,positive,0.6161878705024719,logit_class_1,bert_finetune
2346910,"Oh, sie genießt es, Geld auf ausgefallenen Partys zu verbringen.Mona liebt es, sexy Kleider zu tragen, und sie hat ziemlich viel Schmuck.",2,1,positive,0.6938930749893188,logit_class_1,bert_finetune
2346912,i am feeling overwhelmed at the moment and tired,0,2,neutral,0.5804497599601746,logit_class_2,bert_finetune
2348188,"Schlagen Sie 'em hoch, Schlagen Sie 'em niedrig. Klasse'93 — los geht's!",1,2,neutral,0.5140551924705505,logit_class_2,bert_finetune
2350027,Je ne me sentais même pas aimée.,1,0,negative,0.7124162912368774,logit_class_0,bert_finetune
2350314,my dog,0,2,neutral,0.8069526553153992,logit_class_2,bert_finetune
2350315,J'ai informé mon entreprise et on m'a dit que les cinq mille premiers d'ici la fin de ce mois.,2,1,positive,0.7617741227149963,logit_class_1,bert_finetune
2352158,Mi dispiace e basta.,0,2,neutral,0.5588020086288452,logit_class_2,bert_finetune
2352294,"Plutôt bien. Dis, où habites-tu ce semestre?",2,1,positive,0.5362562537193298,logit_class_1,bert_finetune
2353344,ive si sentiva infastidito a scrivere su di esso perché bene che era l'intero punto di iniziare questo blog,1,0,negative,0.9999428987503052,logit_class_0,bert_finetune
2353683,Ich fühlte mich genauso aufgeregt wie die Kinder,1,0,negative,0.6479522585868835,logit_class_0,bert_finetune
2353998,Notre fils est parti et mon coeur est parti aussi. Je ne sais pas comment passer le reste de mes années.,0,2,neutral,0.6173619031906128,logit_class_2,bert_finetune
2354167,Facciamo tre tazze. Ecco Harry.,1,2,neutral,0.8922666907310486,logit_class_2,bert_finetune
2354277,Joyeux petit mensonge.,1,2,neutral,0.8304650187492371,logit_class_2,bert_finetune
2354396,Fine . I ’ ll take the compact .,0,2,neutral,0.8615107536315918,logit_class_2,bert_finetune
2355063,"Rezo por x candidato a ganar por las razones correctas, por supuesto, básicamente ya estoy sintiendo algo de disgusto o incluso resentimiento por el otro que era muy importante entender",1,0,negative,0.9674057960510254,logit_class_0,bert_finetune
2355433,"Esto es justo lo que he estado buscando. Apúntame de inmediato, por favor.",1,2,neutral,0.9549407362937927,logit_class_2,bert_finetune
2355442,"Ich glaube, das Größte ist, dass der Schnitter selbst eine gottverdammte Familie hat.",0,2,neutral,0.6824091672897339,logit_class_2,bert_finetune
2355491,"J'ai beaucoup de passe-temps, j'aime presque toutes sortes de sports et j'aime aussi écouter des chansons pop.",2,1,positive,0.5123156309127808,logit_class_1,bert_finetune
2356711,Du hast immer einen Chip auf der Schulter.,0,2,neutral,0.9101387858390808,logit_class_2,bert_finetune
2358719,"Beh, hai fatto una buona scelta. Venire da noi, voglio dire. Abbiamo una gamma completa di prodotti, dai cosmetici ai detergenti per la pelle e idratanti.",2,1,positive,0.7335412502288818,logit_class_1,bert_finetune
2359456,Because [NAME] had a foot injury that I think he sustained at practice for the second half of the year.,0,2,neutral,0.9984537363052368,logit_class_2,bert_finetune
2360086,Je me suis souvenu de quelque chose qu'un ami avait dit il y a un moment peut-être qu'il n'avait pas le sentiment d'être en sécurité.,0,1,positive,0.9470692276954651,logit_class_1,bert_finetune
2360227,"Oui, il pourrait y avoir de la nourriture que vous n'avez jamais mangé avant.",1,2,neutral,0.9339565634727478,logit_class_2,bert_finetune
2360497,Ich fühle mich alle schmerzend aufgeregt und Blick auf mich selbst aus einer dritten Person Sicht im wie,1,0,negative,0.9963977336883545,logit_class_0,bert_finetune
2361410,Non vedevo l'ora di visitare la tua fabbrica.,2,1,positive,0.6834507584571838,logit_class_1,bert_finetune
2361542,"Ich bin ohne Angst, das ist ein großartiger Ort zu sein",0,1,positive,0.9954679012298584,logit_class_1,bert_finetune
2362155,Oh ! Thank you very much . I heard that you are currently writing a collection of short stories . What are the stories about ?,1,2,neutral,0.6536078453063965,logit_class_2,bert_finetune
2363069,Siento que ella no sabe qué hacer con mi intensidad nerviosa.,1,0,negative,0.9978463649749756,logit_class_0,bert_finetune
2364584,"Okay , bye !",2,1,positive,0.7613757252693176,logit_class_1,bert_finetune
2365139,You're going to like him . Everybody says he's a nice guy .,1,2,neutral,0.5601820349693298,logit_class_2,bert_finetune
2365532,Ouais! Est-ce qu'ils savent quelque chose sur moi?,1,2,neutral,0.8097313642501831,logit_class_2,bert_finetune
2365783,Oggi c'è un'opera meravigliosa. Vorrei vederlo.,2,1,positive,0.6499277949333191,logit_class_1,bert_finetune
2365978,"Si', proprio cosi'.",1,2,neutral,0.9013960361480713,logit_class_2,bert_finetune
2366138,"Ich kann nicht warten, um selbst dorthin zu gehen.",1,2,neutral,0.9548195004463196,logit_class_2,bert_finetune
2366349,Ich weiß es nicht. Ich mag die Arbeit.,2,1,positive,0.500810444355011,logit_class_1,bert_finetune
2366931,Ho poche possibilità di comunicare con i colleghi quando ho problemi. Sono sempre troppo occupati per aiutare una mano verde come me.,0,2,neutral,0.9885539412498474,logit_class_2,bert_finetune
2367213,"Oh, ja, das wäre schön.",1,2,neutral,0.6259506940841675,logit_class_2,bert_finetune
2367309,"Nous n'avons pas encore décidé. Il y a beaucoup de choses à régler, tu sais.",1,2,neutral,0.9636316299438477,logit_class_2,bert_finetune
2369100,He tenido un montón de sueño he estado estirando lo suficiente y la espuma rodando lo suficiente pero me siento un poco aturdido,0,2,neutral,0.8036543130874634,logit_class_2,bert_finetune
2369937,Sérieusement? D'où vient cet évier?,0,2,neutral,0.9773792028427124,logit_class_2,bert_finetune
2370023,"I know you are , you are my girlfriend . I wish I had a guy friend to hang out with sometimes .",2,1,positive,0.8293432593345642,logit_class_1,bert_finetune
2370331,"Penso di si'. Sì, vanno d'accordo.",1,2,neutral,0.9524587392807007,logit_class_2,bert_finetune
2370717,Schäm dich. Ich habe sie für deinen Bruder gerettet.,0,2,neutral,0.9725651741027832,logit_class_2,bert_finetune
2371001,Erster Tag zurück an der Arbeit,0,1,positive,0.5239726901054382,logit_class_1,bert_finetune
2371390,Das wäre toll. Wann soll ich dich dort treffen?,2,1,positive,0.6338499784469604,logit_class_1,bert_finetune
2371610,"Non e' niente di che. Ehi, li ho trovati.",1,2,neutral,0.520517885684967,logit_class_2,bert_finetune
2373016,Oh look another shit call,0,2,neutral,0.9727317690849304,logit_class_2,bert_finetune
2373197,[NAME] si è rotto il cervello così male che ha trasformato [NAME] in [NAME],0,2,neutral,0.6176846623420715,logit_class_2,bert_finetune
2374989,"Ich würde anfangen zu lachen, schreien scheint unpassend",1,2,neutral,0.8004759550094604,logit_class_2,bert_finetune
2375341,A fly-away tie ! What a riot !,1,2,neutral,0.7802278399467468,logit_class_2,bert_finetune
2376235,Es curioso cómo los conservadores siempre dicen que los izquierdistas se enfadan por todo cuando los conservadores se enfadan por una taza de Starbucks o un hombre marrón existente,0,2,neutral,0.5872567892074585,logit_class_2,bert_finetune
2376563,"J'ai été avec des auditeurs professionnels tels que des conseillers qui sont qualifiés dans toutes les qualités d'écoute ci-dessus, mais parfois je sens leurs intentions d'écouter avec un soin plus profond sont parfois mécontents",1,0,negative,0.9959599375724792,logit_class_0,bert_finetune
2377126,Ich fühle das gleiche,2,1,positive,0.6585984230041504,logit_class_1,bert_finetune
2377364,¿Te apetece ir a ver una película esta noche?,1,2,neutral,0.7811856865882874,logit_class_2,bert_finetune
2377692,For the night is dark and full of terrors!,0,2,neutral,0.6082583069801331,logit_class_2,bert_finetune
2378082,Sono stato seduto qui a legarmi per analizzare quello che mi e' venuto in mente... e quello che mi e' saltato in mente impazientemente.,0,2,neutral,0.9047226309776306,logit_class_2,bert_finetune
2378353,Devenez amis avec des gens qui travaillent en équipe de nuit. Nous sommes toujours à des heures folles et avons besoin d'une distraction de notre travail.,1,2,neutral,0.978785514831543,logit_class_2,bert_finetune
2378728,ich fühle gackt topple über seine eigene Kante erreicht seinen eigenen Orgasmus in mir und für eine Sekunde fühle ich mich köstlich schmutzig,0,1,positive,0.9945806860923767,logit_class_1,bert_finetune
2379088,I know your feeling . Take it easy and say something to me if you like .,1,2,neutral,0.9390437006950378,logit_class_2,bert_finetune
2379902,"Según la historia, es una especie de estilo de baile moderno.",1,2,neutral,0.9428505301475525,logit_class_2,bert_finetune
2379970,J'essaie de m'enquérir.,2,0,negative,0.7692800164222717,logit_class_0,bert_finetune
2380554,Non sto dicendo che condivido il sentimento di eason o i consiglieri dimissionari,0,1,positive,0.9988279938697815,logit_class_1,bert_finetune
2380861,A menudo recordaba los días en que Tom y yo estábamos locamente enamorados.,2,1,positive,0.8490005731582642,logit_class_1,bert_finetune
2381287,Ich habe dich einmal in VR getötet. Ich fand es toll.,1,2,neutral,0.8369390368461609,logit_class_2,bert_finetune
2381455,"Ich liebe die Idee, unser Leben zu dokumentieren, natürlich habe ich diesen Blog, wo ich weiß, dass ich mein Leben dokumentieren, aber ich fühle mich von diesem sozialen Bedürfnis überwältigt, jede coole Sache, die wir tun oder jede soziale Interaktion, die wir haben, zu dokumentieren",0,2,neutral,0.5107152462005615,logit_class_2,bert_finetune
2381857,Hmm Pensavo che stavo giocando il gioco per divertimento ed eccitazione e sbloccare le pelli era solo un bonus aggiunto,1,2,neutral,0.6165086030960083,logit_class_2,bert_finetune
2382494,Je pense que l'argent me rendra heureux.,2,1,positive,0.9949172735214233,logit_class_1,bert_finetune
2382870,Sigo manteniendo que los empacadores fueron un equipo peor este año.,0,2,neutral,0.5620585680007935,logit_class_2,bert_finetune
2383163,"Es ist mir nie peinlich, eine andere Person zu schätzen und zu lieben.",0,2,neutral,0.3973238468170166,logit_class_2,bert_finetune
2383698,*6 objectively [NAME] and [NAME] are terrible at their jobs.,0,2,neutral,0.8443508744239807,logit_class_2,bert_finetune
2384168,"Lo so. Mi risparmiera' un sacco di soldi, spero.",1,2,neutral,0.9321994185447693,logit_class_2,bert_finetune
2384424,"Ich glaube, sie sagte, er hätte sie durch das Autofenster geschlagen.",2,0,negative,0.9454289078712463,logit_class_0,bert_finetune
2385060,Che gentile da parte tua! Arrivederci.,2,1,positive,0.8429617285728455,logit_class_1,bert_finetune
2385096,Non e' solo per il tuo bere. Ma vi manca il senso di responsabilità.,0,2,neutral,0.97050541639328,logit_class_2,bert_finetune
2385637,"Ich kann Ihnen sagen, was für eine Art ich mag.",2,1,positive,0.5245647430419922,logit_class_1,bert_finetune
2385648,"Ich bin jetzt am Flughafen Songshan und bereit für den Abflug. Mir wurde klar, dass ich vielleicht meine Uhr verlassen habe.",0,2,neutral,0.9741876125335693,logit_class_2,bert_finetune
2387391,Me siento súper motivado al final del año para cambiar las cosas para que pueda sentirme menos presionado al final del verano,0,1,positive,0.9987183809280396,logit_class_1,bert_finetune
2387718,Je savais même qu'il existait il est gentil à tout le monde littéralement même quand je pense qu'ils ne le méritent pas il est si intelligent merveilleusement curieux sur le monde chevaleresque et rempli avec le meilleur au-dessus de l'humour cheesy,1,2,neutral,0.9867205619812012,logit_class_2,bert_finetune
2388303,Ero terrorizzato di sentire mi ha fatto sentire escluso un po 'ostracizzato e di essere vero paranoico,1,0,negative,0.9996005892753601,logit_class_0,bert_finetune
2388470,Tu as une balade à la maison?,2,1,positive,0.5710345506668091,logit_class_1,bert_finetune
2389014,"Grazie, ma ho appena finito di mangiare delle ciliegie ricoperte di cioccolato.",2,1,positive,0.7747769355773926,logit_class_1,bert_finetune
2389377,"Estuve allí dos semanas, así que pasé de tener ganas de ir a un zoológico mirando a la gente y asombrarse de que tienen vidas normales e ir a trabajar hasta llegar a un punto en el que no me creería guías historias sobre cosas simples como el número de lagos",2,1,positive,0.5806208252906799,logit_class_1,bert_finetune
2389572,Viel Glück diesmal!,2,1,positive,0.6430798172950745,logit_class_1,bert_finetune
2389637,"Llené algunos de ellos principalmente en los de niños pequeños, pero me fui sintiendo una mezcla de horror y diversión que algunos ancianos que habían tercamente no estaban de acuerdo conmigo diciendo que es un lugar familiar va a pagar euro una pieza para ver strippers glamourizados sobre bistec y patatas",0,1,positive,0.996781587600708,logit_class_1,bert_finetune
2390367,i feel so overwhelmed i want to scream,0,2,neutral,0.5217508673667908,logit_class_2,bert_finetune
2390933,Je ne me sens pas aussi salope que je pense que je devrais,1,0,negative,0.63424152135849,logit_class_0,bert_finetune
2391331,"¡Oh, sí! Esto es mucho mejor. Pero tiene un mango de aluminio.",1,2,neutral,0.8406884670257568,logit_class_2,bert_finetune
2393617,Quiero sentir la complacencia del dinero ganado duro para que todos los sacrifies sean insignificantes comparados,1,0,negative,0.9964348077774048,logit_class_0,bert_finetune
2394738,Mi sento strano a lasciare New York ora in un momento come questo anche se ho le luci di nuovo accese,2,0,negative,0.515256941318512,logit_class_0,bert_finetune
2394780,¡Genial! ¡ De modo que es casi lo mismo que mantenerlo bajo los asuntos!,2,1,positive,0.7123878598213196,logit_class_1,bert_finetune
2395445,"Ich denke, es ist wirklich einfach, sich einschüchtern zu lassen von einigen der anderen Menschen da draußen in Blogland, die zu sein scheinen zu tun elterliche Heimbau Leben besser als Sie sind",0,1,positive,0.9236117005348206,logit_class_1,bert_finetune
2395605,Molto comodo.,2,1,positive,0.5750586986541748,logit_class_1,bert_finetune
2396319,J'ai réalisé ce que ressentaient les femmes quand les hommes n'étaient pas sympathiques.,1,0,negative,0.7553823590278625,logit_class_0,bert_finetune
2396471,"Oh, très bien. Hé, pourquoi ne pas prendre une bouchée à manger et faire un peu de rattrapage?",1,2,neutral,0.6216957569122314,logit_class_2,bert_finetune
2396697,"Verdammt, dieser Kerl hatte gerade einen schlechten Tag!",0,2,neutral,0.4949754774570465,logit_class_2,bert_finetune
2397552,Pero la drogaste y la agrediste desvistándola y tomándola una foto. Cometiste múltiples crímenes. Necesitas ayuda profesional.,0,2,neutral,0.9791314601898193,logit_class_2,bert_finetune
2399536,Certainly I do .,1,2,neutral,0.9458473920822144,logit_class_2,bert_finetune
2400237,"Oui, ça te va très bien. C'est certainement unique. Je ne pense pas que j'ai vu quelque chose comme ça avant.",1,2,neutral,0.9501118659973145,logit_class_2,bert_finetune
2400297,Yes . And they don ’ t give you very much either . I ’ m still hungry .,0,2,neutral,0.9896610975265503,logit_class_2,bert_finetune
2400320,"I love this one too ""I like to be spoiled and will spoil my man as well"" Men translate this into ""Pay me for sex""",2,1,positive,0.8025466203689575,logit_class_1,bert_finetune
2400621,Mi fa piacere sentirlo. Stiamo cercando di darvene uno favorevole.,2,1,positive,0.9475669860839844,logit_class_1,bert_finetune
2402828,"Désolé, monsieur. Nous recevons la carte de crédit et l'argent seulement.",0,2,neutral,0.5061807632446289,logit_class_2,bert_finetune
2403016,Me siento como un cadáver aturdido esperando a descomponerse.,0,2,neutral,0.6394577026367188,logit_class_2,bert_finetune
2403929,I fucking love ten min power hour xD,1,2,neutral,0.45546239614486694,logit_class_2,bert_finetune
2404392,Almeno non m'importa di nessuno di loro.,0,2,neutral,0.9743421077728271,logit_class_2,bert_finetune
2406087,Aspetta di vedere cosa succede dopo! La sposa si sta preparando a lanciare il suo bouquet. Andiamo a vedere.,2,1,positive,0.8088036179542542,logit_class_1,bert_finetune
2406776,Smettila di segnalare la virtu'.,2,0,negative,0.6240617036819458,logit_class_0,bert_finetune
2407696,Gracias por decirme eso.,2,1,positive,0.5298717617988586,logit_class_1,bert_finetune
2407815,Entonces me los llevaré. ¿Cuánto?,1,2,neutral,0.9124572277069092,logit_class_2,bert_finetune
2407859,"De acuerdo, tú consigue tu gracioso y yo conseguiré el mío hermoso.",2,1,positive,0.7157168388366699,logit_class_1,bert_finetune
2408699,L'anniversaire de ma femme est aujourd'hui. J'ai besoin de fleurs.,2,1,positive,0.542426347732544,logit_class_1,bert_finetune
2409860,"Cavolo, i miei fratelli non mi ucciderebbero mai cosi'.",2,0,negative,0.6534616351127625,logit_class_0,bert_finetune
2410057,"Me siento afortunado envidioso de otras vidas o capacidades sintiendo como si tuviera el final crudo del trato, etc.",0,1,positive,0.9973282814025879,logit_class_1,bert_finetune
2410352,"Ich schätze Horror als Genre mehr als ich es aber liebe und ich fühle mich immer irgendwie ausgelassen, weil es sich anfühlt, als ob jeder andere Film Nerd da draußen aufwuchs und beschissene Horrorfilme beobachtete und liebte",1,0,negative,0.9997805953025818,logit_class_0,bert_finetune
2410530,Qu'est-ce qu'il y a? Tout cet argent sale inonde Francfort et Dublin!,0,2,neutral,0.8884124755859375,logit_class_2,bert_finetune
2410638,Ho iniziato il weekend sensazione drenata e giù ho lasciato rinvigorito e grato per l'esperienza,0,1,positive,0.998518168926239,logit_class_1,bert_finetune
2410862,Nous avons attendu jusqu'à notre anniversaire d'un an pour aller en lune de miel en Afrique.,1,2,neutral,0.9569327235221863,logit_class_2,bert_finetune
2411395,Je m'ennuie tellement toute la journée.,2,0,negative,0.6211456656455994,logit_class_0,bert_finetune
2411661,Mi sento affascinato quando entro attraverso la porta di o cham s,1,2,neutral,0.5455183982849121,logit_class_2,bert_finetune
2412596,"Die Tatsache, dass das hier kein Anwalt bei Law Gif ist, macht mich irgendwie traurig.",2,0,negative,0.7756496667861938,logit_class_0,bert_finetune
2413259,Non credo che tu sia d'aiuto perche' mi trasferisca a casa.,1,2,neutral,0.8904543519020081,logit_class_2,bert_finetune
2413752,Mi piacerebbe vederli tutti e due dalla stessa parte.,1,2,neutral,0.7336117625236511,logit_class_2,bert_finetune
2414328,"Ich verstehe voll und ganz die Zurückhaltung, diese Charaktere zu töten, aber die Häufigkeit, mit der diese Trope in großen Budget-Blockbuster verwendet wird, bedeutet, dass ich weder den emotionalen Schlag des Todes oder die Überraschung ihrer Rückkehr fühlen",0,1,positive,0.8962559700012207,logit_class_1,bert_finetune
2416465,"Ich fühle mmf und ich kann mich nicht darum kümmern, es zu bekämpfen",0,1,positive,0.7970194816589355,logit_class_1,bert_finetune
2416747,"Je suis heureux d'entendre ça. Maintenant, tu peux me dire où c'est?",2,1,positive,0.5678083896636963,logit_class_1,bert_finetune
2418059,Im sentire un po 'piacevole ricordando quei due genitori spaventati che erano così disperati di dare la loro figlia il miglior colpo possibile,0,1,positive,0.520756185054779,logit_class_1,bert_finetune
2418680,i was on this amusement park ride at marriots great america it went way up in the air and then around and around heights are not my favorite spots in life,0,1,positive,0.9394934177398682,logit_class_1,bert_finetune
2418872,"Rentre tard encore une fois, et tu trouveras tes affaires dehors.",0,2,neutral,0.9277126789093018,logit_class_2,bert_finetune
2419037,"Ich spüre meine Traurigkeit in mir, bis sie unerträglich ist.",1,0,negative,0.8678134679794312,logit_class_0,bert_finetune
2419729,"Es tut mir schrecklich leid, aber es gibt jetzt keine offenen Stellen mehr. Möchten Sie einen Moment warten?",0,2,neutral,0.8819096088409424,logit_class_2,bert_finetune
2419784,Genau. Jedenfalls macht er mich verrückt.,0,2,neutral,0.9000714421272278,logit_class_2,bert_finetune
2419896,"Ich will nur, dass das Gefühl, sich nicht um unnötige Sachen wie ich fühlte vor",1,0,negative,0.998134434223175,logit_class_0,bert_finetune
2420687,"Sure , just a second . All right , what time ?",2,1,positive,0.5791528224945068,logit_class_1,bert_finetune
2421143,"Of course , I'd like to .",2,1,positive,0.6634819507598877,logit_class_1,bert_finetune
2422412,"Damn, politics *does* make strange bedfellows.",0,2,neutral,0.8798921704292297,logit_class_2,bert_finetune
2422585,"Io e la mia amica abbiamo litigato. Per questo, mi sento molto triste. Perché non voglio perdere questo amico.",0,2,neutral,0.6578806042671204,logit_class_2,bert_finetune
2423144,Legen wir es da drüben hin.,1,2,neutral,0.9897162318229675,logit_class_2,bert_finetune
2423865,That ’ s really a good phenomenon to see .,1,2,neutral,0.5361713767051697,logit_class_2,bert_finetune
2423997,Dieses Hemd ist wirklich schön.,2,1,positive,0.7504623532295227,logit_class_1,bert_finetune
2424544,"Oh , I love apple pie too .",2,1,positive,0.7593579292297363,logit_class_1,bert_finetune
2424645,"Das ist ein Geheimnis. Hier, lass mich dir mit deinem Mantel helfen, und wir werden auf dem Weg sein.",1,2,neutral,0.7195637226104736,logit_class_2,bert_finetune
2425249,Sicher. Es ist wie das Verständnis am Telefon — du kannst den Lautsprecher sehen! Es ist großartig für die Verbesserung des Hörverständnisses.,2,1,positive,0.8637685775756836,logit_class_1,bert_finetune
2427524,> pero decir que va a joder tu mente es simplemente ignorante lolol k.,2,0,negative,0.9477951526641846,logit_class_0,bert_finetune
2428205,He conocido a algunos estudiantes que aún no se sienten seguros en su escuela veterinaria.,1,0,negative,0.6326283812522888,logit_class_0,bert_finetune
2428721,"Oh, nein, nein, nein, nein, nein, nein, nein, nein, nein, nein, nein, nein, nein, nein, nein, nein, nein, nein, nein, nein, nein, nein, nein, nein, nein, nein, nein, nein, nein, nein, nein, nein, nein, nein, nein, nein, nein, nein, nein, nein, nein, nein, nein, nein, nein, nein, nein, nein, nein, nein, nein, nein, nein, nein, nein, nein, nein, nein, nein, nein, nein, nein, nein, nein. Ich schwitze schon. Es ist so heiß. Ich spüre, wie es kocht! Kann ich schon raus?",0,2,neutral,0.8927269577980042,logit_class_2,bert_finetune
2429023,"OK , OK . I ’ ll do my best .",1,2,neutral,0.9280108213424683,logit_class_2,bert_finetune
2429250,"Ich fühle mich seltsam, dass sie da draußen ist und ich kann sie nicht sehen",0,2,neutral,0.530672550201416,logit_class_2,bert_finetune
2429831,Je pense que j'ai souvent du mal à écrire une introduction parce que comme feldman indique que je me sens comme si je n'avais pas une structure avec laquelle travailler et je ne suis pas sûr du contenu,0,1,positive,0.8516337871551514,logit_class_1,bert_finetune
2429889,Sento come se la gioia fosse una palla di dolore e desiderio di eruttare da dentro di me e diffondere gioia ovunque,0,1,positive,0.9428088665008545,logit_class_1,bert_finetune
2430868,"Moose is pretty underwhelming tonight, I miss JV",0,2,neutral,0.9538605213165283,logit_class_2,bert_finetune
2430881,"Merde, je suis sur le point de baiser.",0,2,neutral,0.7147762775421143,logit_class_2,bert_finetune
2431297,Étape 1. Choisissez une nouvelle équipe (éviter Carlton et GC) Étape 2. Amusez-vous bien!,2,1,positive,0.7033186554908752,logit_class_1,bert_finetune
2431785,He was aggrieved that people didn’t recognize him and recognized steroid users instead.,0,2,neutral,0.6031414270401001,logit_class_2,bert_finetune
2432260,Ce ne sont pas des [NAME]... ce sont des [NAME] qui aiment poser sous la forme d'un hexagramme pour une raison quelconque,2,1,positive,0.6867079734802246,logit_class_1,bert_finetune
2432296,"OK , settled then .",1,2,neutral,0.8965896964073181,logit_class_2,bert_finetune
2433436,Mi sento ansioso di sentire i tuoi pensieri,1,0,negative,0.8836748003959656,logit_class_0,bert_finetune
2433473,Ich finde ihn ein wirklich Gefühl Kerl hat mich zu dem sprichwörtlichen Schlag geschlagen und wird dieses Thema auf seinem Blogcast im mit dumm diskutieren,0,1,positive,0.9612633585929871,logit_class_1,bert_finetune
2433696,Je me sens comme un oiseau dans une cage qui peine à être libéré et à laisser mes ailes s'envoler et voler partout où les vents me mènent,0,1,positive,0.9687570929527283,logit_class_1,bert_finetune
2435044,Así es. Ya puedo ver el Jardín del Palacio a la izquierda.,2,1,positive,0.5219488143920898,logit_class_1,bert_finetune
2435107,Les cellules cérébrales sacrifiées à l'abus de substances ne sont pas mortes en vain.,0,2,neutral,0.7992141246795654,logit_class_2,bert_finetune
2435984,"Questo quadrato di cemento inclinato nel mio quartiere che continuo a inciampare, cazzo.",0,2,neutral,0.5854640007019043,logit_class_2,bert_finetune
2436826,Je ne portais pas de soutien-gorge sous mes vêtements et j'appréciais qu'il me voie nue.,0,1,positive,0.8771161437034607,logit_class_1,bert_finetune
2437170,"Just a club soda for me , please .",1,2,neutral,0.993247389793396,logit_class_2,bert_finetune
2437780,Sicher. Wir hätten gerne Black Forest Cake zum Nachtisch.,2,1,positive,0.5984618067741394,logit_class_1,bert_finetune
2437838,"ich kam zu wissen, dass du nur ein Roboter bist, der keine Gefühle für mich hat, dass du nur Regeln und Vorschriften folgen und die Person behandeln möchtest, genau wie andere dann warum sollte ich mich schlecht fühlen, basierend auf deinen Handlungen",0,1,positive,0.9478451609611511,logit_class_1,bert_finetune
2438679,"Si', e' perfetto. Un'altra cosa, se hanno bisogno di più elementi per il mini-bar, quale numero dovrei chiamare?",2,1,positive,0.7751144766807556,logit_class_1,bert_finetune
2440119,i feel amazing things coming,1,2,neutral,0.5959398746490479,logit_class_2,bert_finetune
2440611,im à ma fin whits parce que vous ne dormez peut-être pas ou vous vous sentez submergés vous devez sentir que j'ai besoin d'un sourire et une fois que vous faites tous les mauvais sentiments que j'ai eus sont partis en un instant,2,0,negative,0.5176748037338257,logit_class_0,bert_finetune
2441676,On se demande à quel point [NAME] et [NAME] doivent être horribles avant que les gens ne le croient.,0,2,neutral,0.692695140838623,logit_class_2,bert_finetune
2441787,Viel Glück bei Ihrem Test morgen. Wir kreuzen uns die Finger für dich!,1,2,neutral,0.8965554237365723,logit_class_2,bert_finetune
2442659,Je me sentirai toujours si affectueuse à son sujet.,0,1,positive,0.9999144077301025,logit_class_1,bert_finetune
2442959,Its more of a suggestion its not in forced at all i doubt a lot of people even see the quiet carriage sign,2,0,negative,0.8398441672325134,logit_class_0,bert_finetune
2443597,Es ist so ein schöner Tag draußen. Lassen Sie uns einen Spaziergang in die Stadt und machen einige Fenster-Shopping.,2,1,positive,0.5617758631706238,logit_class_1,bert_finetune
2444323,Ironico se un pazzo alt-right finalmente fa il mod alt-right pazzo finalmente mod. Forse anche la crudelta' non puo' sopportare cosi' tanto piscio nel suo caffe'.,0,2,neutral,0.9779118299484253,logit_class_2,bert_finetune
2444404,Credo che molti medici siano d'accordo con questa idea.,2,1,positive,0.5989466905593872,logit_class_1,bert_finetune
2445531,Je suis absolument sûr d'avoir raison.,2,1,positive,0.6550120115280151,logit_class_1,bert_finetune
2445774,No está mal. Estoy seguro. Y me gustan los desafíos.,2,1,positive,0.5306888818740845,logit_class_1,bert_finetune
2446590,Voulez-vous lui rapporter mes matériaux pour moi? S'il vous plaît!,0,2,neutral,0.8257187604904175,logit_class_2,bert_finetune
2447793,No puedo esperar para ir a nadar este verano puedo sentir que el agua fría mientras escribo esto,1,0,negative,0.8125354647636414,logit_class_0,bert_finetune
2448296,"Mandy , Would you like to come for dinner tonight ?",1,2,neutral,0.7494949698448181,logit_class_2,bert_finetune
2448484,Cominciavo a sentirmi un po' sopraffatto.,2,0,negative,0.5111339092254639,logit_class_0,bert_finetune
2448570,i feel like there are so many amazing people but i m going to choose a trans icon named a href http www,2,1,positive,0.7507616281509399,logit_class_1,bert_finetune
2448625,No! Il mio tour bus ha ricevuto una multa per eccesso di velocita' dieci minuti fa. Ora il mio motore va a fuoco!,0,2,neutral,0.9115047454833984,logit_class_2,bert_finetune
2449226,"Verdammter Kerl, nette DeIts",1,2,neutral,0.847220778465271,logit_class_2,bert_finetune
2449977,"Senza l'abilita', o il corpo, sul serio, non per sembrare tosta, ma ho 14 anni e sembro piu' grande di questo...",0,2,neutral,0.8947710394859314,logit_class_2,bert_finetune
2450127,I'm afraid you can ’ t .,0,2,neutral,0.7522410154342651,logit_class_2,bert_finetune
2451722,Avevo Shelby sentire i miei piedi solo per assicurarsi che non stavo impazzendo e desiderando un certo risultato così tanto che ho immaginato,1,0,negative,0.841553270816803,logit_class_0,bert_finetune
2451739,"Ho ridacchiato, fatto causa a me",2,1,positive,0.9303434491157532,logit_class_1,bert_finetune
2452235,"Oh, grazie. Anche la tua gonna è bellissima.",2,1,positive,0.9477132558822632,logit_class_1,bert_finetune
2452258,"[NAME] Alter sehe ich [NAME] so selten, dass ich vergesse, dass er der OG ""Fuck dieser Charakter fick dieses dumme Spiel"" König ist.",0,2,neutral,0.616489589214325,logit_class_2,bert_finetune
2452695,"Stavo pensando a qualcuno con cui andavo a scuola, questo ragazzo con cui ero abbastanza amichevole in terza elementare. Uscivamo insieme - viveva nella porta accanto - ma poi i miei genitori si trasferirono e io cambiai scuola e non lo vidi mai più.",1,2,neutral,0.955782413482666,logit_class_2,bert_finetune
2452707,Sólo necesito dejar de sentirme mal y preocuparme demasiado por encontrar mi nicho en la vida.,0,1,positive,0.7159572243690491,logit_class_1,bert_finetune
2452753,"Oh , honey ! Don ’ t you remember this important day to us ?",0,2,neutral,0.9792286157608032,logit_class_2,bert_finetune
2453105,Das ist absolut lächerlich!,0,2,neutral,0.5794077515602112,logit_class_2,bert_finetune
2453804,¿Hemos vendido todos los periódicos por hoy?,1,2,neutral,0.9893904328346252,logit_class_2,bert_finetune
2453833,Ich fühle mich überwältigt von diesen Dingen ein href http www,0,2,neutral,0.5045401453971863,logit_class_2,bert_finetune
2455108,"Was für ein schönes Geschenk. Ja, ich kann verstehen, warum Sie es nicht bequem hätten, etwas so Wertvolles zu Hause zu behalten. Ich denke, einer unserer kleinen wird perfekt sein. Haben Sie einen Ausweis dabei?",1,2,neutral,0.8967322111129761,logit_class_2,bert_finetune
2455200,"Esperaba oír esto. Estoy listo para eso, creo. Lo descargaré mañana.",1,2,neutral,0.9326854944229126,logit_class_2,bert_finetune
2455822,Muy bien. Muchas gracias. No te preocupes. Yo me ocuparé de ello.,2,1,positive,0.5123579502105713,logit_class_1,bert_finetune
2456313,"Das ist unglaublich. Ich bin froh, dass wir beschlossen haben, diese Bustour zu machen. Also, wo kommt der nächste?",2,1,positive,0.5458014607429504,logit_class_1,bert_finetune
2456988,Abbastanza bene. E'stata la cena più meravigliosa che abbia mai avuto.,2,1,positive,0.9191582798957825,logit_class_1,bert_finetune
2457630,Je vous remercie. Belle journée. Pitié de service.,2,1,positive,0.7931763529777527,logit_class_1,bert_finetune
2458288,He tomado de esta experiencia es cuánto control tengo sobre cómo me siento no tal vez en que me gusta románticamente pero cómo puedo tener una noche de mierda bastante y reconocer que pero luego seguir adelante y tener un gran día,0,1,positive,0.7323832511901855,logit_class_1,bert_finetune
2459039,i went shopping with my parents my father payed everything for me,1,0,negative,0.8033961057662964,logit_class_0,bert_finetune
2459627,Me siento allí para lo que se siente como una eternidad mi cuello y las manos con cojera y débil apoyo a mi pesada cabeza dolorida,1,0,negative,0.817069411277771,logit_class_0,bert_finetune
2459725,ich wirklich piss jemand ab oder verletzt ihre Gefühle es dauert in der Regel mich durch totale Überraschung und ich fühle mich schrecklich darüber,0,2,neutral,0.6685134768486023,logit_class_2,bert_finetune
2461717,wenn Leute ohne meine Erlaubnis in meine Sachen eilen und Dinge aus ihr herausnehmen,0,1,positive,0.5168863534927368,logit_class_1,bert_finetune
2461784,"Ich habe es in letzter Zeit schwer, zu schlafen.",0,2,neutral,0.9459068179130554,logit_class_2,bert_finetune
2462520,Exactement à quel point tu le veux?,1,2,neutral,0.9927279949188232,logit_class_2,bert_finetune
2462716,Ma sei pronto per tutto il resto?,1,2,neutral,0.9972827434539795,logit_class_2,bert_finetune
2463143,"Sr. Verde, me gustaría presentarles al Sr.. Marrón.",1,2,neutral,0.8817093372344971,logit_class_2,bert_finetune
2463529,"Oh, hé, c'est pas vrai! Je ne t'ai pas vu depuis l'orientation il y a trois mois! Alors, comment ça va? S'installer dans la vie universitaire OK?",1,2,neutral,0.9496284127235413,logit_class_2,bert_finetune
2464258,Don't you think it's about time you got them working properly ?,0,2,neutral,0.9944986701011658,logit_class_2,bert_finetune
2464492,"errrrrrrrrr c'est inutile, et votre docteur, j'en ai bien peur, est inutile aussi.",0,2,neutral,0.6377583742141724,logit_class_2,bert_finetune
2464895,It can't be expressed by words .,1,2,neutral,0.9981524348258972,logit_class_2,bert_finetune
2465452,"Yeah, 16 yearolds being attracted to other 16 yearolds sure is creepy...",0,2,neutral,0.6695008873939514,logit_class_2,bert_finetune
2465754,Tengo pocas posibilidades de comunicarme con mis colegas cuando tengo problemas. Siempre están demasiado ocupados para ayudar a una mano verde como yo.,0,2,neutral,0.8746054768562317,logit_class_2,bert_finetune
2466830,J'ai l'impression qu'il se précipite assez vite pour dire à la drugstore qu'elle lui ressemble pendant qu'elle bouge.,1,0,negative,0.9798842668533325,logit_class_0,bert_finetune
2468013,J'ai l'impression d'essayer d'apaiser tout le monde autour de moi et d'autres fois j'ai l'impression que mes petits désirs sont une priorité absolue,0,1,positive,0.8738060593605042,logit_class_1,bert_finetune
2468137,Je n'ai pas peur. Avez-vous perdu votre passeport?,0,2,neutral,0.995966911315918,logit_class_2,bert_finetune
2468798,un de mes amis qui est à l'étranger s'est récemment engagé un axam pour entrer dans l'université à dallas,1,0,negative,0.6316757202148438,logit_class_0,bert_finetune
2469185,Ha. E' divertente che sia l'unico che pensa di essere pazzo.,0,1,positive,0.5297988057136536,logit_class_1,bert_finetune
2469434,Siento que dediqué demasiado tiempo y energía a la persona equivocada.,1,0,negative,0.9809194207191467,logit_class_0,bert_finetune
2471266,"Rotolare un contundente, camminare e colpire una conversazione... o farti gli affari tuoi cazzo",0,2,neutral,0.5512380599975586,logit_class_2,bert_finetune
2472700,"ein Freund kam, um mir zu sagen, dass ihr Vater mich eingeladen, um in den Urlaub mit ihnen in benidorm sonst konnte ich es mir nicht leisten, in den Urlaub zu gehen",1,0,negative,0.6547463536262512,logit_class_0,bert_finetune
2473213,"It smells sweet . Mom and May are gonna love it . Get them for dinner , Daniel !",2,1,positive,0.9853746891021729,logit_class_1,bert_finetune
2473499,Im sorry I said something negative about your beloved Valve.,0,2,neutral,0.43757501244544983,logit_class_2,bert_finetune
2474547,Le ranch BBQ et le grec sont mes préférés!Qu'est-ce qu'il y a?,2,1,positive,0.9099587798118591,logit_class_1,bert_finetune
2475854,J'y vais quand je suis stressée ou que je me sens dépassée.,2,0,negative,0.5120391845703125,logit_class_0,bert_finetune
2476516,"Ja, ja. Lo entiendo. Eso es gracioso. Tu prima es una verdadera dama sarcástica.",1,2,neutral,0.6375756859779358,logit_class_2,bert_finetune
2477141,"Ich kann es kaum erwarten, sie zu sehen. Welche wählen Sie heute?",1,2,neutral,0.9168262481689453,logit_class_2,bert_finetune
2477548,"Ja, vielleicht hast du recht!",1,2,neutral,0.7026275396347046,logit_class_2,bert_finetune
2477896,Dieu merci! Une voiture part. C'est mon tour!,1,2,neutral,0.708580493927002,logit_class_2,bert_finetune
2477900,"D'accord, Mme Wang. Je vais le faire.",2,1,positive,0.5724834203720093,logit_class_1,bert_finetune
2477934,You're so old fashioned ! Nobody is going to pull down your pants !,2,1,positive,0.7611302137374878,logit_class_1,bert_finetune
2478173,Oh mon dieu Del Monico. C'est horrible. Même l'odeur ambiante dans les couloirs me bâillonne.,0,2,neutral,0.7075600624084473,logit_class_2,bert_finetune
2478449,A checkup . I think I have a bad cavity . Half the side of my head hurts .,2,0,negative,0.7347531318664551,logit_class_0,bert_finetune
2478645,Nous sommes les mêmes personnes,2,0,negative,0.4609620273113251,logit_class_0,bert_finetune
2478842,Im lavoro davvero difficile non lasciare che la sensazione di im di merda influiscono su tutti gli altri e sono così felice che hai notato,1,0,negative,0.9330612421035767,logit_class_0,bert_finetune
2479024,"Lo so, fa schifo alle palle.",2,0,negative,0.5402967929840088,logit_class_0,bert_finetune
2479216,"Je finis un livre peut-être que je devrais dire un bon livre, mais alors je ne lis pas d'autres que je me sens perdu de vue et étrangement décontesté pour moi-même.",2,0,negative,0.9985857009887695,logit_class_0,bert_finetune
2481442,Bien. Vamos a ir americano. ¿Dónde está el McDonald's más cercano?,1,2,neutral,0.9287356734275818,logit_class_2,bert_finetune
2481727,"D'accord, je passe te prendre à huit heures.",1,2,neutral,0.7495478391647339,logit_class_2,bert_finetune
2481868,"Je n'ai même pas envie de parler au téléphone, encore moins de sortir voir quelqu'un, mais si je le voulais, je pourrais.",0,1,positive,0.7461910247802734,logit_class_1,bert_finetune
2482039,"If many people truly see that as a consequence, I'd suggest SD's public [NAME] needs some work. Sad.",2,0,negative,0.900018572807312,logit_class_0,bert_finetune
2483058,"Verdammt, vielleicht ist es nur der Gesichtsausdruck, aber sie sieht erschöpft aus :/",2,0,negative,0.6825453639030457,logit_class_0,bert_finetune
2483510,Thank you . Now if you'll just give me a credit card .,1,2,neutral,0.6627116203308105,logit_class_2,bert_finetune
2484255,Je sens qu'il ne se résout pas complètement mal continuer à l'ajouter jusqu'à ce que ce soit au point que je sens que je peux m'en aller,1,0,negative,0.6938402652740479,logit_class_0,bert_finetune
2484309,Acabo de encontrar esta cita que me parece encaja perfectamente cualquier cosa menos que loco apasionado amor extraordinario es una pérdida de tiempo,0,1,positive,0.8882924914360046,logit_class_1,bert_finetune
2485160,"Me gustaría hablar con ella.Esto es poco tiempo, lo sé. Pero Hank y yo nos vamos esta noche.",2,1,positive,0.5560540556907654,logit_class_1,bert_finetune
2485456,dog dirt which thaws in the spring,0,2,neutral,0.9893446564674377,logit_class_2,bert_finetune
2485691,"I really can't work overtime . Because my husband has been ill recently , I must take care of him .",0,2,neutral,0.9994763731956482,logit_class_2,bert_finetune
2487015,"Sí. La natación es uno de mis deportes más favoritos, en interiores o al aire libre.",1,2,neutral,0.7607969045639038,logit_class_2,bert_finetune
2487272,"Por supuesto, toma asiento.",1,2,neutral,0.9668116569519043,logit_class_2,bert_finetune
2488086,"En fait, ça m'a fait me sentir pire. Les enfants sont toujours là-bas, la mort aurait été garantie s'ils en avaient.",0,2,neutral,0.5406942963600159,logit_class_2,bert_finetune
2489004,"Parece que le trajiste una buena variedad para que lo intentara, ¡espero que lo disfrutara!",2,1,positive,0.7648165822029114,logit_class_1,bert_finetune
2489045,Ive diventare immune ad alcuni di questi rapporti un titolo particolare mi ha fatto sentire frustrato e rattristato tutti allo stesso tempo un href http www,2,0,negative,0.9998288154602051,logit_class_0,bert_finetune
2489165,J'ai l'impression d'avoir besoin de renouveler qui je suis et d'apprécier vraiment cette fois d'être seul,0,1,positive,0.6474199891090393,logit_class_1,bert_finetune
2489404,"Oh, è bello e freddo, decisamente buon succo d'arancia.",1,2,neutral,0.5284146666526794,logit_class_2,bert_finetune
2489778,Muy bien. Me gustaría hacer eso.,1,2,neutral,0.7980437278747559,logit_class_2,bert_finetune
2489976,Si sale que [NAME] o [NAME] eran predetores sexuales voy a estar bastante malditamente molesto.,2,0,negative,0.5196413397789001,logit_class_0,bert_finetune
2490352,Siento un montón de cosas nerviosas nerviosas ansiosas pero sobre todo alivio que esta semana finalmente ha llegado después de meses de retraso sólo quiero llegar a trabajar,1,0,negative,0.877463698387146,logit_class_0,bert_finetune
2490862,"gehalten unter Wasser von einer großen Welle und dachte, ich würde ertrinken",0,1,positive,0.8064484000205994,logit_class_1,bert_finetune
2491178,"Je connais mes limites, mais je ne me sens pas en sécurité.",1,0,negative,0.7550721168518066,logit_class_0,bert_finetune
2491592,"Ich kann nicht anfangen, Ihnen zu sagen, wie viel besser ich fühle mehr Energie weniger lethargisch weniger Belastung auf meiner Brust beim Training weniger außer Atem von nur die Treppe hinauf",1,0,negative,0.9284661412239075,logit_class_0,bert_finetune
2491651,"A dire il vero, non ho mai pensato di fare il nuotatore. Nuoto solo per divertimento.",1,2,neutral,0.8441792130470276,logit_class_2,bert_finetune
2491973,"Ce ""travail dur"" impliquait généralement le junker en pressant Q donc je ne suis pas sur le point de verser des larmes",0,2,neutral,0.9607111811637878,logit_class_2,bert_finetune
2492314,Lmfao lonzo? Der Typ ist kein NBA-Talent. Die Welt wird diesen Arsch versohlen,0,2,neutral,0.9655500650405884,logit_class_2,bert_finetune
2492454,Non ancora nel Regno Unito,2,0,negative,0.5177825689315796,logit_class_0,bert_finetune
2493732,C'est la blague la plus badasse que j'ai entendue,1,2,neutral,0.6273826360702515,logit_class_2,bert_finetune
2493864,une rencontre et une conversation avec une femme un peu plus âgée que moi qui me considère comme son enfant elle a aussi un enfant de son propre ces deux dernières années j'ai vécu avec elle aucune relation,1,0,negative,0.6071343421936035,logit_class_0,bert_finetune
2493897,Ahh! Ora si' che si ragiona. Atmosfera!,1,2,neutral,0.8924593925476074,logit_class_2,bert_finetune
2494359,OMG the ones they sometimes sell that are just one giant piece. LOVE,2,1,positive,0.8259443640708923,logit_class_1,bert_finetune
2495224,"Abbiamo Ve ottenuto una vasta selezione sai se si è d come un punto-e-shoot, o qualcosa di un po 'di fancier? Stai facendo shopping per te stesso o per qualcun altro?",2,1,positive,0.5473028421401978,logit_class_1,bert_finetune
2495933,Cosa stai aspettando? Rip em open!,1,2,neutral,0.6717088222503662,logit_class_2,bert_finetune
2496684,Thank you for repairing it .,1,2,neutral,0.9041513800621033,logit_class_2,bert_finetune
2497337,E' piu' gentile che saggio.,2,1,positive,0.5367940664291382,logit_class_1,bert_finetune
2498661,la mia amica è venuta a trovarmi dopo che era rimasta all'estero ho aspettato alla stazione,1,0,negative,0.7314765453338623,logit_class_0,bert_finetune
2499997,J'ai peut-être moins de poids que je ne l'ai été ces derniers mois.,0,2,neutral,0.7088586688041687,logit_class_2,bert_finetune
2500286,Je me sens comme un putain d'ange gardien qui le regarde et tout ce que je peux penser c'est que le gars a un point,0,1,positive,0.6662765145301819,logit_class_1,bert_finetune
2500530,"Ich habe nicht viel für dich, aber ich fühle mich ein wenig Blog Schuld für die Vernachlässigung Sie lieben Leute für zwei ganze Wochen",1,0,negative,0.5768322348594666,logit_class_0,bert_finetune
2500773,"I never disappoint, just ask your mother. ;)",2,1,positive,0.5968297719955444,logit_class_1,bert_finetune
2502145,"Je suis ici, c'est dur mais je suis ici.",0,2,neutral,0.5069854855537415,logit_class_2,bert_finetune
2502340,Me siento muy sarcástica hoy,0,1,positive,0.8870815634727478,logit_class_1,bert_finetune
2503230,Cuando tuve una crisis psíquica,1,0,negative,0.8699442744255066,logit_class_0,bert_finetune
2503248,Je buvais du café dans un café et j'ai trouvé un morceau de gommage dans ma tasse.,0,2,neutral,0.440572589635849,logit_class_2,bert_finetune
2504983,Don't be so modest . I'm sure you can do it very well . Then I'll meet you at six . Is that at all right ?,1,2,neutral,0.7508302330970764,logit_class_2,bert_finetune
2505982,"Je suis sûr qu'ils sont merveilleux, mais j'ai besoin d'un appartement non meublé avec un coût relativement inférieur.",2,1,positive,0.9093804359436035,logit_class_1,bert_finetune
2507566,Ok. Prendiamo qualcosa da bere.,1,2,neutral,0.7378798723220825,logit_class_2,bert_finetune
2507826,"Si', e' il club degli avversari che dovrebbe avere paura di noi! Siamo Reali Madrid!",0,2,neutral,0.5667702555656433,logit_class_2,bert_finetune
2508094,Je ressens le besoin de suivre et d'essayer de résoudre une question qui m'a été trompée.,0,1,positive,0.9181950688362122,logit_class_1,bert_finetune
2508101,Tenemos cuatro juegos más. Espero que podamos ganar todos ellos.,2,1,positive,0.5240550637245178,logit_class_1,bert_finetune
2508260,i madera me gusta dar las gracias a msn inventores e inventores de teléfonos móviles coz sin móvil o msn i madera han sido un solitario bien no realli newais bien voy a empezar a describir cómo me siento iam tan impresionado sorprendido inspirado feliz img rc rte emoticons sonrisa dientes,1,2,neutral,0.9995031356811523,logit_class_2,bert_finetune
2510196,Me siento como desde que él viene a bordo en richard pequeños deportes de motor nuestra organización en su conjunto ha mejorado no sólo el pero me siento como el rendimiento s ha mejorado también,0,1,positive,0.9294427037239075,logit_class_1,bert_finetune
2510356,"Bitte sehr, Sir. Ich hoffe, du hast dein Abendessen genossen.",2,1,positive,0.6880162358283997,logit_class_1,bert_finetune
2511422,Sì!!!! Non capirò mai perché alcuni post rants che si lamentano che non possono fare $$ di altre persone duro lavoro.,2,0,negative,0.5327213406562805,logit_class_0,bert_finetune
2511480,"ich war wirklich aufgeregt ich weinte ziemlich hart nicht über den Tod eines Charakters zu lügen ich war irgendwie das Gefühl, als ob ich nicht wusste, dass gut mehr, aber ich war nicht wütend darüber",1,0,negative,0.7350866794586182,logit_class_0,bert_finetune
2511593,"Ce sont des commentaires libéraux, espèce d'idiot. Les libéraux sont capitalistes.",0,2,neutral,0.9159532189369202,logit_class_2,bert_finetune
2512680,Je devrais aussi rapporter que j'ai fait cela afin que je puisse me sentir imméritée quand tout a recommencé par la nouvelle année de dégonflement menstruel et nausée trois jours de régime de famine,1,0,negative,0.9989914298057556,logit_class_0,bert_finetune
2513122,"Dime, Anna, ¿qué vas a hacer esta noche? ¿Te gustaría salir?",1,2,neutral,0.9388718605041504,logit_class_2,bert_finetune
2513292,"Sì, ci saremo, come l'inferno o l'acqua alta!",2,0,negative,0.4925871193408966,logit_class_0,bert_finetune
2513513,"But why were you getting off work so late ? The office close at six , doesn't it ?",0,2,neutral,0.9562694430351257,logit_class_2,bert_finetune
2513758,"Supongo que no pude poner el sarcasmo lo suficientemente grueso, debería haber ido con el contrato completo de mil millones de dólares... ¡Oh, bueno, vive y aprende! lol",1,2,neutral,0.5964436531066895,logit_class_2,bert_finetune
2513849,"Mi sento in pessima forma, dottor Ford.",2,0,negative,0.515982449054718,logit_class_0,bert_finetune
2515005,"Je sais ce que vous ressentez :( J'espère que vous commencerez à avoir plus de bons jours bientôt. <3 (à l'exclusion des véhicules à moteur à allumage par compression et des véhicules à moteur à allumage par compression, des véhicules à moteur à allumage par compression et des véhicules à moteur à allumage par compression, des véhicules à moteur à allumage par compression, des véhicules à moteur à allumage par compression, des véhicules à moteur à allumage par compression et des véhicules à moteur à allumage par compression, des véhicules à moteur à allumage par compression, des véhicules à moteur à allumage par compression, des véhicules à moteur à allumage par compression et des véhicules à allumage par compression, des véhicules à moteur à allumage par compression, des véhicules à moteur à allumage par compression, des véhicules à moteur à allumage par compression et des véhicules à allumage par compression, des véhicules à moteur à allumage par compression, des véhicules à moteur à allumage par compression, des véhicules à moteur à allumage par compression, des véhicules à moteur à allumage par compression, des véhicules à moteur à allumage par compression, des véhicules à allumage par compression, des véhicules à allumage par compression, des véhicules à allumage par compression, des véhicules à allumage par compression, des véhicules à allumage par compression, des véhicules à allumage par compression, des véhicules à allumage par compression, des véhicules à moteur à allumage par compression, des motocycles",2,1,positive,0.7930070757865906,logit_class_1,bert_finetune
2515279,Sento che dovrò solo farlo e non preoccuparmi con i naysayers se avete paura di prendere il rischio per qualcosa che si vuole fare non significa che ho paura di prendere il rischio per qualcosa che voglio fare,0,1,positive,0.6159487366676331,logit_class_1,bert_finetune
2515384,"Je vais voler ça et faire semblant de l'avoir trouvé, alors je l'ai rejeté pour que personne ne le sache.",2,0,negative,0.9980469942092896,logit_class_0,bert_finetune
2516039,i et beaucoup plus belle dans chaque fonction mais je ne peux pas aider à sentir que mon nouvel être m'a donné la même si pas plus attractivité qu'elle possède,1,0,negative,0.5482001304626465,logit_class_0,bert_finetune
2516809,"Okay, du nennst den Tag.",1,2,neutral,0.9260551929473877,logit_class_2,bert_finetune
2517290,Je me sens un peu débordée ces jours-ci.,0,2,neutral,0.5353196263313293,logit_class_2,bert_finetune
2517720,"Ich fühle, ich belästige April, indem ich eine fröhliche alte E-Mail mit wesentlichen Informationen über sie und es ist nicht immer durch jeden anderen ist, wenn wir dumm und Larking über sie durch, aber nicht, dass ein Jesus h Christ auf einem Fahrrad, was maniacal Situation geht hier",1,0,negative,0.7514163255691528,logit_class_0,bert_finetune
2517847,"Yo también, pero creo que no deberíamos beber demasiado, ya que no es muy saludable.",1,2,neutral,0.7160828709602356,logit_class_2,bert_finetune
2519426,"Tu veux te battre, et je ne suis pas prêt pour une fois. Bonne journée!",2,1,positive,0.7776654958724976,logit_class_1,bert_finetune
2519495,On peut dîner ensemble ce week-end?,1,2,neutral,0.8365322947502136,logit_class_2,bert_finetune
2519560,Eso suena perfecto y justo lo que estoy buscando.,2,1,positive,0.7692312002182007,logit_class_1,bert_finetune
2521300,Leider ist diese Theorie im lds inc Bereich des Denkens plausibel.,0,2,neutral,0.9629749059677124,logit_class_2,bert_finetune
2522522,"Ich muss zugeben, dass ich mich ein wenig eingeschüchtert fühle mit all den Noysayern, die die Idee, sich mit einem href http www",1,0,negative,0.9217513203620911,logit_class_0,bert_finetune
2522610,"Sei stark. Ich habe mich in meiner Lebenssituation genauso gefühlt. Ich hoffe, die Dinge gehen Ihren Weg, halten Sie uns auf dem Laufenden!",2,1,positive,0.6942996382713318,logit_class_1,bert_finetune
2523008,He confundido esto con no sentirme amado por los demás pero a medida que me hago mayor sé que mi desafío más profundo es cuando no estoy amando lo suficiente a la gente en mi vida que se lo merece,1,0,negative,0.9867780208587646,logit_class_0,bert_finetune
2523238,Riuscivo a sentire le mie palle affaticarsi per liberarsi mentre bobbava la testa su e giù,0,1,positive,0.968696653842926,logit_class_1,bert_finetune
2524396,"Jim, wie war dein Wochenende?",1,2,neutral,0.8776091933250427,logit_class_2,bert_finetune
2525165,"J'ai peut-être eu un peu trop que je n'aurais dû, mais j'ai pensé que nous pourrions sortir les foulards.",1,2,neutral,0.7246866226196289,logit_class_2,bert_finetune
2526185,E buona giornata con la torta.,2,1,positive,0.7610727548599243,logit_class_1,bert_finetune
2527659,"Penso che se avessi scambiato le loro situazioni, Rommel avrebbe avuto piu' successo di Patton.",1,2,neutral,0.9318878054618835,logit_class_2,bert_finetune
2528119,¡Lol no se meta con [NAME]!,0,2,neutral,0.702447772026062,logit_class_2,bert_finetune
2528327,C'est comme si tout était si faux. Si je ne me soucie pas de moi-même pourquoi quelqu'un d'autre le ferait.,0,2,neutral,0.9320163726806641,logit_class_2,bert_finetune
2528849,"Yes , I'm very fond of seafood .",2,1,positive,0.5806101560592651,logit_class_1,bert_finetune
2528940,"Wow, e' davvero vecchio.",1,2,neutral,0.8390491604804993,logit_class_2,bert_finetune
2529040,Du verdammter Komiker!,0,2,neutral,0.6371233463287354,logit_class_2,bert_finetune
2529227,"Ces gamins qui se mêlent d'eux vont attraper les ""fantômes effrayants""",2,0,negative,0.5072876214981079,logit_class_0,bert_finetune
2529553,I don't know . I'm too excited to say a word .,1,2,neutral,0.9149613380432129,logit_class_2,bert_finetune
2529942,"Was sind die Pop-Gruppen, die Sie mögen?",1,2,neutral,0.9923740029335022,logit_class_2,bert_finetune
2530448,"No, grazie. Oh, si', potrei avere un po' di succo per il mini bar?",1,2,neutral,0.6568208932876587,logit_class_2,bert_finetune
2531495,Mi stanco infinitamente di sentirmi solo come un ripensamento in alcune persone vita o solo abbastanza buono per alcune persone quando hanno bisogno di me,1,0,negative,0.9821825623512268,logit_class_0,bert_finetune
2531775,Preferiresti che il cibo finisse nel cestino o che venisse mangiato dagli uccelli?,0,2,neutral,0.9817146062850952,logit_class_2,bert_finetune
2532043,"It's just a system like ours , with a star and a number of planets going around it .",1,2,neutral,0.9941492080688477,logit_class_2,bert_finetune
2532394,Alors tu n'as aucune idée de ce que signifie l'égalité.,0,2,neutral,0.9635923504829407,logit_class_2,bert_finetune
2533167,Creo que a menos que encuentre una respuesta una cura un tratamiento para detener esta tendencia antes de que los nervios están demasiado dañados entonces tengo sólo un href http www,0,1,positive,0.7883830070495605,logit_class_1,bert_finetune
2533978,Likewise . See you later .,2,1,positive,0.5128105878829956,logit_class_1,bert_finetune
2533988,"ich fühle mich einfach nicht begeistert, wie ich in der Vergangenheit gewesen bin",2,1,positive,0.9426781535148621,logit_class_1,bert_finetune
2534125,I kept them and wish I hadn't. A pain to get rid of the further removed you are.,0,2,neutral,0.579879879951477,logit_class_2,bert_finetune
2534755,"Je peux t'aider avec ça. Des vacances, vous dites? Vous avez de la chance! Où allez-vous voyager?",1,2,neutral,0.619709849357605,logit_class_2,bert_finetune
2535659,Yes . And what dances do you like best ?,1,2,neutral,0.6306097507476807,logit_class_2,bert_finetune
2535744,Je sais qu'il s'agit d'une question de conscience de soi de l'insécurité personnelle et de l'incapacité de réussir.,1,0,negative,0.7509822845458984,logit_class_0,bert_finetune
2535953,"E' un po' piccolo, ma sembra bello.",2,1,positive,0.6117632389068604,logit_class_1,bert_finetune
2536048,Ich fühle mich weniger dann lustig diese Yuletid-Saison,1,2,neutral,0.821854829788208,logit_class_2,bert_finetune
2536394,"Genau. Letztes Jahr sagten wir, dass wir im nächsten Jahr [NAME] oder [NAME] bekommen werden. Oder beides, was für ein Witz.",2,1,positive,0.5394595265388489,logit_class_1,bert_finetune
2536627,No sé lo que es una orden judicial.,0,2,neutral,0.9606369137763977,logit_class_2,bert_finetune
2536666,"por desgracia, no me ayuda. Creo que si algo cuando estoy en BC es cuando experimento estos síntomas",2,0,negative,0.7977749109268188,logit_class_0,bert_finetune
2536680,Lo escondí dentro sólo para que id se sienta a salvo no voy a tener miedo porque usted es el único que ha esperado,0,1,positive,0.8796243667602539,logit_class_1,bert_finetune
2536814,"Mein Vater wollte, dass ich Arzt werde, aber ich wusste, es wäre unmöglich für mich, in diesem Bereich erfolgreich zu sein.",2,1,positive,0.3949655294418335,logit_class_1,bert_finetune
2537757,Je sens un sentiment de culpabilité si accablant ici.,1,0,negative,0.9932966828346252,logit_class_0,bert_finetune
2537897,"Einmischung meiner Mutter über die Art und Weise, wie ich lebe, sie denkt, dass ich in meinem Verhalten frei bin, zum Beispiel, wenn ein Freund die Nacht bleibt",0,1,positive,0.6933138370513916,logit_class_1,bert_finetune
2539437,Alright . See ya !,2,1,positive,0.6494461894035339,logit_class_1,bert_finetune
2539610,que ’ es una buena idea. Normalmente me siento en casa solo y me pongo cada vez más malhumorado.,2,0,negative,0.7048149108886719,logit_class_0,bert_finetune
2540422,"Das ist ziemlich gut. Übrigens, was machst du nächsten Samstag?",1,2,neutral,0.8687358498573303,logit_class_2,bert_finetune
2543383,"Wenn Sie andere Links praktisch haben, würde ich sie gerne sehen.",1,2,neutral,0.9145827889442444,logit_class_2,bert_finetune
2543623,Lo triste que te sientes por esto me entristece más que la historia real. Suenas como una persona muy amable.,0,1,positive,0.857269287109375,logit_class_1,bert_finetune
2544145,So che mi sono lamentato un sacco di sm su quanto peso ho guadagnato quanto mi sento come merda e come mi invidio del suo corpo perché è così incredibilmente in forma mi stupisce,0,2,neutral,0.9576952457427979,logit_class_2,bert_finetune
2544611,"Ich weiß, du kannst spüren, wie mein Herz es stark genug schlägt, um eine bessere Skala zu lesen.",1,0,negative,0.6746762990951538,logit_class_0,bert_finetune
2546575,Puedo verlos armando este grupo. Necesitamos otra chica picante con una sensación de pseudo hip hop rnb. Sé que escogemos a un grupo de músicos fracasados con poco talento.,1,0,negative,0.9929559230804443,logit_class_0,bert_finetune
2546929,ive a toujours été bon au sujet de mes choix alimentaires et maintenu sur un système de planification de repas assez concentré ne jamais se sentir privé de nourriture délicieuse esprit vous et certainement pas mourir de faim moi-même,0,1,positive,0.9265043139457703,logit_class_1,bert_finetune
2547648,i realy wanted to go out cause its so nice but everybodys busy,0,1,positive,0.9455996155738831,logit_class_1,bert_finetune
2547908,"yeah real hard, but I know you`ll get by with it... smile",2,1,positive,0.5967752933502197,logit_class_1,bert_finetune
2547972,I don`t want to sit at home on prom night. Someone hang out with me,0,2,neutral,0.9029825925827026,logit_class_2,bert_finetune
2548017,"According to , a quarter of families under six live in poverty.",0,2,neutral,0.9991868138313293,logit_class_2,bert_finetune
2548061,Seems really quiet tonight...am jealous of those who are clearly having a more exciting life than me   Off to bed I think...,2,0,negative,0.49118271470069885,logit_class_0,bert_finetune
2548200,"_Kill_Boy oh sorry! not getting all my replies  nothing against you. and yes, i do know nirvana",0,2,neutral,0.9353989362716675,logit_class_2,bert_finetune
2548203,_ nooo  no roo crying. but omg i wanted to slap her. she was singing fine then from out of nowhere- BOOHOOOOOOOOOOO,0,2,neutral,0.8649777770042419,logit_class_2,bert_finetune
2548283,Shower. Class. More class. Taking care of my lady-friend. Writing like there`s no tomorrow.,1,2,neutral,0.9980620741844177,logit_class_2,bert_finetune
2548312,That`s it? It`s done already? This is one proof that there`s nothing fair in this world.   http://bit.ly/10UEMq,0,2,neutral,0.8082897663116455,logit_class_2,bert_finetune
2548492,"if so, the TMobile G1 is the Hummer H1. I wish I had the battery life of an iPhone!",1,2,neutral,0.9809499382972717,logit_class_2,bert_finetune
2548501,my sleep pattern is screwed i need to try and stay up 2 midnight so i can get some decent sleep coz i havent slept,1,0,negative,0.950108528137207,logit_class_0,bert_finetune
2548524,I think we have it pretty much figured out.  added a box in the Helsinki group where you can see the tweets,1,2,neutral,0.6526123881340027,logit_class_2,bert_finetune
2548601,"but it was kinda funny, sorry. ur still my favorite tho",2,1,positive,0.5186657905578613,logit_class_1,bert_finetune
2548774,noone wants to talk to me  lol,0,2,neutral,0.9780691862106323,logit_class_2,bert_finetune
2548821,I`m SO thinking about skippin out to NY in the morning. . . but all of my plans were for tonight  well . . . most of them anyway.,1,2,neutral,0.8155004382133484,logit_class_2,bert_finetune
2548844,"diapers??  Feeding?  Cooking?  I don`t do any of that stuff!!!  Hahaha... yeah, right!  Sounds like a normal day for me.",2,1,positive,0.9888415932655334,logit_class_1,bert_finetune
2548947,@_Glitter_  kk but 4 sum reason its not lettin me vote 4 them,0,2,neutral,0.9987769722938538,logit_class_2,bert_finetune
2548993,I am probably spamming my follower`s account.,0,2,neutral,0.9134044647216797,logit_class_2,bert_finetune
2549056,this week has dragged a bit for me too  have an essay to write about the seaside then Im seeing eddie izzard tonight x,0,1,positive,0.4733254015445709,logit_class_1,bert_finetune
2549221,My attempts at writing tonight seem to be failing.,0,2,neutral,0.8521742224693298,logit_class_2,bert_finetune
2549278,Somebody please save the polar bears!,1,2,neutral,0.9723207950592041,logit_class_2,bert_finetune
2549406,idk why im so hyper im jumping everyhere. ugh lets let it be friday sweeney todd then cinco de mayo il those parties,0,2,neutral,0.7797306776046753,logit_class_2,bert_finetune
2549481,"Wishing it was a sunny day, then I might just be bothered to get outta bed! ..up the blues",0,2,neutral,0.4864652156829834,logit_class_2,bert_finetune
2549675,"'suprised' mom with a cake and a present, because it`s mother`s day!  dad had bought flowers. : >",1,2,neutral,0.562960684299469,logit_class_2,bert_finetune
2549774,"Its so sunny outside, and I have no one to go out and play with",2,0,negative,0.9392548203468323,logit_class_0,bert_finetune
2550128,will maybe have my cell phone soon ! Yeah !,1,2,neutral,0.8057572245597839,logit_class_2,bert_finetune
2550648,jolly good last night,2,1,positive,0.9700009226799011,logit_class_1,bert_finetune
2550787,I feel better today.,1,2,neutral,0.8648250102996826,logit_class_2,bert_finetune
2551005,that`s dope!  stay out of trouble,2,1,positive,0.7161487340927124,logit_class_1,bert_finetune
2551101,yaaay for u cleaning ur room. I said hi to u the other day & u didnt write me back,0,1,positive,0.7153404355049133,logit_class_1,bert_finetune
2551148,"I meant you are not lazy, your work proves it",1,2,neutral,0.9938859343528748,logit_class_2,bert_finetune
2551227,_asher better.  That wasn`t one of my better summaries,1,2,neutral,0.9535611271858215,logit_class_2,bert_finetune
2551298,It`s a really warm day in Seattle! My reeses chocolate is melting!!!,1,2,neutral,0.9393557906150818,logit_class_2,bert_finetune
2551326,"i`d prefer 'observationally insightful', but call it as you see it.  my ice cream`s just too fancy tonight.",1,2,neutral,0.8117275238037109,logit_class_2,bert_finetune
2551347,Last Late Late with Pat Kenny! Bless,2,1,positive,0.9736377596855164,logit_class_1,bert_finetune
2551407,it`s Blockbuster week in New Zealand - 'Wolverine' tomorrow followed by 'Star Trek' on Thursday!,1,2,neutral,0.9950782060623169,logit_class_2,bert_finetune
2551532,"Thank a Chu?t ï¿½  Ch?c v?y quï¿½, hik, ch?c em ph?i ?i h?c 1 khï¿½a ph? c?p ki?n th?c c? khï¿½ g?p =.=",1,2,neutral,0.5072588324546814,logit_class_2,bert_finetune
2551551,Hoping that this will just heal on it`s own because anything I put on it just makes it worse. Owww,2,1,positive,0.5072470903396606,logit_class_1,bert_finetune
2551560,Why did sound input for my computer stop working?  It`s not the mic or jack (USB webcam mic doesn`t work either) Checked input controls.,0,2,neutral,0.695318877696991,logit_class_2,bert_finetune
2551689,feels strong contractions but wants to go out.  http://plurk.com/p/wxidk,2,1,positive,0.6183754205703735,logit_class_1,bert_finetune
2551838,"if i can buy sleep for you, i will... that`s what you need!",1,2,neutral,0.9867871999740601,logit_class_2,bert_finetune
2551871,me too.  it depresses me thinking about it.,1,2,neutral,0.6737064123153687,logit_class_2,bert_finetune
2551963,"I would do a #FollowFriday, but everyone on my list is already on everyone elses list so what`s the point?  I`m just not popular enough.",2,0,negative,0.9754881858825684,logit_class_0,bert_finetune
2552058,he already got a shot at having his own show and didn`t prove himself,2,0,negative,0.6786657571792603,logit_class_0,bert_finetune
2552123,de wereld need more ppl like you! ;),1,2,neutral,0.9044849872589111,logit_class_2,bert_finetune
2552227,"Everyone going to the hometown show is excited they get to go on Thames Street. I`M GONNA SEE THE ORIGINAL THAMES RIVER, ****. ohhhh.",0,2,neutral,0.7676271796226501,logit_class_2,bert_finetune
2552373,"...and Sykes will lose a few gigs while gaining some better ones. Frankly, the best thing the rightards can do is scream about this.",1,2,neutral,0.9536044001579285,logit_class_2,bert_finetune
2552481,ugh i wish this school year would go faster so i can move on in life,2,1,positive,0.7487783432006836,logit_class_1,bert_finetune
2552491,trying to fix some weird query,0,2,neutral,0.9970697164535522,logit_class_2,bert_finetune
2552807,at the taste a addison w/ her fav. ppl,2,1,positive,0.9996393918991089,logit_class_1,bert_finetune
2552821,All is well..That ends well! < unless of course well times the power of three = the sum of ends if X being All,1,2,neutral,0.7776557207107544,logit_class_2,bert_finetune
2552827,"a midwest girl, lol....so close and yet so far",1,2,neutral,0.9910624027252197,logit_class_2,bert_finetune
2552919,"Thx! Old computer here, too slow for both Kubuntu and Blender really.",0,1,positive,0.8063784241676331,logit_class_1,bert_finetune
2552928,figuring out wats wrong with her she can drink but cant eat  ...,0,2,neutral,0.9721869230270386,logit_class_2,bert_finetune
2553034,office hours/trying to make my computer feel better.,1,2,neutral,0.8644696474075317,logit_class_2,bert_finetune
2553132,"wanna b marie antoinette, cos she had perfect hairdo, fab clothes, n tons of macarons.  Crappy day",0,2,neutral,0.8161056637763977,logit_class_2,bert_finetune
2553179,Just got back from lunch and feeling more like a nap is in order than work  But I will press on!,2,1,positive,0.5301611423492432,logit_class_1,bert_finetune
2553194,The bus is rolling along faster than expected. I might make it home by 6:15. Maybe.,1,2,neutral,0.9944445490837097,logit_class_2,bert_finetune
2553344,so how is the most wonderful mommy in the world doing?,1,2,neutral,0.949834942817688,logit_class_2,bert_finetune
2553371,_dang my phone is still broken.  just come over whenever.,0,2,neutral,0.4987492263317108,logit_class_2,bert_finetune
2553451,Chica! Two more days!  I want the US Elle too.,2,1,positive,0.8916152715682983,logit_class_1,bert_finetune
2553468,'now or never' makes me cry everytime  lol.,2,0,negative,0.7912024855613708,logit_class_0,bert_finetune
2553484,i learnt something new today,2,1,positive,0.549828290939331,logit_class_1,bert_finetune
2553671,OMG...the heater in my room has been on all day while i was at school & now it`s boiling,0,2,neutral,0.991554319858551,logit_class_2,bert_finetune
2553694,"I don`t mind whistlers if they are actually whistling a tune, but those who just whistle nothing drive me crazy!",1,2,neutral,0.661386251449585,logit_class_2,bert_finetune
2553698,Playing Monopoly Jr. with the lil one.. Cheating isn`t as much fun when the other person has absolutely no idea,2,0,negative,0.8752040863037109,logit_class_0,bert_finetune
2553717,"Lmao, when I was camping, the water in the shower was well water and just smelt nasty",0,2,neutral,0.9632747769355774,logit_class_2,bert_finetune
2553750,your right. im so jealous i wish i had gangsterrrr pants like your grandma,0,2,neutral,0.8732792735099792,logit_class_2,bert_finetune
2553757,"It was crazy all day today and I have a feeling it`s going to be that way tomorrow, too.  Enjoy your couple of days off though",2,1,positive,0.9943004846572876,logit_class_1,bert_finetune
2553816,"I got my copy yesterday, too, although right now I`m digging into Scala, so can`t read it just yet...",0,2,neutral,0.9981058835983276,logit_class_2,bert_finetune
2553885,yummmm make sure u leave some 4 me im home cleaning up working mad hard,0,2,neutral,0.9233085513114929,logit_class_2,bert_finetune
2553949,"can`t wait to get his hands on his new blackberry, this one is dying on me",0,2,neutral,0.8229011297225952,logit_class_2,bert_finetune
2554152,Missing my morning work out cause my bench press is back in Jakarta  goodluck diga! Test will be easy peasy! Hehehe,1,2,neutral,0.9645949006080627,logit_class_2,bert_finetune
2554293,cynthia and jenny are spamming my twitter! haha,2,0,negative,0.8646957278251648,logit_class_0,bert_finetune
2554453,wished didnt spend money last night,0,2,neutral,0.9487907290458679,logit_class_2,bert_finetune
2554797,Standing ovation for Wieters. Nobody was sitting down. Insane. Hit into double play though,1,2,neutral,0.9323400855064392,logit_class_2,bert_finetune
2554822,At work... supposed to be a day off but too much work to get done for PLM World... sigh,0,2,neutral,0.9825907349586487,logit_class_2,bert_finetune
2554857,New blog post: [Blog] auto insuran...: I just found that my auto insurance policy had been expired. ( I am too careless  ...) .. Meanw ...,0,2,neutral,0.9354528784751892,logit_class_2,bert_finetune
2554952,"Hey sorry this is late, I leave in 30 min  raincheck...tomorrow?",0,2,neutral,0.5344958305358887,logit_class_2,bert_finetune
2554981,watching The Uninvited in my room. Can`t wait to go home. But I have to go to the Deid first.,2,1,positive,0.5102774500846863,logit_class_1,bert_finetune
2555051,This headache is killing me yet I need to cover some boring police event.,0,2,neutral,0.8322285413742065,logit_class_2,bert_finetune
2555176,"'NAPPY`S' da new 'N' word....by da way, iLove my 'NAPPY' braids  iGot 'HANG-TIME' homie lol",1,2,neutral,0.9233289361000061,logit_class_2,bert_finetune
2555248,im fine. but a bit tired  im glad that its weekend now.,1,2,neutral,0.8768009543418884,logit_class_2,bert_finetune
2555338,wow i must have been tired. i fell asleep @ exactly the start of the 10pm news & now up as if its 8am.,0,2,neutral,0.9647804498672485,logit_class_2,bert_finetune
2555440,_cupcakes  sometimes plugging it into 240 can fix problems..,1,2,neutral,0.9878771305084229,logit_class_2,bert_finetune
2555530,"_kat I`ve begged my mum to lt me get them out the attic.. but she wont let me  Waaa... and yes, was spoilt! hehe!",0,2,neutral,0.7650610208511353,logit_class_2,bert_finetune
2555544,I would Join you shopping but i have work all weekend  six degrees of seperation is confsuing,0,2,neutral,0.9807470440864563,logit_class_2,bert_finetune
2555562,**** was about to call,2,0,negative,0.8981953859329224,logit_class_0,bert_finetune
2555592,iTunes upgrade reset playcount to zero  How will I know which one of 143 Hasta Siempre versions I liked best?,1,2,neutral,0.6495772004127502,logit_class_2,bert_finetune
2555815,Looking at old pictures... I love it & miss the good ol days,1,2,neutral,0.9396796822547913,logit_class_2,bert_finetune
2556338,Nailing some webconcepting *in the zone*. I should be awarded..,1,2,neutral,0.919245183467865,logit_class_2,bert_finetune
2556360,"i beat aye to the music hall.  babyy, im like the cinnamon that beat the apple to the apple jacks.",2,1,positive,0.6127500534057617,logit_class_1,bert_finetune
2556404,"Hi man, yeah I so wanna go, but I`m on Maui  #liloven",0,2,neutral,0.925849974155426,logit_class_2,bert_finetune
2556451,"() UGH, i love tila. haters need to shut up",2,1,positive,0.8077925443649292,logit_class_1,bert_finetune
2556659,At my cousins wake,2,0,negative,0.9988501071929932,logit_class_0,bert_finetune
2556660,"Wow, NOT free WiFi && you have to pay for parking!? Reduculous!!!",0,2,neutral,0.6858349442481995,logit_class_2,bert_finetune
2556848,but omg mummy bought me ice-cream!,1,2,neutral,0.9480769038200378,logit_class_2,bert_finetune
2557073,"ashley tisdale , i mean . cuz shes in berlin on 6th june and i`m not gonna be there . i wanna start cryin right now :/ ashley pick me up",0,2,neutral,0.9688476920127869,logit_class_2,bert_finetune
2557120,"I hate taking antibiotics, but i think i need to get me some. boooooo.",0,2,neutral,0.7732080221176147,logit_class_2,bert_finetune
2557130,OMG its working,1,2,neutral,0.9707918763160706,logit_class_2,bert_finetune
2557227,left my phone at home and wont get it back till 4am. dont call me!!,0,2,neutral,0.5795761346817017,logit_class_2,bert_finetune
2557266,no way - those are great words.  Boys don`t get to own them.    Oh and was it your bday?,2,1,positive,0.6253688931465149,logit_class_1,bert_finetune
2557352,Swolen as shitt  boo hoo,0,2,neutral,0.9307851195335388,logit_class_2,bert_finetune
2557364,needs to mug for Chinese A`s but doesn`t feel like it.,0,2,neutral,0.9309413433074951,logit_class_2,bert_finetune
2557479,"Sighs, well I accidentally clicked back space on my mouse",0,2,neutral,0.6685556173324585,logit_class_2,bert_finetune
2557483,we found a ride,2,1,positive,0.9874488711357117,logit_class_1,bert_finetune
2557558,I know I enjoy watching you two on twitter. About as entertaining as the comic.  That I miss,1,2,neutral,0.9075053334236145,logit_class_2,bert_finetune
2557582,Ohhhh! Ok! thought that I was going nuts!! Maybe they will pass through here on the way back!,1,2,neutral,0.6483858227729797,logit_class_2,bert_finetune
2557695,"LOL! based on my last post then, I`ll plan on using you as a reference",2,1,positive,0.8860181570053101,logit_class_1,bert_finetune
2557905,Brand new is playing at the epicenter in July when I`m in NY. Jesse lacey why do you hate me?,0,2,neutral,0.6514198780059814,logit_class_2,bert_finetune
2557942,"Haha, she`s up here to stay, it`s nearly 2 hours on the coach for her to get here, may not be convenient for an hour of TV!",0,2,neutral,0.9890679717063904,logit_class_2,bert_finetune
2558150,nice have fun....Although you cant not have fun lol,2,1,positive,0.8418852090835571,logit_class_1,bert_finetune
2558189,jake thomas looks so precious :`( i hate when they say 'there it is i see the white light' in every ghost whisperer show,2,1,positive,0.9144831895828247,logit_class_1,bert_finetune
2558236,Dang I just realized how bad my eyes have gotten,0,2,neutral,0.6492765545845032,logit_class_2,bert_finetune
2558277,"success! another paper demolished! the rock god lives on! 2 more...well, 1.5 to go. Yes!!! out to celebrate awesomeness ...",1,2,neutral,0.618750810623169,logit_class_2,bert_finetune
2558318,If I 'unfollowed' you - its NOT on purpose. Something fishy is going on with my Tweet Deck !! Let me know if I 'unfollowed' you.,0,2,neutral,0.5621803402900696,logit_class_2,bert_finetune
2558355,"'Thick as pig **** - went to Oxford' - Helena`s (Cantab) friend`s description of me to her boyfriend, yesterday...",0,2,neutral,0.9920575022697449,logit_class_2,bert_finetune
2558363,Well that exam rocked...one more to go - the one we`ve all been dreading! Bit of revision tonight before work tomorrow,2,1,positive,0.9535374045372009,logit_class_1,bert_finetune
2558571,"I know. I want it to come bec I`m excited, but then I don`t bec it`s gonna go by so fast & then it will be over",1,2,neutral,0.5799189805984497,logit_class_2,bert_finetune
2558799,Hmm.  My VPN works fine.    (Oh.. wait.. I don`t need VPN anymore.) http://tinyurl.com/cao6tu,1,2,neutral,0.9864464998245239,logit_class_2,bert_finetune
2558923,SORRY! I couldn`t help it. `Twas to try and get if on the trending topics.,0,2,neutral,0.7388986945152283,logit_class_2,bert_finetune
2559120,hahaha.. sadly this one`s supposed to be done individually.. so no chance of social loafing lol,2,0,negative,0.7534573078155518,logit_class_0,bert_finetune
2559357,"There go my big plans... thanks, tonsils.",0,1,positive,0.8539284467697144,logit_class_1,bert_finetune
2559430,daaammmnnnnn I do wish I was there.,0,1,positive,0.7117853164672852,logit_class_1,bert_finetune
2559665,What you said is as good as day dreaming!  sorry to say that our country is in such a state....,0,2,neutral,0.4974462389945984,logit_class_2,bert_finetune
2559732,"Can`t seem to sleep tonight... Its 3:38am, I need to get up in less than 4 hours...",0,2,neutral,0.7874963283538818,logit_class_2,bert_finetune
2560115,"success! after much grumbling abt how we always waste money on useless gifts, mum sees the ipod nano and loves it",2,1,positive,0.9632031917572021,logit_class_1,bert_finetune
2560132,oh godddd I coughed up a little bit of taco,0,2,neutral,0.9893802404403687,logit_class_2,bert_finetune
2560178,I want another shake from Ritas.Badly.,0,2,neutral,0.9981482028961182,logit_class_2,bert_finetune
2560218,i have three hours to do my hair. and it STILL won`t be straight,0,2,neutral,0.9394888877868652,logit_class_2,bert_finetune
2560335,CEREAL DOESNT COME WITH TOYS ANYMORE!. i jus been thinkin i was buyin the wrong kinds  say it aint so Mo.,2,0,negative,0.8776807188987732,logit_class_0,bert_finetune
2560500,hehe true. i wonder what he will come up with,1,2,neutral,0.9665403962135315,logit_class_2,bert_finetune
2560593,Time to wind down and relax a little.  I can only change the world a little through Twitter each evening.  The rest will be up to others.,2,1,positive,0.5239772200584412,logit_class_1,bert_finetune
2560631,"YAHOO! volleyball, hiking, eating a fish eye, witnessing, sleeping on the beach, jumping rocks, & hanging where Jurassic Park was filmed!",1,2,neutral,0.9302127957344055,logit_class_2,bert_finetune
2560654,"yay! boxing!! although after the boxing, sparring & eating, have to spend the rest of the evening troubleshooting java code for hw.",2,1,positive,0.8444103598594666,logit_class_1,bert_finetune
2560729,"oh thas cool  you know, I only kinda knew bouts you cuz of Ericson haha when you guys were together x)",2,1,positive,0.7674760818481445,logit_class_1,bert_finetune
2561214,Did you know its Star Wars Day today... May the 4th be with you!,2,1,positive,0.9871391654014587,logit_class_1,bert_finetune
2561633,My Photoshop won`t let me save anything  Due to a disk error. The blend took me 1.5 hours!,0,2,neutral,0.8137537240982056,logit_class_2,bert_finetune
2561763,"Ya, it was pretty bad. Not sure when I will get to go visit. We have been super busy lately.",0,2,neutral,0.8885572552680969,logit_class_2,bert_finetune
2561793,wah....American Chocolate Cheese Cake for my chweet mummy ! muaxxx,1,2,neutral,0.7826870679855347,logit_class_2,bert_finetune
2561970,"a reply from  would  make my life, he replies usually to the people who call him ****, then he tells them he willblok them",0,2,neutral,0.9504038095474243,logit_class_2,bert_finetune
2561982,I`m sure  would know of more,2,1,positive,0.7090758085250854,logit_class_1,bert_finetune
2562301,45 minutes until im off from work. I guess i`ll go back to work in 15 minutes. It`s slow today thank god for one of those days,1,2,neutral,0.9579058885574341,logit_class_2,bert_finetune
2562381,everythings fine now,1,2,neutral,0.7177003622055054,logit_class_2,bert_finetune
2562534,Spending QT with the hubby,1,2,neutral,0.9983311295509338,logit_class_2,bert_finetune
2562738,"I`m the same way, but with Backstreet Boys. I remember gasping when they used 1 song on Chuck  I was like O.O OMFG NO WAY",0,2,neutral,0.993874728679657,logit_class_2,bert_finetune
2563002,: I love camp fires  I just wish the kids would try a bit harder to sing along,2,1,positive,0.9971519708633423,logit_class_1,bert_finetune
2563245,loves John Mayer`s updates.  And modeling in the hot sun... and being sweaty... jk. But seriously...,1,2,neutral,0.5145322680473328,logit_class_2,bert_finetune
2563305,"Some of the figures quoted are so wildly optimistic, they are the stuff of science fiction.  A bit disapointed in CIBER and SABIP",0,2,neutral,0.9565662741661072,logit_class_2,bert_finetune
2563491,"_Bones Four capital letters. Aye boy, same as that. I heart Justice.",2,1,positive,0.9009918570518494,logit_class_1,bert_finetune
2563533,_1988 cool i wish i could av gone 2 da 1 he did where i live but i couldnt,0,2,neutral,0.8172454237937927,logit_class_2,bert_finetune
2563725,dear ITTO what could possibly be THAT bad? Xo,2,0,negative,0.7013436555862427,logit_class_0,bert_finetune
2563775,"dude, come on... at least rotate that ****!",0,2,neutral,0.625505805015564,logit_class_2,bert_finetune
2563892,Pshh i dont have it,0,2,neutral,0.9768685698509216,logit_class_2,bert_finetune
2563939,oh i just check my stock port. My marketing was unable to buy me TICON at best price,1,2,neutral,0.9944002032279968,logit_class_2,bert_finetune
2563965,_grubb Sweet... my friend Kevin is joining us (but I have his #). Look 4 the girl carrying a backpack & boulder pad.,2,1,positive,0.7771922945976257,logit_class_1,bert_finetune
2563978,I may be telling myself that cos he never replies to me,0,2,neutral,0.9993953704833984,logit_class_2,bert_finetune
2564077,"Lol, yes  Hence my wanting to watch more!",2,1,positive,0.9485756158828735,logit_class_1,bert_finetune
2564177,"Bones (the show). Check. PB & J. Check. Writing my play. Check. The simple joys are still here, even if the greatest are gone.",1,2,neutral,0.9888822436332703,logit_class_2,bert_finetune
2564187,being LAME and not in deland with his favorite people,0,2,neutral,0.7415655851364136,logit_class_2,bert_finetune
2564212,Recovering from an Italian cruise in the Mediterenean,2,1,positive,0.9992305040359497,logit_class_1,bert_finetune
2564321,"Yeah, tried it. No go.",0,2,neutral,0.9977641105651855,logit_class_2,bert_finetune
2564322,and now! ITS #starwarsday!!!! To celebrate i should watch some star wars  - Richard,2,1,positive,0.7421087026596069,logit_class_1,bert_finetune
2564356,"do not go to moes mexican grill, it is TOO spicy!",0,2,neutral,0.9926343560218811,logit_class_2,bert_finetune
2564384,"Back then I didn`t know why you were misunderstood. So now I see thru ur eyes, all that u did was love. Mama, I love you",2,1,positive,0.9964115023612976,logit_class_1,bert_finetune
2564394,boring. i wanna go for taekwando,0,2,neutral,0.8827800154685974,logit_class_2,bert_finetune
2564568,Yes. I am secure in my masculinity.,1,2,neutral,0.9946643114089966,logit_class_2,bert_finetune
2564614,"woooooo im seeing you in glasgow when you come, september is agessss away but",1,2,neutral,0.9211506843566895,logit_class_2,bert_finetune
2564630,"I can`t have any pets in the appartment I really want, so no rat yet.",0,2,neutral,0.9959555864334106,logit_class_2,bert_finetune
2564641,you got it. poor thing not gonna have a choice for much longer though,1,2,neutral,0.7898304462432861,logit_class_2,bert_finetune
2564695,_Sunshine  I figured that... But I ended up taking my cousin to work in the Rain anyway...    But hit me up,2,0,negative,0.9254683256149292,logit_class_0,bert_finetune
2564756,"OMG, you have curly hair! Too cute!",1,2,neutral,0.604674756526947,logit_class_2,bert_finetune
2564841,"But anywho, I just got in and out of the pool within like 30 minutes because it`s about to start storming",1,2,neutral,0.9988391995429993,logit_class_2,bert_finetune
2565206,Same here!  I just wanted it to keep going and not end... ever! ;),2,1,positive,0.5664743185043335,logit_class_1,bert_finetune
2565431,I`m one tough momma. Put together a swing set for Tammy allll by myself today!  My hubby would be so proud of me. :],1,2,neutral,0.9525389671325684,logit_class_2,bert_finetune
2565615,Having really bad sorehead,2,0,negative,0.9993008375167847,logit_class_0,bert_finetune
2565762,"SUFFICATION NO BREATHING. It`s okay. There`ll be more. You`re invited to mine, but I can`t promise fun times.  *Jinx",0,2,neutral,0.9008772969245911,logit_class_2,bert_finetune
2565900,I don`t like Demi...I like La La Land and Don`t forget. Do you like Ashley Tisdale??,2,0,negative,0.6186431050300598,logit_class_0,bert_finetune
2565909,Watching maxium 100. Why can`t I look beautiful like those girls.,0,2,neutral,0.816997766494751,logit_class_2,bert_finetune
2566028,i`ve got nothing witty to tweet,1,2,neutral,0.49697548151016235,logit_class_2,bert_finetune
2566100,Have fun amorsote even tho u forgot my bday,1,2,neutral,0.8567490577697754,logit_class_2,bert_finetune
2566184,"Also, why are paracetamol so hard to swallow? Even when the long ones are snapped in half. Ow.",0,2,neutral,0.5809783935546875,logit_class_2,bert_finetune
2566212,found out my 'friend' isnt actually. but hey **** happens.,0,2,neutral,0.986375093460083,logit_class_2,bert_finetune
2566304,Just finished cleaning the bathroom.  Now I smell like clorox,0,2,neutral,0.9172643423080444,logit_class_2,bert_finetune
2566612,"_Cordon LOL, you`re welcome",2,1,positive,0.6909857988357544,logit_class_1,bert_finetune
2566633,"Having a Leatherman, is a MUST, really for anybody! You never know, when you might need one & it gets the job done.",1,2,neutral,0.603360116481781,logit_class_2,bert_finetune
2566813,I am filming musicans friends of mine   at a Legion  These people sure know how to dance,2,1,positive,0.9839802980422974,logit_class_1,bert_finetune
2566864,its mothers day,2,1,positive,0.6510435938835144,logit_class_1,bert_finetune
2567348,The race was Saturday night. Jimmie didn`t do so great. He`s still in 3rd place,0,2,neutral,0.7135937809944153,logit_class_2,bert_finetune
2567584,Mexico City traffic  Beating the rush hour to make it to the Aeropuerto,2,0,negative,0.7970714569091797,logit_class_0,bert_finetune
2567738,Is too much of a bro,0,2,neutral,0.966362714767456,logit_class_2,bert_finetune
2567911,"that sucks...wish we could get it there cheaper...   if you`re in montreal, there`s a cool shop that carries them up there!",2,0,negative,0.5544345378875732,logit_class_0,bert_finetune
2567988,**** I lost my Star Trek ring!    Starfleet Academy class ring w/ Golden Gate Bridge on it.  Got it as high school graduation present.,2,1,positive,0.7455180883407593,logit_class_1,bert_finetune
2567994,Ok.. so what do you think of a snapshot befoooore the vid recording on Seesmic so the ladies dont look like freaks? just sayin,0,2,neutral,0.8764793872833252,logit_class_2,bert_finetune
2568017,"I will have spent my allowance at cybernet expo in SF by then  send me a dm with rates, tho, mayb cash flo bttr 4 me then",1,2,neutral,0.998971700668335,logit_class_2,bert_finetune
2568232,reminds me of the weather a month ago it was horrible  I hope all is well hugs,2,1,positive,0.9964638352394104,logit_class_1,bert_finetune
2568397,"Morning folks! Light tweeting today (`Hurrah!` from the crowd!) `cos I`ve a busy Friday. Me inside, sunshine out.",1,2,neutral,0.6216805577278137,logit_class_2,bert_finetune
2568399,Got an email from  telling me I could have got my monday flight to SFO cheaper & Biz class if I had booked it tomorrow,0,1,positive,0.9577874541282654,logit_class_1,bert_finetune
2568530,Wish I lived in or atleast relatively close to Ohio!   Haven`t seen _Troy or _McLoven in almost a year.,0,2,neutral,0.8951817154884338,logit_class_2,bert_finetune
2568579,"4th time in 1 month that i`m spending time , for a broken airco this time.... sigh, great with this weekends weather",1,2,neutral,0.894167959690094,logit_class_2,bert_finetune
2568781,The apple keyboard is really cool. i want one. they used it in doctor who,1,2,neutral,0.6676482558250427,logit_class_2,bert_finetune
2568796,hmmmmï¿½being home isn`t *all* great  http://u.nu/8m68,1,2,neutral,0.5516985654830933,logit_class_2,bert_finetune
2568904,has found a free wifi point ... and it`s sunny,1,2,neutral,0.9961430430412292,logit_class_2,bert_finetune
2568918,I got dropped froma coupla ppl that were following me  **** Detroit Fans!!!,0,2,neutral,0.6669472455978394,logit_class_2,bert_finetune
2568922,No allowed a calculator for this exam despite it containing laths that is impossible to compute in my head.,0,2,neutral,0.9546791315078735,logit_class_2,bert_finetune
2569130,drugs are bad,2,0,negative,0.9451783299446106,logit_class_0,bert_finetune
2569283,haha... sorry  she should be in the whole like two people  follows,0,2,neutral,0.700082004070282,logit_class_2,bert_finetune
2569344,Going to bed. Goodnight!  x,1,2,neutral,0.506493866443634,logit_class_2,bert_finetune
2569363,Wow - that`s one deep sleep!  Wish I could sleep like that -one little noise and I`m awake,1,2,neutral,0.5080075860023499,logit_class_2,bert_finetune
2569493,it is sooo hard.... truck and fish please,0,2,neutral,0.6806256175041199,logit_class_2,bert_finetune
2569574,wondering what on earth is this new tools for,1,2,neutral,0.9982132911682129,logit_class_2,bert_finetune
2569580,A hungry fool. Ill probably never see that Krispy Kreme again. Had to enjoy it. They closing down,2,1,positive,0.9598394632339478,logit_class_1,bert_finetune
2569622,Tataindicom is not as good as Tatasky  Airtel broadband is better.,1,2,neutral,0.9979148507118225,logit_class_2,bert_finetune
2569856,i was in front of u the other day i waved and u didnt  off to eddie izzard now!,2,1,positive,0.7762917876243591,logit_class_1,bert_finetune
2569889,Morrissey cancelled on me,0,2,neutral,0.8453795909881592,logit_class_2,bert_finetune
2569901,"Alex slammed her head into the edge of the table about 30 min ago.  She`s going to have a nice, blue bruise.",0,2,neutral,0.977867841720581,logit_class_2,bert_finetune
2569943,I don`t know how to quit you-brokeback mountain,0,2,neutral,0.7831040024757385,logit_class_2,bert_finetune
2570137,would like to swap...i`m sitting with 3 grumpies,1,2,neutral,0.6947610974311829,logit_class_2,bert_finetune
2570210,OK guess I need to do actual work now.  How long until 5 pm? Oh no. I may have to ditch early.,0,2,neutral,0.9818233251571655,logit_class_2,bert_finetune
2570284,wants to hang out with friends SOON!,1,2,neutral,0.8484085202217102,logit_class_2,bert_finetune
2570370,I hate when a program freezes during installation.,0,2,neutral,0.5712971687316895,logit_class_2,bert_finetune
2570384,The hair looks sicckkkk.  Happy mothers day to all the mothers!,2,1,positive,0.9984737038612366,logit_class_1,bert_finetune
2570475,"you mean the post concert blues ;) *lol*  Well, I soooo know what you mean ...",2,1,positive,0.7176432013511658,logit_class_1,bert_finetune
2570586,ah yes dropping the bear thing  it`s such a lovely day here! Very odd for stafford!!,1,2,neutral,0.9066293239593506,logit_class_2,bert_finetune
2570658,Haha! Sometimes mobiles makes us slaves ... but it has its own advantages too!,2,1,positive,0.6816731095314026,logit_class_1,bert_finetune
2570700,"Yay, my train is late... It starts here but it`s 15 mins late arriving from London in the first place",0,2,neutral,0.7525461912155151,logit_class_2,bert_finetune
2570765,"Gain an instant follower, just use the #**** tag in a tweet. WTF? Lesson learned, Summer of Todd to get a new *official* tag.",2,1,positive,0.8332427144050598,logit_class_1,bert_finetune
2570823,I might give it another go.,1,2,neutral,0.8752021789550781,logit_class_2,bert_finetune
2570836,"No! Strange, each time we return I feel like I have come home and yet I have no Spanish blood that I know of....",2,1,positive,0.5284902453422546,logit_class_1,bert_finetune
2570940,I heard an icecream truck and took of like a shot but I couldn`t catch it.,0,2,neutral,0.8013483285903931,logit_class_2,bert_finetune
2571062,Iï¿½m good! You coming on just as Iï¿½m off to drive home...,2,1,positive,0.990494966506958,logit_class_1,bert_finetune
2571110,back home early for once  - wow this thing is getting addictive..................**** u phil XD,1,2,neutral,0.8912485837936401,logit_class_2,bert_finetune
2571150,"No, trying to reason with it. It didn`t listen",0,2,neutral,0.9608817100524902,logit_class_2,bert_finetune
2571366,got an A in english again  yay..  but a D- in maths,2,1,positive,0.9553976058959961,logit_class_1,bert_finetune
2571428,purrrrs.... ooooh that will do,2,1,positive,0.9553254842758179,logit_class_1,bert_finetune
2571567,**** Latvian beaurocracy. As a non-resident I can`t publish my braille highway code. Another blind alley  Woe is me. Anyone speak farsi?,2,0,negative,0.9802614450454712,logit_class_0,bert_finetune
2571961,i havent got poked much,0,2,neutral,0.9541177749633789,logit_class_2,bert_finetune
2572114,"angry, sad, happy, excited, i hate how my moods change  right now i am immensely sad =\",0,2,neutral,0.8954516649246216,logit_class_2,bert_finetune
2572147,Oh dear  #bgt,2,0,negative,0.6729224324226379,logit_class_0,bert_finetune
2572252,dont depress me  I have the mother-in-law staying the weekend. Someone else to wait on other than the kids!,0,2,neutral,0.9712319374084473,logit_class_2,bert_finetune
2572311,Omg i just seen the sun and the moon in the same place  this disproves my theory that they are the same person,0,2,neutral,0.9979860782623291,logit_class_2,bert_finetune
2572404,I don`t wanna be single the rest of my life,1,2,neutral,0.8461626172065735,logit_class_2,bert_finetune
2572995,@ it hurts me that my sister has so much potential and she isnt using any of it  what a waste of God-given talent.,2,0,negative,0.9982342720031738,logit_class_0,bert_finetune
2573065,"I cant sleep, but im too sore to move",0,2,neutral,0.7602445483207703,logit_class_2,bert_finetune
2573069,i think they are working why eyes are drooping  its so weird being under drugs i dont like it ... cant wait for tomorrow though,0,2,neutral,0.5495132803916931,logit_class_2,bert_finetune
2573104,phone updated and she`s got a camcorder on her phone now--mine hasn`t updated chit  that ain`t fair .,2,0,negative,0.9892838597297668,logit_class_0,bert_finetune
2573109,ahhh yay! I`m getting into it. Knockin` a lot out.,1,2,neutral,0.7285449504852295,logit_class_2,bert_finetune
2573193,i kno i doooo!!!!!!!!!! yall partyin with out me,0,1,positive,0.8773283958435059,logit_class_1,bert_finetune
2573375,dull life was on the soundtrack of one of my favourite showss,2,1,positive,0.9930737018585205,logit_class_1,bert_finetune
2573413,amason seems to think hamburger a-go-gos don`t get it till october! well now....,2,1,positive,0.756329357624054,logit_class_1,bert_finetune
2573419,Hahaha!! Tv isn`t really my thing anyway..I more of a music girl,1,2,neutral,0.8586676716804504,logit_class_2,bert_finetune
2573549,Bro. Martin!! I need you to repent!! Pam said we were going to get to meet you last wknd...,0,2,neutral,0.989747166633606,logit_class_2,bert_finetune
2573576,#myweawkness chocolate...i can`t say no,0,2,neutral,0.9750286340713501,logit_class_2,bert_finetune
2573691,Arrr. Exam is on next week.. Im dead.. bwahahaha..  I love you btw!!,2,1,positive,0.9857639670372009,logit_class_1,bert_finetune
2573715,Ohh boy my babys tooth came out !,0,2,neutral,0.6881707906723022,logit_class_2,bert_finetune
2573909,"No, but I missed you",0,2,neutral,0.6198252439498901,logit_class_2,bert_finetune
2573911,i have restricted driving priviledges...  and i didn`t even do anything. stupid double standards,2,0,negative,0.996675968170166,logit_class_0,bert_finetune
2573956,If you save these pix from the Today show please credit www.wireimage.com Thanks,1,2,neutral,0.6664842963218689,logit_class_2,bert_finetune
2574197,Just got refused a bottle of morgan`s in tesco despite saying helen could verify my age...  shocking... Just left all the shopping! X,0,2,neutral,0.9111920595169067,logit_class_2,bert_finetune
2574306,look who I found just for you  --->  http://twitter.com/DJT2009,1,2,neutral,0.9976019263267517,logit_class_2,bert_finetune
2574496,"@_Anix_ I bought cheesecake ice cream last week, thinking it was good, and it sucked so much.   I`m taking yours.",0,2,neutral,0.9023281335830688,logit_class_2,bert_finetune
2574818,"_Walker21 sadly no, I`ll be going to the killumbus show. I really want to but no one wants to drive me there",2,0,negative,0.9915366172790527,logit_class_0,bert_finetune
2574867,learning how to use twitter,2,1,positive,0.7111701369285583,logit_class_1,bert_finetune
2574940,Not only has it broken but it`s Monday!!Does this mean Monday can be fix`d?  ? http://blip.fm/~5jgio,0,2,neutral,0.6980105042457581,logit_class_2,bert_finetune
2574944,never trust someone else`s battery operated power tools when you`re in a hurry,1,0,negative,0.795825183391571,logit_class_0,bert_finetune
2575069,hello you!  you should totally go to the biggest shopping center in Europe and we can go shopping together   ****,2,1,positive,0.9345008730888367,logit_class_1,bert_finetune
2575073,i wish i wasn`t all  bummed but i kinda am,1,2,neutral,0.6307817101478577,logit_class_2,bert_finetune
2575104,productive day 1,1,2,neutral,0.9535963535308838,logit_class_2,bert_finetune
2575365,Youuuu`re an aaass  my aaass loooool,0,1,positive,0.6493017077445984,logit_class_1,bert_finetune
2575414,"Ha,  i`m giving spymaster a chance - just curious! will miss u",0,2,neutral,0.9393395185470581,logit_class_2,bert_finetune
2575632,My head hurts....  Can wait to see the new photoshoot!!!!!!!,2,0,negative,0.9892908930778503,logit_class_0,bert_finetune
2575649,"Well, she`s getting through.",1,2,neutral,0.9553468227386475,logit_class_2,bert_finetune
2575671,lol haha very funnyyy lol im talking to my bestfriend ashleyyyy!!!,2,1,positive,0.9308205842971802,logit_class_1,bert_finetune
2575965,I hope so too.  How are you?,1,2,neutral,0.7715173363685608,logit_class_2,bert_finetune
2576176,At social.  just saw G-1.. Awwww,1,2,neutral,0.9305317401885986,logit_class_2,bert_finetune
2576234,it is so unfair that all the good rock shows happen only in B`lore and Pune,1,0,negative,0.9727489948272705,logit_class_0,bert_finetune
2576244,_queen like it,1,2,neutral,0.9744764566421509,logit_class_2,bert_finetune
2576482,"Working... And attempting to keep squirrels away.............. Squirels 1, jesska 0   I should stick to spiders",0,2,neutral,0.9949544072151184,logit_class_2,bert_finetune
2576574,Listening to maylene and wondering why cant I pull off as many cool southern metal licks as them,0,2,neutral,0.9989758729934692,logit_class_2,bert_finetune
2576605,"I am having serious cig craving... head for kitchen, let the non smoker weight gain begin",2,0,negative,0.9484713673591614,logit_class_0,bert_finetune
2576643,"- I read that as follows: 'I`m a what?! What`d I do? Yes, she is rather simple. I miss you dicks too...   '",2,0,negative,0.5292235016822815,logit_class_0,bert_finetune
2576668,"Sitting in an almost empty dorm, waiting for jordan to come to take some last things and say good bye. He graduates tomorrow.",2,1,positive,0.7052441239356995,logit_class_1,bert_finetune
2576827,My cankle is sore.,0,2,neutral,0.9980548620223999,logit_class_2,bert_finetune
2576974,everyones just set to 'Away' on msn.. nobody to talk to :\,0,2,neutral,0.9982638955116272,logit_class_2,bert_finetune
2577200,I lost 15 dollars. I always lose my money,2,0,negative,0.9683856964111328,logit_class_0,bert_finetune
2577386,hahahaha where is that train? I want on! That should be a wild ride,1,2,neutral,0.8682494163513184,logit_class_2,bert_finetune
2577433,Wish my headache/almost migraine would go away!,2,0,negative,0.5033438801765442,logit_class_0,bert_finetune
2577619,Gday... Do you know if NHibernate has issues with COM Interop (VB6 <-> .Net Wrapper <-> .Net+NHibernate dll)? I`m getting crazy,2,0,negative,0.9007455110549927,logit_class_0,bert_finetune
2577639,Oh It was marathon ****? mahasha,2,0,negative,0.9369152784347534,logit_class_0,bert_finetune
2577657,"Bored, making a mothers day card",2,0,negative,0.9956623911857605,logit_class_0,bert_finetune
